customerID,Churn_Probability,Churn_Probability_%,Risk_Category
7590-VHVEG,0.37001783801155774,37.001783801155774,Medium Risk
5575-GNVDE,0.08911692851228672,8.911692851228672,Low Risk
3668-QPYBK,0.511395373861529,51.1395373861529,Medium Risk
7795-CFOCW,0.016482072391503632,1.6482072391503633,Low Risk
9237-HQITU,0.6600224322875703,66.00224322875702,High Risk
9305-CDSKC,0.8088473566782365,80.88473566782365,High Risk
1452-KIOVK,0.5141637102289325,51.416371022893244,Medium Risk
6713-OKOMC,0.2451586923977665,24.51586923977665,Low Risk
7892-POOKP,0.6202180487580522,62.021804875805216,High Risk
6388-TABGU,0.024986025924516764,2.498602592451676,Low Risk
9763-GRSKD,0.282606412667347,28.260641266734698,Low Risk
7469-LKBCI,0.0016338647395280834,0.16338647395280834,Low Risk
8091-TTVAX,0.1711256126572344,17.11256126572344,Low Risk
0280-XJGEX,0.5680913664204545,56.80913664204545,Medium Risk
5129-JLPIS,0.36340301954464654,36.34030195446466,Medium Risk
3655-SNQYZ,0.0028636588578209855,0.28636588578209854,Low Risk
8191-XWSZG,0.02618971415167404,2.618971415167404,Low Risk
9959-WOFKT,0.0037625194304229575,0.37625194304229576,Low Risk
4190-MFLUW,0.19956312486298583,19.956312486298582,Low Risk
4183-MYFRB,0.5564649150095696,55.64649150095696,Medium Risk
8779-QRDMV,0.6389120593804407,63.891205938044074,High Risk
1680-VDCWW,0.03652146066651637,3.6521460666516368,Low Risk
1066-JKSGK,0.17990763293162448,17.99076329316245,Low Risk
3638-WEABW,0.0025550715074954392,0.25550715074954394,Low Risk
6322-HRPFA,0.04609474793996507,4.609474793996507,Low Risk
6865-JZNKO,0.16863485693225708,16.86348569322571,Low Risk
6467-CHFZW,0.6220035661948825,62.200356619488254,High Risk
8665-UTDHZ,0.40989147566143036,40.98914756614304,Medium Risk
5248-YGIJN,0.0020623401613310346,0.20623401613310346,Low Risk
8773-HHUOZ,0.6842481059955768,68.42481059955769,High Risk
3841-NFECX,0.0026600673612099048,0.26600673612099046,Low Risk
4929-XIHVW,0.6513127570828627,65.13127570828627,High Risk
6827-IEAUQ,0.06626552016982162,6.626552016982163,Low Risk
7310-EGVHZ,0.10051238332953127,10.051238332953128,Low Risk
3413-BMNZE,0.3565738261604519,35.65738261604519,Medium Risk
6234-RAAPL,0.0016152343611385434,0.16152343611385434,Low Risk
6047-YHPVI,0.5802824305115758,58.02824305115758,Medium Risk
6572-ADKRS,0.27114538492930834,27.114538492930834,Low Risk
5380-WJKOV,0.6603378918265635,66.03378918265635,High Risk
8168-UQWWF,0.7382376444474559,73.82376444474559,High Risk
8865-TNMNX,0.21127321284007386,21.127321284007387,Low Risk
9489-DEDVP,0.002493128004614617,0.2493128004614617,Low Risk
9867-JCZSP,0.05600712949896546,5.600712949896546,Low Risk
4671-VJLCL,0.0020143759878706166,0.20143759878706166,Low Risk
4080-IIARD,0.2810254443789394,28.10254443789394,Low Risk
3714-NTNFO,0.4298230206811051,42.98230206811051,Medium Risk
5948-UJZLF,0.4358338370030673,43.58338370030673,Medium Risk
7760-OYPDY,0.717856131849141,71.7856131849141,High Risk
7639-LIAYI,0.002825535317490063,0.2825535317490063,Low Risk
2954-PIBKO,0.0010706382004534811,0.10706382004534812,Low Risk
8012-SOUDQ,0.5423132387037033,54.23132387037033,Medium Risk
9420-LOJKX,0.5672152145210925,56.72152145210924,Medium Risk
6575-SUVOI,0.2182280613479891,21.82280613479891,Low Risk
7495-OOKFY,0.6426290003982231,64.26290003982231,High Risk
4667-QONEA,0.04715265008964399,4.7152650089643995,Low Risk
1658-BYGOY,0.7932880298108324,79.32880298108323,High Risk
8769-KKTPH,0.11857154305564387,11.857154305564386,Low Risk
5067-XJQFU,0.20631869770499323,20.63186977049932,Low Risk
3957-SQXML,0.0013010623981250546,0.13010623981250546,Low Risk
5954-BDFSG,0.005726372795897776,0.5726372795897776,Low Risk
0434-CSFON,0.5200005364926208,52.00005364926208,Medium Risk
1215-FIGMP,0.2834674634826388,28.346746348263878,Low Risk
0526-SXDJP,0.0007222442145814487,0.07222442145814487,Low Risk
0557-ASKVU,0.09823077669033106,9.823077669033106,Low Risk
5698-BQJOH,0.7210399810862552,72.10399810862552,High Risk
5122-CYFXA,0.4724014857972501,47.24014857972501,Medium Risk
8627-ZYGSZ,0.20506201750770917,20.506201750770916,Low Risk
3410-YOQBQ,0.010674982631679104,1.0674982631679104,Low Risk
3170-NMYVV,0.0006501720070766225,0.06501720070766225,Low Risk
7410-OIEDU,0.41088185677318184,41.08818567731819,Medium Risk
2273-QCKXA,0.2970975413373197,29.70975413373197,Low Risk
0731-EBJQB,0.02648276950509073,2.648276950509073,Low Risk
1891-QRQSA,0.004425321788435665,0.4425321788435665,Low Risk
8028-PNXHQ,0.00072520447309984,0.072520447309984,Low Risk
5630-AHZIL,0.2210675379986546,22.106753799865462,Low Risk
2673-CXQEU,0.23411279078787628,23.41127907878763,Low Risk
6416-JNVRK,0.09756997859029798,9.756997859029799,Low Risk
5590-ZSKRV,0.2933594362526147,29.335943625261468,Low Risk
0191-ZHSKZ,0.40337365189612384,40.337365189612385,Medium Risk
3887-PBQAO,0.027560061497057527,2.756006149705753,Low Risk
5919-TMRGD,0.7119504069821273,71.19504069821274,High Risk
8108-UXRQN,0.262750751576217,26.275075157621703,Low Risk
9191-MYQKX,0.5724383512335178,57.243835123351786,Medium Risk
9919-YLNNG,0.3126179999517386,31.26179999517386,Medium Risk
0318-ZOPWS,0.0009596067045296076,0.09596067045296076,Low Risk
4445-ZJNMU,0.6888158446077292,68.88158446077291,High Risk
4808-YNLEU,0.08688357170136082,8.688357170136083,Low Risk
1862-QRWPE,0.0006868115869134931,0.06868115869134932,Low Risk
2796-NNUFI,0.0016617276228120916,0.16617276228120917,Low Risk
3016-KSVCP,0.2648912362434111,26.48912362434111,Low Risk
4767-HZZHQ,0.2570845546686756,25.70845546686756,Low Risk
2424-WVHPL,0.39331264656571435,39.331264656571435,Medium Risk
7233-PAHHL,0.003494849657377233,0.3494849657377233,Low Risk
6067-NGCEU,0.2667513757078172,26.67513757078172,Low Risk
9848-JQJTX,0.01021265512757552,1.021265512757552,Low Risk
8637-XJIVR,0.4896663301708795,48.96663301708795,Medium Risk
9803-FTJCG,0.019066750083690607,1.9066750083690607,Low Risk
0278-YXOOG,0.23805006801128498,23.8050068011285,Low Risk
3212-KXOCR,0.0006133481023338854,0.06133481023338854,Low Risk
4598-XLKNJ,0.785308394234251,78.5308394234251,High Risk
6380-ARCEH,0.1632101240956728,16.321012409567278,Low Risk
3679-XASPY,0.15972532770811373,15.972532770811373,Low Risk
7123-WQUHX,0.11430417208598964,11.430417208598964,Low Risk
5386-THSLQ,0.06534712039714799,6.534712039714799,Low Risk
3192-NQECA,0.01058224070705118,1.058224070705118,Low Risk
6180-YBIQI,0.3070264697628094,30.70264697628094,Medium Risk
6728-DKUCO,0.1473358385296083,14.73358385296083,Low Risk
9750-BOOHV,0.06920902815958004,6.920902815958003,Low Risk
8597-CWYHH,0.30830063964692284,30.830063964692282,Medium Risk
2848-YXSMW,0.0003415377388819399,0.03415377388819399,Low Risk
0486-HECZI,0.30212793623004436,30.212793623004437,Medium Risk
4549-ZDQYY,0.023959874720561974,2.3959874720561976,Low Risk
5712-AHQNN,0.43473146850781796,43.473146850781795,Medium Risk
4846-WHAFZ,0.5497856068174846,54.978560681748455,Medium Risk
5256-SKJGO,0.0030983706762559094,0.30983706762559093,Low Risk
3071-VBYPO,0.38727887096719965,38.72788709671997,Medium Risk
9560-BBZXK,0.0017174008633220545,0.17174008633220544,Low Risk
5299-RULOA,0.6719703197782673,67.19703197782673,High Risk
8402-OOOHJ,0.0015980857403880954,0.15980857403880955,Low Risk
9445-ZUEQE,0.2421940747740138,24.21940747740138,Low Risk
1091-SOZGA,0.22204177437509828,22.204177437509827,Low Risk
2928-HLDBA,0.16190769840912064,16.190769840912065,Low Risk
0404-SWRVG,0.6816037245010352,68.16037245010352,High Risk
6497-TILVL,0.3004124521477511,30.04124521477511,Medium Risk
7219-TLZHO,0.1555665351020781,15.556653510207811,Low Risk
4622-YNKIJ,0.005447891228480261,0.544789122848026,Low Risk
4412-YLTKF,0.6437279169923387,64.37279169923387,High Risk
6734-PSBAW,0.0006203615761102128,0.06203615761102128,Low Risk
3930-ZGWVE,0.18071829814978574,18.071829814978575,Low Risk
2639-UGMAZ,0.07555270825232124,7.555270825232125,Low Risk
2876-GZYZC,0.5967157035656879,59.67157035656879,Medium Risk
6207-WIOLX,0.34501313385855165,34.50131338585516,Medium Risk
8587-XYZSF,0.0009932779495361403,0.09932779495361403,Low Risk
3091-FYHKI,0.5396144263893486,53.96144263893486,Medium Risk
2372-HWUHI,0.5059167212235954,50.59167212235954,Medium Risk
7799-LGRDP,0.00148882640804419,0.148882640804419,Low Risk
7850-VWJUU,0.23996287507806244,23.996287507806244,Low Risk
3774-VBNXY,0.0007925413669414199,0.07925413669414198,Low Risk
6217-KDYWC,0.0011436758373121233,0.11436758373121234,Low Risk
0390-DCFDQ,0.729007728607877,72.9007728607877,High Risk
3146-MSEGF,0.0030081607699209644,0.30081607699209645,Low Risk
4080-OGPJL,0.36921317895647315,36.92131789564731,Medium Risk
1095-WGNGG,0.011922017889088867,1.1922017889088867,Low Risk
2636-SJDOU,0.06911288330245474,6.911288330245474,Low Risk
1131-QQZEB,0.0006761657989624978,0.06761657989624978,Low Risk
5716-EZXZN,0.0025530713697808167,0.25530713697808166,Low Risk
6837-BJYDQ,0.07733351435788698,7.733351435788697,Low Risk
2135-RXIHG,0.5623808865571404,56.23808865571404,Medium Risk
6440-DKQGE,0.12909688228822347,12.909688228822347,Low Risk
3466-BYAVD,0.37497644169106725,37.49764416910673,Medium Risk
3780-YVMFA,0.4702662756736603,47.02662756736603,Medium Risk
3874-EQOEP,0.7708515497630818,77.08515497630817,High Risk
1679-JRFBR,0.12425877077632175,12.425877077632174,Low Risk
9073-ZZIAY,0.002065467810191937,0.20654678101919371,Low Risk
3077-RSNTJ,0.16204698326384162,16.20469832638416,Low Risk
6551-GNYDG,0.43527348354602535,43.52734835460254,Medium Risk
9167-APMXZ,0.540714783473253,54.0714783473253,Medium Risk
2749-CTKAJ,0.04509001703907566,4.5090017039075665,Low Risk
6371-NZYEG,0.00840444942444785,0.840444942444785,Low Risk
7554-NEWDD,0.002259762885068837,0.2259762885068837,Low Risk
8992-VONJD,0.2833295427935157,28.33295427935157,Low Risk
0867-MKZVY,0.43900722806736575,43.900722806736574,Medium Risk
4482-EWFMI,0.5274936894566862,52.74936894566862,Medium Risk
4648-YPBTM,0.004118095955253653,0.4118095955253653,Low Risk
2907-ILJBN,0.06641304073858663,6.641304073858663,Low Risk
6345-FZOQH,0.0006891070101182912,0.06891070101182911,Low Risk
3376-BMGFE,0.5647232366323791,56.47232366323791,Medium Risk
5997-OPVFA,0.0020278109091408135,0.20278109091408136,Low Risk
3445-HXXGF,0.37954821695439916,37.95482169543992,Medium Risk
1159-WFSGR,0.10606612469944486,10.606612469944485,Low Risk
7654-YWJUF,0.05173720283792375,5.173720283792375,Low Risk
1875-QIVME,0.732544278061876,73.2544278061876,High Risk
6727-IOTLZ,0.01331850409970061,1.331850409970061,Low Risk
0691-JVSYA,0.31182757940171885,31.182757940171886,Medium Risk
5918-VUKWP,0.025098188805455102,2.5098188805455104,Low Risk
1744-JHKYS,0.10044625190486697,10.044625190486697,Low Risk
2656-FMOKZ,0.7556015037226529,75.56015037226528,High Risk
2070-FNEXE,0.36769832984325607,36.7698329843256,Medium Risk
5947-SGKCL,0.5911390306907847,59.11390306907847,Medium Risk
3712-PKXZA,0.014280730593524023,1.4280730593524023,Low Risk
6317-YPKDH,0.3018746349090643,30.18746349090643,Medium Risk
6582-OIVSP,0.44128085742594836,44.128085742594834,Medium Risk
9367-WXLCH,0.5934722335650772,59.34722335650772,Medium Risk
5524-KHNJP,0.09704932145261255,9.704932145261255,Low Risk
1918-ZBFQJ,0.6566730400661719,65.66730400661719,High Risk
1024-GUALD,0.44178418196643837,44.17841819664384,Medium Risk
4827-USJHP,0.39588304514854483,39.588304514854485,Medium Risk
8167-GJLRN,0.17935225606201122,17.935225606201122,Low Risk
0956-SYCWG,0.05854296771545978,5.854296771545978,Low Risk
8017-UVSZU,0.21146780703725535,21.146780703725536,Low Risk
7100-FQPRV,0.0477584611742534,4.77584611742534,Low Risk
2472-OVKUP,0.7216273834211708,72.16273834211708,High Risk
2984-RGEYA,0.0003994680959580343,0.039946809595803434,Low Risk
9680-NIAUV,0.004663375358047943,0.4663375358047943,Low Risk
2146-EGVDT,0.00048214787052641846,0.048214787052641844,Low Risk
2604-IJPDU,0.3228756880964652,32.28756880964652,Medium Risk
9178-JHUVJ,0.0019198716775991175,0.19198716775991176,Low Risk
6168-YBYNP,0.3318665173791642,33.18665173791642,Medium Risk
7255-SSFBC,0.004905050265453538,0.4905050265453538,Low Risk
3645-DEYGF,0.1523293498154339,15.232934981543389,Low Risk
9323-HGFWY,0.12099932021440707,12.099932021440708,Low Risk
8544-GOQSH,0.28868546875984785,28.868546875984784,Low Risk
3363-DTIVD,0.005606103699902057,0.5606103699902056,Low Risk
7018-WBJNK,0.49373448040814194,49.373448040814196,Medium Risk
9142-KZXOP,0.20213948505886445,20.213948505886446,Low Risk
7674-YTAFD,0.10868674017287708,10.868674017287708,Low Risk
6348-SNFUS,0.0007369825414389884,0.07369825414389884,Low Risk
1285-OKIPP,0.6613539335632456,66.13539335632456,High Risk
7825-ECJRF,0.4895390315054988,48.953903150549884,Medium Risk
1347-KTTTA,0.10803688217151573,10.803688217151572,Low Risk
7841-TZDMQ,0.47380797066067665,47.380797066067665,Medium Risk
4195-NZGTA,0.3006439223195903,30.06439223195903,Medium Risk
7157-SMCFK,0.0007838131303723289,0.07838131303723289,Low Risk
4709-LKHYG,0.03693737674592983,3.6937376745929833,Low Risk
2504-DSHIH,0.5355428207018599,53.55428207018599,Medium Risk
0699-NDKJM,0.13635997447855847,13.635997447855846,Low Risk
9286-BHDQG,0.000389194218497225,0.0389194218497225,Low Risk
0230-WEQUW,0.0008580060850472114,0.08580060850472114,Low Risk
2040-LDIWQ,0.003720865137494686,0.3720865137494686,Low Risk
6496-JDSSB,0.4736701178599899,47.36701178599899,Medium Risk
9408-SSNVZ,0.6528521381590342,65.28521381590342,High Risk
4443-EMBNA,0.0005365284965737491,0.053652849657374914,Low Risk
6469-MRVET,0.07882516550255361,7.882516550255361,Low Risk
0742-MOABM,0.30827262807485056,30.827262807485056,Medium Risk
5961-VUSRV,0.052747062287141766,5.274706228714177,Low Risk
6778-JFCMK,0.1589299124450543,15.892991244505431,Low Risk
6341-JVQGF,0.12890860140321475,12.890860140321475,Low Risk
2232-DMLXU,0.642392329798102,64.2392329798102,High Risk
4811-JBUVU,0.2902269427073937,29.02269427073937,Low Risk
0945-TSONX,0.003403403942163709,0.3403403942163709,Low Risk
2651-ZCBXV,0.00462656422979349,0.46265642297934906,Low Risk
3316-UWXUY,0.12866553483535603,12.866553483535604,Low Risk
8937-RDTHP,0.6459369287808582,64.59369287808582,High Risk
7083-MIOPC,0.000422762047338119,0.042276204733811905,Low Risk
1984-GPTEH,0.1079037969660257,10.790379696602571,Low Risk
1251-KRREG,0.6759568976400675,67.59568976400675,High Risk
0621-JFHOL,0.00699872050233034,0.699872050233034,Low Risk
9903-LYSAB,0.4759240757367128,47.59240757367128,Medium Risk
0094-OIFMO,0.813616025651159,81.3616025651159,High Risk
9227-UAQFT,0.0027445997467223098,0.274459974672231,Low Risk
7301-ABVAD,0.0029540879748500845,0.2954087974850085,Low Risk
6614-FHDBO,0.0043504955420935855,0.43504955420935854,Low Risk
7576-ASEJU,0.060382112192802304,6.03821121928023,Low Risk
9058-HRZSV,0.254799210051719,25.479921005171903,Low Risk
4522-AKYLR,0.5145198321229879,51.45198321229879,Medium Risk
0221-WMXNQ,0.3863446381178268,38.63446381178268,Medium Risk
0303-UNCIP,0.20510253293964842,20.51025329396484,Low Risk
9947-OTFQU,0.6724071322221546,67.24071322221546,High Risk
0322-YINQP,0.4957233899953513,49.572338999535134,Medium Risk
0959-WHOKV,0.23173464587487674,23.173464587487675,Low Risk
4075-JFPGR,0.16690241358307573,16.690241358307574,Low Risk
4629-NRXKX,0.5896614056714481,58.96614056714481,Medium Risk
9514-JDSKI,0.5665166116379745,56.65166116379745,Medium Risk
3282-ZISZV,0.12500633680203643,12.500633680203643,Low Risk
3675-YDUPJ,0.17060435931324544,17.060435931324545,Low Risk
4111-BNXIF,0.003208386488006039,0.32083864880060387,Low Risk
7017-VFHAY,0.0033274249817541244,0.33274249817541246,Low Risk
6655-LHBYW,0.08515436053762353,8.515436053762352,Low Risk
4959-JOSRX,0.5021448124084665,50.21448124084665,Medium Risk
5046-NUHWD,0.2792641070679516,27.926410706795156,Low Risk
7273-TEFQD,0.5892511896537098,58.925118965370984,Medium Risk
3606-TWKGI,0.8317386605518642,83.17386605518642,High Risk
7529-ZDFXI,0.5132150045184699,51.321500451846994,Medium Risk
7605-BDWDC,0.0021776491481504253,0.21776491481504254,Low Risk
1950-KSVVJ,0.16340973768364025,16.340973768364027,Low Risk
0123-CRBRT,0.0036790812723953062,0.36790812723953065,Low Risk
6292-TOSSS,0.0008394605713613299,0.08394605713613298,Low Risk
3197-ARFOY,0.5365975607942101,53.65975607942101,Medium Risk
6323-AYBRX,0.0016178789531029402,0.16178789531029403,Low Risk
7014-ZZXAW,0.0007241889210606632,0.07241889210606632,Low Risk
4385-GZQXV,0.6807663693289638,68.07663693289638,High Risk
7633-MVPUY,0.0015626274527202153,0.15626274527202152,Low Risk
6366-ZGQGL,0.3243317963048051,32.43317963048051,Medium Risk
4716-HHKQH,0.5044096753924369,50.44096753924369,Medium Risk
5940-AHUHD,0.6328013633862174,63.28013633862174,High Risk
6432-TWQLB,0.5609923561690814,56.09923561690814,Medium Risk
4484-GLZOU,0.656166169409559,65.6166169409559,High Risk
3179-GBRWV,0.3205607928239515,32.05607928239515,Medium Risk
8645-KWHJO,0.302895093487171,30.289509348717097,Medium Risk
4130-MZLCC,0.31266866366605245,31.266866366605246,Medium Risk
0314-TKOSI,0.3194896734113971,31.94896734113971,Medium Risk
8229-MYEJZ,0.3703687122444442,37.03687122444442,Medium Risk
2080-SRCDE,0.19890059646939603,19.890059646939605,Low Risk
9577-WJVCQ,0.11774318046510483,11.774318046510484,Low Risk
9512-UIBFX,0.6266280406294428,62.662804062944275,High Risk
6202-DYYFX,0.2330798489424384,23.30798489424384,Low Risk
3808-HFKDE,0.3644331196310876,36.44331196310876,Medium Risk
5583-SXDAG,0.5852488276505282,58.52488276505282,Medium Risk
3488-PGMQJ,0.7011181484746327,70.11181484746328,High Risk
3580-REOAC,0.4397504559246825,43.97504559246825,Medium Risk
7534-BFESC,0.6027954815772609,60.27954815772609,High Risk
3727-OWVYD,0.0936686673788351,9.36686673788351,Low Risk
2294-SALNE,0.15270410381141414,15.270410381141414,Low Risk
4847-TAJYI,0.7175260011563649,71.75260011563648,High Risk
1563-IWQEX,0.14615055318529654,14.615055318529654,Low Risk
8203-XJZRC,0.16311413307265718,16.311413307265717,Low Risk
6556-DBKZF,0.004304208451905881,0.4304208451905881,Low Risk
6851-WEFYX,0.6246831665543309,62.468316655433085,High Risk
2985-JUUBZ,0.43489424765003315,43.489424765003314,Medium Risk
6390-DSAZX,0.5867158280014411,58.67158280014411,Medium Risk
0895-LMRSF,0.23464003487815172,23.464003487815173,Low Risk
8098-LLAZX,0.850840409165827,85.08404091658271,High Risk
8266-VBFQL,0.5443744309228687,54.43744309228688,Medium Risk
8181-YHCMF,0.0016433963830615103,0.16433963830615103,Low Risk
2240-HSJQD,0.4257029979685329,42.57029979685329,Medium Risk
1248-DYXUB,0.0012492430164222333,0.12492430164222333,Low Risk
0265-EDXBD,0.6183236808366851,61.83236808366851,High Risk
4115-BNPJY,0.008265171332282176,0.8265171332282175,Low Risk
3167-SNQPL,0.5390905533534892,53.909055335348924,Medium Risk
4091-TVOCN,0.1099156382292848,10.99156382292848,Low Risk
1098-TDVUQ,0.137923989105324,13.7923989105324,Low Risk
7277-OZCGZ,0.3172431401989669,31.72431401989669,Medium Risk
1557-EMYVT,0.005412105860586241,0.541210586058624,Low Risk
2799-ARNLO,0.5872410595122028,58.72410595122028,Medium Risk
7563-BIUPC,0.6832817070429813,68.32817070429813,High Risk
5027-YOCXN,0.07288849753482135,7.288849753482135,Low Risk
3973-SKMLN,0.0005079642393558775,0.05079642393558775,Low Risk
2321-OMBXY,0.09084574711260274,9.084574711260274,Low Risk
2840-XANRC,0.7555957510428124,75.55957510428124,High Risk
6745-JEFZB,0.25528253061241657,25.528253061241656,Low Risk
5020-ZSTTY,0.11946719485103399,11.946719485103399,Low Risk
9880-TDQAC,0.002814412699231176,0.28144126992311763,Low Risk
8705-WZCYL,0.42469756695626376,42.46975669562637,Medium Risk
7102-JJVTX,0.14438489417803294,14.438489417803293,Low Risk
8626-PTQGE,0.0010742153864679083,0.10742153864679084,Low Risk
4983-CLMLV,0.337702881885315,33.7702881885315,Medium Risk
5701-YVSVF,0.4965676876794911,49.65676876794911,Medium Risk
5804-LEPIM,0.7267967306599563,72.67967306599563,High Risk
5697-GOMBF,0.3447937430073599,34.47937430073599,Medium Risk
2739-CACDQ,0.5092002801906668,50.92002801906668,Medium Risk
9385-EHGDO,0.0022134052211866487,0.22134052211866487,Low Risk
9498-FIMXL,0.09703680460227737,9.703680460227737,Low Risk
2379-GYFLQ,0.21240741860169085,21.240741860169084,Low Risk
0122-OAHPZ,0.6887041904005853,68.87041904005852,High Risk
2868-SNELZ,0.7147297075706874,71.47297075706874,High Risk
4322-RCYMT,0.0906886533903063,9.06886533903063,Low Risk
6680-NENYN,0.04885135371606989,4.885135371606989,Low Risk
2088-IEBAU,0.0039092247945963455,0.39092247945963454,Low Risk
7982-VCELR,0.4464544284118419,44.64544284118419,Medium Risk
1343-EHPYB,0.5875939252220003,58.759392522200024,Medium Risk
6035-BXTTY,0.1689874699069372,16.89874699069372,Low Risk
6885-PKOAM,0.0019131742073669842,0.1913174207366984,Low Risk
7520-HQWJU,0.0994699918245066,9.946999182450659,Low Risk
9639-BUJXT,0.0179006947205604,1.7900694720560402,Low Risk
5924-SNGKP,0.024772422124926086,2.477242212492609,Low Risk
0021-IKXGC,0.6647647112362413,66.47647112362412,High Risk
2034-GDRCN,0.7555327227758887,75.55327227758887,High Risk
8966-SNIZF,0.00042737221785584407,0.04273722178558441,Low Risk
6243-OZGFH,0.38763457332495277,38.76345733249528,Medium Risk
4654-DLAMQ,0.09256223204917086,9.256223204917086,Low Risk
0513-RBGPE,0.002145962382196012,0.21459623821960122,Low Risk
5160-UXJED,0.17676519959343936,17.676519959343935,Low Risk
4115-NZRKS,0.7955600541820055,79.55600541820054,High Risk
0219-YTZUE,0.6166499520100037,61.66499520100037,High Risk
0623-IIHUG,0.40652666267136733,40.65266626713673,Medium Risk
4572-DVCGN,0.6140178896420561,61.40178896420561,High Risk
3351-NGXYI,0.3854260124562825,38.54260124562825,Medium Risk
8984-EYLLL,0.00869121223645079,0.8691212236450789,Low Risk
9057-MSWCO,0.1914607562058318,19.14607562058318,Low Risk
9833-TGFHX,0.17757343780423562,17.75734378042356,Low Risk
9294-TDIPC,0.1420547273750806,14.20547273750806,Low Risk
5229-DTFYB,0.008767990295320589,0.8767990295320589,Low Risk
0104-PPXDV,0.052721740272819145,5.272174027281914,Low Risk
5176-LMJXE,0.0017882916608207978,0.17882916608207977,Low Risk
3583-KRKMD,0.2296889180032458,22.96889180032458,Low Risk
1010-DIAUQ,0.6374282791458594,63.742827914585945,High Risk
9069-LGEUL,0.21338014827998955,21.338014827998954,Low Risk
7302-ZHMHP,0.18037187170580407,18.037187170580406,Low Risk
9571-EDEBV,0.17080204781894356,17.080204781894356,Low Risk
3520-FJGCV,0.0031457882863593005,0.31457882863593006,Low Risk
6563-VRERX,0.034295329844080985,3.4295329844080986,Low Risk
0259-GBZSH,0.7382765618404864,73.82765618404864,High Risk
6122-EFVKN,0.0018755155358577019,0.1875515535857702,Low Risk
2805-EDJPQ,0.11804199463952207,11.804199463952207,Low Risk
6862-CQUMB,0.4115247652094585,41.152476520945854,Medium Risk
7156-MXBJE,0.11755329913181269,11.755329913181269,Low Risk
6158-HDPXZ,0.3889139859234245,38.891398592342455,Medium Risk
9601-BRXPO,0.5469624402788421,54.69624402788421,Medium Risk
2863-IMQDR,0.0033717657709231544,0.33717657709231547,Low Risk
5686-CMAWK,0.1750358844141099,17.50358844141099,Low Risk
5651-CRHKQ,0.09797801472690854,9.797801472690853,Low Risk
6905-NIQIN,0.5767391041118632,57.67391041118633,Medium Risk
8204-YJCLA,0.0013764087532790962,0.1376408753279096,Low Risk
5167-ZFFMM,0.6596586565759383,65.96586565759382,High Risk
6583-SZVGP,0.01704177031430273,1.704177031430273,Low Risk
4895-TMWIR,0.2736029018770596,27.36029018770596,Low Risk
0533-BNWKF,0.5786197929654898,57.86197929654898,Medium Risk
1708-PBBOA,0.057592985196805856,5.759298519680586,Low Risk
8782-LKFPK,0.4951005808750097,49.510058087500965,Medium Risk
5522-JBWMO,0.358773847925835,35.8773847925835,Medium Risk
3597-MVHJT,0.5069654536570242,50.69654536570242,Medium Risk
9774-NRNAU,0.38914761181228863,38.91476118122886,Medium Risk
0224-RLWWD,0.5236601860345698,52.36601860345698,Medium Risk
9967-ATRFS,0.1266512972993187,12.66512972993187,Low Risk
3951-NJCVI,0.5984601445864295,59.84601445864295,Medium Risk
2977-CEBSX,0.0026963618553873924,0.26963618553873925,Low Risk
0177-PXBAT,0.304547285783527,30.454728578352704,Medium Risk
6599-CEBNN,0.4567206177027526,45.672061770275256,Medium Risk
2519-ERQOJ,0.29212453111219416,29.212453111219418,Low Risk
5876-QMYLD,0.04880451063867616,4.880451063867616,Low Risk
2277-AXSDC,0.025343241857177,2.5343241857176997,Low Risk
9442-JTWDL,0.04310502322900229,4.310502322900229,Low Risk
0979-PHULV,0.33874531514999845,33.874531514999845,Medium Risk
3067-SVMTC,0.013714311834741064,1.3714311834741064,Low Risk
5495-GPSRW,0.0033113623003764945,0.33113623003764947,Low Risk
7606-BPHHN,0.0004980914251681294,0.04980914251681294,Low Risk
4742-DRORA,0.0889735702867734,8.89735702867734,Low Risk
0111-KLBQG,0.6298734323064655,62.98734323064655,High Risk
4800-VHZKI,0.3279688119021798,32.79688119021798,Medium Risk
7989-CHGTL,0.3060159301673209,30.601593016732092,Medium Risk
0334-GDDSO,0.7556145565724751,75.5614556572475,High Risk
4163-NCJAK,0.028965436250645567,2.896543625064557,Low Risk
5233-AOZUF,0.44335337118259394,44.335337118259396,Medium Risk
5973-EJGDP,0.25539590750258984,25.539590750258984,Low Risk
1996-DBMUS,0.2976767070745827,29.767670707458272,Low Risk
7916-VCCPB,0.3292581588690842,32.925815886908424,Medium Risk
4686-GEFRM,0.004282456183737369,0.42824561837373687,Low Risk
5249-QYHEX,0.002480998106126874,0.2480998106126874,Low Risk
0578-SKVMF,0.6012599009244265,60.12599009244265,High Risk
5564-NEMQO,0.6733874295684221,67.33874295684221,High Risk
2233-FAGXV,0.2254168454814179,22.54168454814179,Low Risk
5605-IYGFG,0.41366977476760597,41.366977476760596,Medium Risk
7663-ZTEGJ,0.14268833290230282,14.268833290230281,Low Risk
3935-TBRZZ,0.032942774668813436,3.2942774668813435,Low Risk
8111-BKVDS,0.15421826116405915,15.421826116405915,Low Risk
2055-SIFSS,0.19095873216386375,19.095873216386376,Low Risk
2806-MLNTI,0.30039548313133285,30.039548313133285,Medium Risk
8734-DKSTZ,0.5355140730558087,53.55140730558087,Medium Risk
4360-PNRQB,0.4579502837094193,45.79502837094193,Medium Risk
6152-ONASV,0.018031234415458463,1.8031234415458464,Low Risk
9063-ZGTUY,0.09568156313468772,9.568156313468771,Low Risk
7781-HVGMK,0.0011303556865481965,0.11303556865481966,Low Risk
2181-UAESM,0.2813142253530705,28.13142253530705,Low Risk
2957-LOLHO,0.4219575268763622,42.195752687636215,Medium Risk
6048-NJXHX,0.0016040136719744544,0.16040136719744544,Low Risk
2320-SLKMB,0.16821075876769545,16.821075876769545,Low Risk
4980-URKXC,0.020057998992161905,2.0057998992161905,Low Risk
4376-KFVRS,0.0032065311641443633,0.32065311641443633,Low Risk
5886-VLQVU,0.26379586227828844,26.379586227828845,Low Risk
3577-AMVUX,0.31306034959354917,31.306034959354918,Medium Risk
0771-WLCLA,0.39014572043279083,39.01457204327908,Medium Risk
5628-RKIFK,0.30962082496217036,30.962082496217036,Medium Risk
0206-TBWLC,0.16923448491418314,16.923448491418313,Low Risk
2937-FTHUR,0.3081576579098858,30.815765790988582,Medium Risk
1910-FMXJM,0.3815510091603206,38.15510091603206,Medium Risk
7752-XUSCI,0.5472915371034984,54.72915371034984,Medium Risk
4110-PFEUZ,0.660219311380603,66.0219311380603,High Risk
0732-OCQOC,0.0010403795167297232,0.10403795167297232,Low Risk
5168-MSWXT,0.6176157983780054,61.76157983780054,High Risk
1090-ESELR,0.0016296389400814026,0.16296389400814026,Low Risk
8592-PLTMQ,0.0250077943038222,2.50077943038222,Low Risk
5760-WRAHC,0.320519912369362,32.0519912369362,Medium Risk
8847-GEOOQ,0.11145407866192052,11.145407866192052,Low Risk
0256-LTHVJ,0.5236711786741729,52.36711786741729,Medium Risk
4785-FCIFB,0.0012196731543573807,0.12196731543573808,Low Risk
8313-NDOIA,0.6558942102499915,65.58942102499915,High Risk
5149-CUZUJ,0.11545294375948453,11.545294375948453,Low Risk
0942-KOWSM,0.005516205820438959,0.5516205820438959,Low Risk
4237-CLSMM,0.17423620452198496,17.423620452198495,Low Risk
1452-VOQCH,0.5556758512366929,55.567585123669296,Medium Risk
4719-UMSIY,0.14023131315466322,14.023131315466323,Low Risk
6614-VBEGU,0.41466297553959475,41.46629755395948,Medium Risk
0880-TKATG,0.7457479069576025,74.57479069576026,High Risk
3811-VBYBZ,0.7935160664822357,79.35160664822357,High Risk
1480-BKXGA,0.004427735659310067,0.4427735659310067,Low Risk
2996-XAUVF,0.002102411245628799,0.2102411245628799,Low Risk
9076-AXYIK,0.009822727115878326,0.9822727115878326,Low Risk
5968-XQIVE,0.15711033188449955,15.711033188449955,Low Risk
8896-RAZCR,0.0013595642946848767,0.13595642946848768,Low Risk
4640-UHDOS,0.43668480786403,43.668480786403,Medium Risk
4933-IKULF,0.0833359957583612,8.33359957583612,Low Risk
3583-EKAPL,0.6386815214393048,63.86815214393048,High Risk
1304-BCCFO,0.5964066289808899,59.64066289808899,Medium Risk
4104-PVRPS,0.13132878861322578,13.132878861322578,Low Risk
9399-APLBT,0.6702872180906128,67.02872180906128,High Risk
2359-KMGLI,0.6051464970936546,60.514649709365465,High Risk
3780-DDGSE,0.3749931254392553,37.49931254392553,Medium Risk
4431-EDMIQ,0.2695148297407547,26.951482974075468,Low Risk
0306-JAELE,0.6309301260061411,63.09301260061411,High Risk
6227-HWPWX,0.3601644239728109,36.01644239728109,Medium Risk
0486-LGCCH,0.0028120296792062817,0.28120296792062816,Low Risk
0447-BEMNG,0.12252335408288878,12.252335408288879,Low Risk
4612-SSVHJ,0.5872492853354502,58.72492853354502,Medium Risk
5168-MQQCA,0.12085611379266244,12.085611379266243,Low Risk
5949-XIKAE,0.7018427587746517,70.18427587746517,High Risk
7971-HLVXI,0.005844165508447581,0.5844165508447581,Low Risk
9094-AZPHK,0.6722112470216949,67.22112470216949,High Risk
3649-JPUGY,0.003393821136733679,0.3393821136733679,Low Risk
8372-JUXUI,0.6756994556568897,67.56994556568897,High Risk
3552-CTCYF,0.010673368599275661,1.067336859927566,Low Risk
6778-YSNIH,0.537033410345121,53.7033410345121,Medium Risk
0388-EOPEX,0.484637944375105,48.4637944375105,Medium Risk
5756-OZRIO,0.11177981765976526,11.177981765976526,Low Risk
6579-JPICP,0.16282642974451242,16.282642974451242,Low Risk
8205-OTCHB,0.2352386779280345,23.52386779280345,Low Risk
4134-BSXLX,0.1258857866255916,12.588578662559161,Low Risk
0505-SPOOW,0.0004268946497233043,0.04268946497233043,Low Risk
6235-VDHOM,0.5167510854911639,51.67510854911639,Medium Risk
7783-YKGDV,0.5784635697531861,57.84635697531861,Medium Risk
4374-YMUSQ,0.11228588907589608,11.228588907589607,Low Risk
4513-CXYIX,0.003953316552473454,0.3953316552473454,Low Risk
3957-HHLMR,0.038124667176473184,3.8124667176473186,Low Risk
7803-XOCCZ,0.09121995904265236,9.121995904265235,Low Risk
5736-YEJAX,0.0014562428823536872,0.14562428823536872,Low Risk
5609-CEBID,0.7911088064219318,79.11088064219318,High Risk
8981-FJGLA,0.5687783064557771,56.87783064557771,Medium Risk
7218-HKQFK,0.64797544722157,64.797544722157,High Risk
4636-QRJKY,0.5443809317665195,54.43809317665195,Medium Risk
1135-LMECX,0.17892070544335203,17.892070544335205,Low Risk
4332-MUOEZ,0.10886609148792696,10.886609148792695,Low Risk
8535-SFUTN,0.3600013480853277,36.00013480853277,Medium Risk
5956-VKDTT,0.7551578100939262,75.51578100939263,High Risk
8677-HDZEE,0.2740943586222814,27.409435862228136,Low Risk
2475-MROZF,0.17716341044824044,17.716341044824045,Low Risk
9412-GHEEC,0.39673734989671045,39.67373498967105,Medium Risk
3482-ABPKK,0.06260306091742844,6.260306091742844,Low Risk
6705-LXORM,0.5277327013326787,52.77327013326787,Medium Risk
0257-ZESQC,0.4083312616716706,40.83312616716706,Medium Risk
7531-GQHME,0.08819896222774251,8.81989622277425,Low Risk
5174-ITUMV,0.2604245823310497,26.04245823310497,Low Risk
4109-CYRBD,0.4077776638502813,40.77776638502813,Medium Risk
0913-XWSCN,0.23222170607422363,23.222170607422363,Low Risk
6825-UYPFK,0.46807343302839505,46.807343302839506,Medium Risk
8397-MVTAZ,0.6465322811309753,64.65322811309753,High Risk
0750-EBAIU,0.10991034969919226,10.991034969919227,Low Risk
8606-CIQUL,0.0042046632122661924,0.42046632122661926,Low Risk
3571-DPYUH,0.09103187100911067,9.103187100911066,Low Risk
7601-GNDYK,0.0015341462192755687,0.15341462192755687,Low Risk
0356-OBMAC,0.00855625005039519,0.8556250050395189,Low Risk
8067-NIOYM,0.001692061599548956,0.1692061599548956,Low Risk
1403-GYAFU,0.0003572037467660322,0.03572037467660322,Low Risk
4234-XTNEA,0.666115292121106,66.6115292121106,High Risk
1297-VQDRP,0.13340205854169154,13.340205854169154,Low Risk
9282-IZGQK,0.7714773899335322,77.14773899335322,High Risk
5348-CAGXB,0.5915656509121062,59.156565091210624,Medium Risk
0621-HJWXJ,0.2316056551124151,23.16056551124151,Low Risk
5844-QVTAT,0.12833506693002092,12.833506693002091,Low Risk
8905-IAZPF,0.15599881808152868,15.599881808152869,Low Risk
5394-MEITZ,0.0036177223306605812,0.3617722330660581,Low Risk
6859-QNXIQ,0.003390217069744803,0.3390217069744803,Low Risk
2782-LFZVW,0.5812929267630859,58.12929267630859,Medium Risk
2866-IKBTM,0.19773290953803782,19.773290953803784,Low Risk
1342-JPNKI,0.6230274927425532,62.30274927425532,High Risk
2817-NTQDO,0.18450963713621626,18.450963713621626,Low Risk
7129-AZJDE,0.18122055472805754,18.122055472805755,Low Risk
6986-IJDHX,0.5767354735725679,57.673547357256794,Medium Risk
2560-PPCHE,0.125177076333956,12.5177076333956,Low Risk
4676-MQUEA,0.160216954055048,16.0216954055048,Low Risk
8138-EALND,0.12552272028856243,12.552272028856242,Low Risk
3580-HYCSP,0.0051973094780593514,0.5197309478059351,Low Risk
1352-HNSAW,0.0032721377151829155,0.32721377151829156,Low Risk
2075-PUEPR,0.0005203608187078,0.05203608187078,Low Risk
1982-FEBTD,0.0022550070287963263,0.22550070287963264,Low Risk
5301-GAUUY,0.3931000248527242,39.31000248527242,Medium Risk
5791-KAJFD,0.07489625217804029,7.489625217804028,Low Risk
2654-VBVPB,0.11093658098817437,11.093658098817437,Low Risk
1154-HYWWO,0.06323200201712142,6.323200201712142,Low Risk
2501-XWWTZ,0.4001086324828127,40.01086324828127,Medium Risk
3716-UVSPD,0.3565301263719543,35.65301263719543,Medium Risk
6815-ABQFQ,0.17832999719965262,17.83299971996526,Low Risk
7343-EOBEU,0.2583319483804704,25.833194838047042,Low Risk
3701-SFMUH,0.27272780197516133,27.272780197516134,Low Risk
6103-LIANB,0.0110935321163383,1.10935321163383,Low Risk
7319-VENRZ,0.2347091946880932,23.47091946880932,Low Risk
5846-NEQVZ,0.0010051492699849505,0.10051492699849505,Low Risk
6967-QIQRV,0.14100499475090186,14.100499475090187,Low Risk
5781-RFZRP,0.0010485149904276528,0.10485149904276528,Low Risk
0939-YAPAF,0.7097815762961898,70.97815762961898,High Risk
0308-IVGOK,0.09323153298376577,9.323153298376576,Low Risk
7293-LSCDV,0.0006818437904663315,0.06818437904663315,Low Risk
7025-WCBNE,0.0031419685485488047,0.31419685485488047,Low Risk
5756-JYOJT,0.1305553763194375,13.05553763194375,Low Risk
4710-FDUIZ,0.27408131290638055,27.408131290638053,Low Risk
6030-REHUX,0.5751437670756461,57.51437670756461,Medium Risk
9548-LIGTA,0.0031627538705715982,0.31627538705715985,Low Risk
5150-LJNSR,0.11967498965177684,11.967498965177684,Low Risk
8270-RKSAP,0.46425986356409493,46.425986356409496,Medium Risk
6522-YRBXD,0.44212063439588084,44.212063439588086,Medium Risk
2640-LYMOV,0.19650796667868092,19.650796667868093,Low Risk
1218-VKFPE,0.21784020425160736,21.784020425160737,Low Risk
3627-FHKBK,0.46218100996870776,46.218100996870774,Medium Risk
2865-TCHJW,0.8054797943975893,80.54797943975893,High Risk
1423-BMPBQ,0.2049732004029965,20.49732004029965,Low Risk
2393-DIVAI,0.20947498104088919,20.94749810408892,Low Risk
5192-EBGOV,0.8144027432248305,81.44027432248305,High Risk
4568-KNYWR,0.003031365171241738,0.30313651712417383,Low Risk
8752-IMQOS,0.06715026172114719,6.715026172114719,Low Risk
0742-LAFQK,0.006315311470605714,0.6315311470605713,Low Risk
0795-LAFGP,0.002177564637037988,0.21775646370379878,Low Risk
0619-OLYUR,0.003017622640612457,0.3017622640612457,Low Risk
5512-IDZEI,0.027277468028089655,2.7277468028089653,Low Risk
0459-SPZHJ,0.0032459969679763624,0.32459969679763623,Low Risk
0215-BQKGS,0.23355095038467855,23.355095038467855,Low Risk
9244-ZVAPM,0.4145392606041265,41.45392606041265,Medium Risk
0719-SYFRB,0.31110245246733936,31.110245246733935,Medium Risk
8208-EUMTE,0.0039580793070549515,0.39580793070549514,Low Risk
5172-MIGPM,0.3950283547890998,39.50283547890998,Medium Risk
1710-RCXUS,0.1853233231326761,18.53233231326761,Low Risk
0374-FIUCA,0.000585551950322723,0.0585551950322723,Low Risk
5839-SUYVZ,0.24465572952438056,24.465572952438055,Low Risk
5173-ZXXXL,0.07866842581313624,7.866842581313624,Low Risk
1096-ADRUX,0.09877924370452795,9.877924370452796,Low Risk
2001-MCUUW,0.011186088028790044,1.1186088028790044,Low Risk
2731-GJRDG,0.1650628419249178,16.50628419249178,Low Risk
4723-BEGSG,0.0014413500671405317,0.14413500671405316,Low Risk
6516-NKQBO,0.002301766305383266,0.23017663053832663,Low Risk
8672-OAUPW,0.03105966443390266,3.1059664433902663,Low Risk
8207-DMRVL,0.0023025354717016193,0.23025354717016192,Low Risk
3419-SNJJD,0.38244381344199774,38.24438134419977,Medium Risk
6543-CPZMK,0.3579058199865486,35.79058199865486,Medium Risk
4765-OXPPD,0.3082275353250662,30.82275353250662,Medium Risk
2804-ETQDK,0.0006828324406794794,0.06828324406794795,Low Risk
6689-VRRTK,0.2609987781754612,26.09987781754612,Low Risk
7138-GIRSH,0.0030654063725203,0.30654063725203,Low Risk
9396-ZSFLL,0.42836374785486697,42.8363747854867,Medium Risk
6464-KEXXH,0.23380800847816594,23.380800847816595,Low Risk
7134-MJPDY,0.1710899578365313,17.108995783653132,Low Risk
5240-CAOYT,0.11726278213758974,11.726278213758974,Low Risk
4059-IIEBK,0.5724365547743346,57.243655477433464,Medium Risk
4881-JVQOD,0.3322479504436111,33.22479504436111,Medium Risk
0516-UXRMT,0.11730668426061863,11.730668426061863,Low Risk
4851-BQDNX,0.2517935119311055,25.17935119311055,Low Risk
5148-HKFIR,0.00276991408034594,0.276991408034594,Low Risk
1009-IRMNA,0.16198840428557623,16.198840428557624,Low Risk
3003-CMDUU,0.42304807500783537,42.30480750078354,Medium Risk
5016-IBERQ,0.43653486867787716,43.65348686778772,Medium Risk
6797-UCJHZ,0.24466007127312264,24.466007127312263,Low Risk
2469-DTSGX,0.00955402832284559,0.9554028322845589,Low Risk
4554-YGZIH,0.4975349579704874,49.75349579704874,Medium Risk
5099-BAILX,0.5147968503986308,51.47968503986308,Medium Risk
9931-KGHOA,0.11182997656369761,11.18299765636976,Low Risk
1775-KWJKQ,0.0014676882727766823,0.14676882727766824,Low Risk
7665-VIGUD,0.06559034421810456,6.5590344218104555,Low Risk
9411-TPQQV,0.046829647210440965,4.682964721044097,Low Risk
7207-RMRDB,0.5812555847736914,58.12555847736915,Medium Risk
7954-MLBUN,0.007671873679208395,0.7671873679208395,Low Risk
2077-DDHJK,0.0009806061771484133,0.09806061771484133,Low Risk
4913-EHYUI,0.26660749939352457,26.660749939352456,Low Risk
0195-IESCP,0.7133111098345161,71.33111098345161,High Risk
9574-BOSMD,0.00046696285121207095,0.0466962851212071,Low Risk
4580-TMHJU,0.36811963439934947,36.81196343993495,Medium Risk
0970-ETWGE,0.7418686023766727,74.18686023766728,High Risk
4908-XAXAY,0.24016503943574397,24.016503943574396,Low Risk
8404-VLQFB,0.1622052175038191,16.220521750381913,Low Risk
1626-ERCMM,0.7865329980063875,78.65329980063875,High Risk
0887-HJGAR,0.6102244588603977,61.02244588603977,High Risk
2391-IPLOP,0.10260409725540005,10.260409725540006,Low Risk
5644-PDMZC,0.7957155486917085,79.57155486917085,High Risk
3509-GWQGF,0.3369262066988475,33.69262066988475,Medium Risk
9576-ANLXO,0.5186452775532615,51.86452775532615,Medium Risk
2024-BASKD,0.7274390335664821,72.7439033566482,High Risk
5845-BZZIB,0.0015127345634472014,0.15127345634472014,Low Risk
1140-UKVZG,0.17080614448732998,17.080614448732998,Low Risk
4160-AMJTL,0.19702548151577118,19.70254815157712,Low Risk
5183-SNMJQ,0.3900757328872832,39.00757328872832,Medium Risk
8100-PNJMH,0.0021126175668889635,0.21126175668889635,Low Risk
7838-LAZFO,0.08352380481983862,8.352380481983863,Low Risk
4464-JCOLN,0.07545225779325551,7.545225779325551,Low Risk
2085-JVGAD,0.04557497063716886,4.557497063716886,Low Risk
5650-VDUDS,0.5261252882282805,52.612528822828054,Medium Risk
8095-WANWK,0.3983990339613663,39.83990339613663,Medium Risk
3030-ZKIWL,0.1634983670244453,16.34983670244453,Low Risk
9565-FLVCG,0.0044373189562463755,0.44373189562463755,Low Risk
8755-OGKNA,0.0005486081642140179,0.054860816421401795,Low Risk
2800-VEQXM,0.592412587205434,59.2412587205434,Medium Risk
7538-GWHML,0.6099353421010267,60.99353421010267,High Risk
5533-RJFTJ,0.12318408155701739,12.31840815570174,Low Risk
3859-CVCET,0.5666599361236425,56.665993612364254,Medium Risk
0214-JHPFW,0.0017156243105968466,0.17156243105968466,Low Risk
5642-MHDQT,0.017411219728256055,1.7411219728256055,Low Risk
3088-FVYWK,0.0007098873170046748,0.07098873170046748,Low Risk
3276-HDUEG,0.7478246052179516,74.78246052179516,High Risk
9092-GDZKO,0.11035030036315778,11.035030036315778,Low Risk
0823-HSCDJ,0.36085333577534523,36.08533357753452,Medium Risk
3729-OWRVL,0.007158699812834528,0.7158699812834528,Low Risk
2324-AALNO,0.02179234902418214,2.179234902418214,Low Risk
0822-GAVAP,0.563338969113919,56.3338969113919,Medium Risk
5760-IFJOZ,0.7026023544146495,70.26023544146494,High Risk
2826-UWHIS,0.23699512979356788,23.699512979356786,Low Risk
1448-PWKYE,0.5929938461177798,59.29938461177798,Medium Risk
7501-IWUNG,0.003349987319673627,0.3349987319673627,Low Risk
4957-TREIR,0.19165817106070465,19.165817106070467,Low Risk
7251-LJBQN,0.2553524991885361,25.53524991885361,Low Risk
8040-MNRTF,0.597324409387849,59.732440938784904,Medium Risk
1536-HBSWP,0.32496162676952717,32.496162676952714,Medium Risk
5313-FPXWG,0.02359612790405546,2.359612790405546,Low Risk
0067-DKWBL,0.5157138570321231,51.571385703212314,Medium Risk
0946-FKYTX,0.07184924882740976,7.184924882740976,Low Risk
5076-YVXCM,0.2681578197739371,26.81578197739371,Low Risk
8262-COGGB,0.19798419411183485,19.798419411183485,Low Risk
6663-JOCQO,0.06586407013199101,6.586407013199101,Low Risk
9620-QJREV,0.014551206184882136,1.4551206184882137,Low Risk
2276-YDAVZ,0.6262170604329851,62.62170604329851,High Risk
2682-KEVRP,0.0950471017587344,9.50471017587344,Low Risk
2480-JZOSN,0.21274850777039406,21.274850777039404,Low Risk
0078-XZMHT,0.0034692330647050893,0.34692330647050895,Low Risk
5896-NPFWW,0.5591149647694741,55.911496476947406,Medium Risk
9978-HYCIN,0.19137843803415067,19.137843803415066,Low Risk
8338-QIUNR,0.0008738811044658688,0.08738811044658687,Low Risk
1525-LNLOJ,0.004302516708152602,0.43025167081526017,Low Risk
9450-TRJUU,0.4748521774904801,47.48521774904801,Medium Risk
1766-GKNMI,0.5827549402355184,58.27549402355184,Medium Risk
6942-LBFDP,0.21161417085834924,21.161417085834923,Low Risk
1456-TWCGB,0.4261001463954754,42.610014639547536,Medium Risk
7133-VBDCG,0.369057742173766,36.9057742173766,Medium Risk
7596-ZYWBB,0.0016858653378872598,0.16858653378872598,Low Risk
8329-UTMVM,0.27630545218131713,27.630545218131715,Low Risk
3014-WJKSM,0.31488191874545035,31.488191874545034,Medium Risk
3347-YJZZE,0.3672395793163026,36.72395793163026,Medium Risk
1029-QFBEN,0.2579933632589664,25.79933632589664,Low Risk
7929-DMBCV,0.3745161075601752,37.45161075601752,Medium Risk
9661-JALZV,0.001026098041436171,0.10260980414361709,Low Risk
5433-KYGHE,0.30221972978540684,30.221972978540684,Medium Risk
4312-KFRXN,0.0008105480521853539,0.08105480521853539,Low Risk
5575-TPIZQ,0.26399514920675554,26.399514920675553,Low Risk
0114-IGABW,0.0016667079059589475,0.16667079059589476,Low Risk
9944-AEXBM,0.3926393498854619,39.26393498854619,Medium Risk
1853-ARAAQ,0.3742421576139805,37.42421576139805,Medium Risk
6952-OMNWB,0.2608960299779186,26.08960299779186,Low Risk
4697-LUPSU,0.07171772947274252,7.171772947274252,Low Risk
8434-VGEQQ,0.00045109592660539966,0.04510959266053997,Low Risk
4952-YSOGZ,0.7426301155725318,74.26301155725318,High Risk
1589-AGTLK,0.5540958117110104,55.40958117110104,Medium Risk
5244-IRFIH,0.7397937079469576,73.97937079469577,High Risk
6549-YMFAW,0.21801196214602767,21.801196214602765,Low Risk
4950-HKQTE,0.0032685538887927724,0.32685538887927723,Low Risk
6786-OBWQR,0.5561682209943468,55.616822099434685,Medium Risk
2684-EIWEO,0.4334806041524319,43.34806041524319,Medium Risk
2753-JMMCV,0.0031240860218283953,0.31240860218283956,Low Risk
6439-GTPCA,0.3933001357371656,39.33001357371656,Medium Risk
6621-YOBKI,0.15143171475833644,15.143171475833645,Low Risk
1216-JWVUX,0.3937673569839296,39.37673569839296,Medium Risk
7564-GHCVB,0.001943277801601431,0.1943277801601431,Low Risk
1173-NOEYG,0.40662665543338516,40.66266554333852,Medium Risk
7595-EHCDL,0.2143221014779906,21.43221014779906,Low Risk
6647-ZEDXT,0.20529682142020478,20.529682142020476,Low Risk
2521-NPUZR,0.0015213595526213735,0.15213595526213736,Low Risk
1307-TVUFB,0.37177100669543545,37.17710066954354,Medium Risk
7503-MIOGA,0.00315351891657604,0.315351891657604,Low Risk
4381-MHQDC,0.0033986512602251565,0.3398651260225156,Low Risk
6923-JHPMP,0.4233718417942331,42.33718417942331,Medium Risk
5138-WVKYJ,0.6180628381805116,61.806283818051156,High Risk
4018-PPNDW,0.0014608988933678927,0.14608988933678926,Low Risk
1635-FJFCC,0.40799127601586865,40.79912760158687,Medium Risk
2499-AJYUA,0.008555217031726427,0.8555217031726428,Low Risk
6919-ELBGL,0.00410317253898298,0.41031725389829804,Low Risk
3966-HRMZA,0.6858404377512239,68.5840437751224,High Risk
6425-JWTDV,0.0012009756483942926,0.12009756483942927,Low Risk
8405-IGQFX,0.08163459120276272,8.163459120276272,Low Risk
8224-IVVPA,0.2723783028399296,27.23783028399296,Low Risk
9477-LGWQI,0.0027362104404862024,0.27362104404862025,Low Risk
1410-RSCMR,0.18255917910969777,18.255917910969778,Low Risk
0139-IVFJG,0.4301236302066687,43.012363020666875,Medium Risk
6683-VLCTZ,0.8052775218300898,80.52775218300899,High Risk
5730-DBDSI,0.00043179099502639834,0.04317909950263983,Low Risk
0030-FNXPP,0.17269695935589474,17.269695935589475,Low Risk
2189-WWOEW,0.5961125804632117,59.61125804632117,Medium Risk
5684-FJVYR,0.0015247172604328678,0.1524717260432868,Low Risk
4013-GUXND,0.16206119760126764,16.206119760126764,Low Risk
1894-IGFSG,0.5996566820669579,59.96566820669579,Medium Risk
7379-POKDZ,0.6299063207876527,62.99063207876527,High Risk
1266-NZYUI,0.0007186971899006281,0.07186971899006281,Low Risk
7969-FFOWG,0.0006965524970959949,0.06965524970959949,Low Risk
4718-DHSMV,0.4127164915585295,41.271649155852955,Medium Risk
5175-WLYXL,0.5292576184417817,52.92576184417817,Medium Risk
7817-OMJNA,0.03506329837547871,3.506329837547871,Low Risk
8728-SKJLR,0.21794085827520668,21.794085827520668,Low Risk
3137-NYQQI,0.1684569706120498,16.84569706120498,Low Risk
7706-DZNKK,0.11439650113256707,11.439650113256707,Low Risk
0236-HFWSV,0.7544145454592572,75.44145454592572,High Risk
3900-AQPHZ,0.2777861075817485,27.77861075817485,Low Risk
5842-POCOP,0.672159111749274,67.2159111749274,High Risk
2037-XJFUP,0.46278054568256427,46.27805456825643,Medium Risk
8823-RLPWL,0.0064657629541661505,0.6465762954166151,Low Risk
9505-SQFSW,0.4112687311095531,41.12687311095531,Medium Risk
7314-OXENN,0.6961870030867451,69.6187003086745,High Risk
3758-CKOQL,0.0721619223494001,7.216192234940009,Low Risk
0322-CHQRU,0.5023476428303288,50.23476428303289,Medium Risk
5676-CFLYY,0.002380390590556739,0.2380390590556739,Low Risk
7521-AFHAB,0.4050107866415258,40.50107866415258,Medium Risk
0285-INHLN,0.155519658660679,15.5519658660679,Low Risk
4678-DVQEO,0.3723846476791887,37.23846476791887,Medium Risk
5125-CNDSP,0.012559487346912451,1.2559487346912452,Low Risk
0691-IFBQW,0.45597977957987657,45.59797795798766,Medium Risk
4992-LTJNE,0.0010532519130427972,0.10532519130427972,Low Risk
2202-OUTMO,0.10733017809911549,10.73301780991155,Low Risk
0810-BDHAW,0.20292559700256782,20.29255970025678,Low Risk
0229-LFJAF,0.0007928519629263116,0.07928519629263116,Low Risk
7131-ZQZNK,0.0010747390371415508,0.10747390371415508,Low Risk
3442-ZHHCC,0.06082166202844048,6.082166202844048,Low Risk
5726-CVNYA,0.004356828449830889,0.4356828449830889,Low Risk
9871-ELEYA,0.0021378514498972697,0.21378514498972698,Low Risk
4257-GAESD,0.33305875288761005,33.30587528876101,Medium Risk
5173-WXOQV,0.4348292060261288,43.48292060261288,Medium Risk
2040-OBMLJ,0.09360096091244038,9.360096091244039,Low Risk
6286-ZHAOK,0.10538201316755715,10.538201316755714,Low Risk
3807-XHCJH,0.1587157267633584,15.871572676335841,Low Risk
3009-JWMPU,0.39073446678655227,39.07344667865523,Medium Risk
5671-RQRLP,0.006895399846991663,0.6895399846991663,Low Risk
1450-GALXR,0.686324718084895,68.6324718084895,High Risk
8859-AXJZP,0.0023085543574986687,0.23085543574986686,Low Risk
3174-AKMAS,0.003735390538226359,0.3735390538226359,Low Risk
3138-BKYAV,0.6982397975405219,69.82397975405219,High Risk
9926-PJHDQ,0.005606525247433415,0.5606525247433415,Low Risk
7382-DFJTU,0.15783344442025155,15.783344442025154,Low Risk
2798-NYLMZ,0.0033143808630023883,0.33143808630023885,Low Risk
4289-DTDKW,0.6603555957663876,66.03555957663876,High Risk
1820-TQVEV,0.6044966730337026,60.449667303370255,High Risk
2239-JALAW,0.3389930192915211,33.89930192915211,Medium Risk
4853-RULSV,0.005295844545561774,0.5295844545561774,Low Risk
8098-TDCBU,0.001689161675056485,0.1689161675056485,Low Risk
3551-GAEGL,0.032509444620937696,3.2509444620937695,Low Risk
4785-NKHCX,0.12335612632706182,12.335612632706182,Low Risk
3196-NVXLZ,0.5809135042453392,58.091350424533914,Medium Risk
6275-YDUVO,0.7775452893010658,77.75452893010659,High Risk
0036-IHMOT,0.12584018893371857,12.584018893371857,Low Risk
0115-TFERT,0.6433622637105727,64.33622637105726,High Risk
4178-EGMON,0.0016470533769411873,0.16470533769411874,Low Risk
4220-TINQT,0.3242424446980815,32.42424446980815,Medium Risk
5318-YKDPV,0.002744437670544595,0.2744437670544595,Low Risk
7975-TZMLR,0.3430949801479538,34.30949801479538,Medium Risk
0295-QVKPB,0.33613687713931445,33.61368771393145,Medium Risk
4335-BSMJS,0.0009097361715344834,0.09097361715344834,Low Risk
2311-QYMUQ,0.610228987606892,61.0228987606892,High Risk
3643-AHCFP,0.7654089027584544,76.54089027584544,High Risk
9146-JRIOX,0.1552489616384566,15.52489616384566,Low Risk
3104-OWCGK,0.22256782460886254,22.256782460886253,Low Risk
5337-IIWKZ,0.16642888130941944,16.642888130941945,Low Risk
9101-BWFSS,0.19241080189916562,19.241080189916563,Low Risk
9650-VBUOG,0.001051766070222729,0.10517660702227291,Low Risk
3487-EARAT,0.021239076744024962,2.123907674402496,Low Risk
2672-TGEFF,0.4820644020892412,48.206440208924114,Medium Risk
9231-ZJYAM,0.7739235636390157,77.39235636390157,High Risk
4250-WAROZ,0.3488589164872684,34.88589164872684,Medium Risk
8184-WMOFI,0.020892710039556107,2.0892710039556106,Low Risk
6982-SSHFK,0.5594633107899074,55.94633107899074,Medium Risk
6092-QZVPP,0.15203496536088926,15.203496536088926,Low Risk
4625-LAMOB,0.0007826108765513696,0.07826108765513695,Low Risk
0727-BMPLR,0.5144162808507086,51.44162808507085,Medium Risk
0392-BZIUW,0.006008542960312261,0.6008542960312261,Low Risk
1038-ZAGBI,0.0642886095793788,6.42886095793788,Low Risk
6549-NNDYT,0.15363509470569595,15.363509470569594,Low Risk
3027-ZTDHO,0.7642039490503642,76.42039490503642,High Risk
0422-OHQHQ,0.05870740509277273,5.870740509277273,Low Risk
6916-HIJSE,0.002093184327491004,0.2093184327491004,Low Risk
2316-ESMLS,0.035710152448833805,3.5710152448833807,Low Risk
9778-OGKQZ,0.002043700142205149,0.2043700142205149,Low Risk
7408-OFWXJ,0.00162327686988122,0.162327686988122,Low Risk
6007-TCTST,0.0032888831961210975,0.32888831961210974,Low Risk
2252-NKNSI,0.00476364741683532,0.476364741683532,Low Risk
8713-IGZSO,0.191329727068336,19.132972706833602,Low Risk
7905-TVXTA,0.2625368398129619,26.253683981296188,Low Risk
7695-PKLCZ,0.0004672561454366164,0.04672561454366164,Low Risk
2382-BCKQJ,0.38885767454237796,38.885767454237794,Medium Risk
8374-UULRV,0.001448530867328552,0.1448530867328552,Low Risk
2207-NHRJK,0.5279990012130629,52.79990012130629,Medium Risk
3224-DFQNQ,0.04734064050436538,4.734064050436538,Low Risk
5275-PMFUT,0.0010178167999443813,0.10178167999443813,Low Risk
4795-UXVCJ,0.027156422318948763,2.715642231894876,Low Risk
9777-IQHWP,0.003310155909906855,0.3310155909906855,Low Risk
0947-MUGVO,0.6508286226345787,65.08286226345787,High Risk
9944-HKVVB,0.7894042509482798,78.94042509482799,High Risk
4124-MMETB,0.6514835870019202,65.14835870019202,High Risk
3671-SHRSP,0.5650170157845056,56.50170157845056,Medium Risk
0979-MOZQI,0.0013980179806846872,0.1398017980684687,Low Risk
2732-ISEZX,0.22279772740817128,22.279772740817126,Low Risk
3313-QKNKB,0.17882499945972355,17.882499945972356,Low Risk
0323-XWWTN,0.005826824162109733,0.5826824162109733,Low Risk
1937-OTUKY,0.002391635518516236,0.2391635518516236,Low Risk
1573-LGXBA,0.1845450349734781,18.45450349734781,Low Risk
1764-VUUMT,0.0004028334350865425,0.04028334350865425,Low Risk
5073-WXOYN,0.3663933212453815,36.63933212453815,Medium Risk
4713-ZBURT,0.01142381530251827,1.142381530251827,Low Risk
3050-GBUSH,0.328291897165434,32.8291897165434,Medium Risk
0207-MDKNV,0.45719639704915854,45.719639704915856,Medium Risk
7876-AEHIG,0.028420473765258556,2.842047376525856,Low Risk
7945-HLKEA,0.03575135840657787,3.5751358406577873,Low Risk
9342-VNIMQ,0.26629990016162375,26.629990016162374,Low Risk
9851-KIELU,0.46166890317708753,46.166890317708756,Medium Risk
3523-BRGUW,0.03761431568544272,3.761431568544272,Low Risk
3908-BLSYF,0.6408209529936187,64.08209529936187,High Risk
3199-NPKCN,0.10557416876165102,10.557416876165101,Low Risk
5170-PTRKA,0.01856035279884664,1.856035279884664,Low Risk
4661-NJEUX,0.19888261416683387,19.888261416683388,Low Risk
2123-AGEEN,0.7521484251831859,75.21484251831859,High Risk
1258-YMZNM,0.32231524103790915,32.23152410379092,Medium Risk
0048-LUMLS,0.17705037965114673,17.705037965114673,Low Risk
7549-MYGPK,0.3883298270146447,38.832982701464466,Medium Risk
5898-IGSLP,0.16718005613739678,16.718005613739678,Low Risk
3804-RVTGV,0.5445284239033846,54.45284239033846,Medium Risk
6259-WJQLC,0.4861657129721837,48.61657129721837,Medium Risk
9227-LUNBG,0.38099386016663644,38.099386016663644,Medium Risk
7997-EASSD,0.06783376341840934,6.783376341840934,Low Risk
0730-KOAVE,0.31878740865082544,31.878740865082545,Medium Risk
8975-SKGRX,0.0033975578789195546,0.3397557878919555,Low Risk
0678-RLHVP,0.02020789072292182,2.0207890722921817,Low Risk
4315-MURBD,0.4217699069576086,42.17699069576086,Medium Risk
2267-FPIMA,0.23721318810280914,23.721318810280913,Low Risk
1051-GEJLJ,0.17649444900876435,17.649444900876436,Low Risk
9734-YWGEX,0.7032158487576486,70.32158487576487,High Risk
2719-BDAQO,0.5361475424877088,53.61475424877088,Medium Risk
5285-MVEHD,0.13729526154899002,13.729526154899002,Low Risk
0379-DJQHR,0.0022310505208980053,0.22310505208980053,Low Risk
0781-LKXBR,0.8347115900197007,83.47115900197008,High Risk
5543-QDCRY,0.4701863655839233,47.01863655839233,Medium Risk
0297-RBCSG,0.12850928845684845,12.850928845684845,Low Risk
4694-PHWFW,0.14728786094145319,14.728786094145319,Low Risk
0835-JKADZ,0.009888507812683491,0.9888507812683491,Low Risk
1907-UBQFC,0.6979138735983433,69.79138735983433,High Risk
7508-SMHXL,0.5409850090378757,54.098500903787574,Medium Risk
3865-YIOTT,0.0953367563819077,9.53367563819077,Low Risk
5993-BQHEA,0.037996829618652535,3.7996829618652534,Low Risk
6024-RUGGH,0.0005536803238245938,0.05536803238245938,Low Risk
6513-EECDB,0.7529481349383648,75.29481349383647,High Risk
3956-CJUST,0.299147847304227,29.9147847304227,Low Risk
4079-WWQQQ,0.0010927571121285035,0.10927571121285035,Low Risk
6103-BOCOU,0.47986164699972755,47.986164699972754,Medium Risk
5149-TGWDZ,0.3539086335566,35.39086335566,Medium Risk
7471-WNSUF,0.014228508986617596,1.4228508986617596,Low Risk
8942-DBMHZ,0.13221364336736022,13.221364336736022,Low Risk
4301-VVZKA,0.4775740456637425,47.75740456637425,Medium Risk
9199-PWQVC,0.09195818831230242,9.195818831230241,Low Risk
4824-GUCBY,0.3947913958199655,39.47913958199655,Medium Risk
5393-HJZSM,0.10467096605188761,10.467096605188761,Low Risk
7074-IEVOJ,0.7793634926302768,77.93634926302768,High Risk
9625-QSTYE,0.6506790454286723,65.06790454286723,High Risk
0862-PRCBS,0.005795436494994931,0.5795436494994931,Low Risk
8812-ZRHFP,0.2445494676076269,24.45494676076269,Low Risk
5146-CBVOE,0.3403327773622216,34.03327773622216,Medium Risk
0454-OKRCT,0.0038100019147660623,0.38100019147660624,Low Risk
5787-KXGIY,0.00037493945184241355,0.03749394518424135,Low Risk
4750-ZRXIU,0.7971349017673789,79.71349017673789,High Risk
4198-VFOEA,0.08107557626256984,8.107557626256984,Low Risk
6630-UJZMY,0.7043396798295518,70.43396798295518,High Risk
6400-BWQKW,0.5768062832978915,57.68062832978915,Medium Risk
2692-AQCPF,0.14101662304788715,14.101662304788714,Low Risk
0347-UBKUZ,0.14534921142880036,14.534921142880036,Low Risk
0835-DUUIQ,0.028310245171320476,2.8310245171320476,Low Risk
0811-GSDTP,0.26066174386276775,26.066174386276774,Low Risk
7567-ECMCM,0.3908084728867255,39.08084728867255,Medium Risk
6115-ZTBFQ,0.0009236682377157208,0.09236682377157208,Low Risk
6353-BRMMA,0.2771000962555879,27.71000962555879,Low Risk
6680-WKXRZ,0.5114302215198737,51.143022151987374,Medium Risk
6231-WFGFH,0.17549372047626902,17.549372047626903,Low Risk
9904-EHEVJ,0.6199004599855195,61.99004599855195,High Risk
7028-DVOIQ,0.7528311007355044,75.28311007355045,High Risk
6169-PPETC,0.0008616261795473866,0.08616261795473866,Low Risk
4208-UFFGW,0.5448112880186756,54.48112880186756,Medium Risk
8584-KMVXD,0.46061703412028404,46.06170341202841,Medium Risk
8467-WYNSR,0.135916886587094,13.5916886587094,Low Risk
0851-DFJKB,0.17407746111670386,17.407746111670384,Low Risk
5382-SOYZL,0.5961053551692201,59.61053551692201,Medium Risk
9448-REEVD,0.4238527269708624,42.38527269708624,Medium Risk
3261-CQXOL,0.0004832458418005879,0.04832458418005879,Low Risk
8388-FYNPZ,0.2642152044896786,26.42152044896786,Low Risk
4002-BQWPQ,0.15371951842786402,15.371951842786402,Low Risk
5651-YLPRD,0.44884615472965134,44.88461547296513,Medium Risk
2826-DXLQO,0.1658611859322468,16.58611859322468,Low Risk
4378-BZYFP,0.07386199813929939,7.386199813929939,Low Risk
9489-UTFKA,0.30667761829181833,30.667761829181835,Medium Risk
4849-PYRLQ,0.0024354513714650514,0.24354513714650514,Low Risk
9117-SHLZX,0.6102244588603977,61.02244588603977,High Risk
9889-TMAHG,0.4350243547711896,43.502435477118965,Medium Risk
4541-RMRLG,0.2037463292979436,20.37463292979436,Low Risk
7764-BDPEE,0.1465140337855064,14.65140337855064,Low Risk
3429-IFLEM,0.000976455851010413,0.0976455851010413,Low Risk
3158-MOERK,0.8111699288452083,81.11699288452084,High Risk
7294-TMAOP,0.7378068856976929,73.7806885697693,High Risk
5002-GCQFH,0.2297463102522367,22.974631025223673,Low Risk
0556-FJEGU,0.0020573556057052397,0.20573556057052397,Low Risk
8919-FYFQZ,0.35215256114737953,35.215256114737954,Medium Risk
0604-THJFP,0.003473106056995369,0.3473106056995369,Low Risk
2834-JRTUA,0.00829381562545572,0.8293815625455719,Low Risk
5875-YPQFJ,0.6431511920291644,64.31511920291643,High Risk
5879-SESNB,0.47422171168400484,47.42217116840048,Medium Risk
6646-QVXLR,0.38146111671761485,38.14611167176148,Medium Risk
6461-PPAXN,0.036045186299492764,3.6045186299492764,Low Risk
3318-ISQFQ,0.09505972479436194,9.505972479436194,Low Risk
1106-HRLKZ,0.0013409085639246993,0.13409085639246993,Low Risk
2483-XSSMZ,0.0961303059646486,9.61303059646486,Low Risk
8603-IJWDN,0.7480271163539581,74.80271163539581,High Risk
8165-ZJRNM,0.0004790105474201619,0.04790105474201619,Low Risk
9369-XFEHK,0.49084670095984473,49.08467009598447,Medium Risk
2604-XVDAM,0.2711661613731878,27.11661613731878,Low Risk
3717-OFRTN,0.10108600478453683,10.108600478453683,Low Risk
9046-JBFWA,0.09283810318577237,9.283810318577238,Low Risk
3280-NMUVX,0.020161994372545334,2.0161994372545333,Low Risk
1206-EHBDD,0.002629685034584216,0.2629685034584216,Low Risk
8361-LBRDI,0.0007862615590955702,0.07862615590955702,Low Risk
4883-KCPZJ,0.0017535797143402921,0.1753579714340292,Low Risk
9108-EQPNQ,0.002331472929060562,0.23314729290605618,Low Risk
7277-KAMWT,0.0017356248639160592,0.17356248639160593,Low Risk
3842-IYKUE,0.31295083292581033,31.295083292581033,Medium Risk
6641-XRPSU,0.43147914439558743,43.14791443955875,Medium Risk
1374-DMZUI,0.8529319683225348,85.29319683225349,High Risk
2545-LXYVJ,0.0003599096009750702,0.03599096009750702,Low Risk
3234-VKACU,0.4338682182862903,43.38682182862903,Medium Risk
8357-EQXFO,0.7760943562811321,77.6094356281132,High Risk
1989-PRJHP,0.5834237572127781,58.342375721277804,Medium Risk
8120-JDCAM,0.5225156921892345,52.25156921892346,Medium Risk
8917-FAEMR,0.0017935392344935138,0.1793539234493514,Low Risk
7047-YXDMZ,0.11039140173068772,11.039140173068771,Low Risk
2858-EIMXH,0.2848531822471063,28.485318224710632,Low Risk
9524-EGPJC,0.5833421503435271,58.33421503435271,Medium Risk
6993-OHLXR,0.6123070556568417,61.230705565684175,High Risk
8818-XYFCQ,0.4666295423026995,46.662954230269946,Medium Risk
6419-ZTTLE,0.07088624925215095,7.088624925215095,Low Risk
0929-HYQEW,0.34379694437848374,34.37969443784837,Medium Risk
6614-YOLAC,0.0013809758306950774,0.13809758306950773,Low Risk
7426-RHZGU,0.3858554124706651,38.585541247066516,Medium Risk
4065-JJAVA,0.4179092861558171,41.790928615581706,Medium Risk
4695-VADHF,0.41313171190986353,41.31317119098635,Medium Risk
3863-IUBJR,0.25771701062180147,25.771701062180146,Low Risk
7649-SIJJF,0.002617676934478214,0.2617676934478214,Low Risk
9361-YNQWJ,0.01880150169003896,1.8801501690038962,Low Risk
3748-FVMZZ,0.2693264165926983,26.93264165926983,Low Risk
9391-TTOYH,0.1535058542275653,15.350585422756529,Low Risk
1452-XRSJV,0.09876427697381097,9.876427697381098,Low Risk
3422-WJOYD,0.05557923209821894,5.557923209821894,Low Risk
8242-SOQUO,0.6714078661494952,67.14078661494952,High Risk
7460-ITWWP,0.48910590662285963,48.91059066228596,Medium Risk
7147-AYBAA,0.38163044149096254,38.16304414909625,Medium Risk
7868-TMWMZ,0.0051062308231473175,0.5106230823147317,Low Risk
4822-RVYBB,0.8373694634509242,83.73694634509242,High Risk
6732-FZUGP,0.12159251822479947,12.159251822479947,Low Risk
8436-BJUMM,0.6250452733281301,62.50452733281301,High Risk
4184-TJFAN,0.5848760242734508,58.487602427345074,Medium Risk
8329-GWVPJ,0.2187496037850864,21.87496037850864,Low Risk
1352-VHKAJ,0.23118609187730066,23.118609187730065,Low Risk
4145-UQXUQ,0.8293490449741531,82.9349044974153,High Risk
2632-TACXW,0.0006824426802984287,0.06824426802984287,Low Risk
8146-QQKZH,0.0012535257027866036,0.12535257027866037,Low Risk
1767-CJKBA,0.0009699159606997254,0.09699159606997254,Low Risk
6445-TNRXS,0.003355680750071398,0.3355680750071398,Low Risk
4581-LNWUM,0.4029289885956283,40.29289885956283,Medium Risk
4869-EPIUS,0.19180871092608073,19.180871092608072,Low Risk
9948-YPTDG,0.3675677972915892,36.75677972915892,Medium Risk
1236-WFCDV,0.6037920062572472,60.379200625724714,High Risk
1915-OAKWD,0.04593004812637043,4.593004812637043,Low Risk
7296-PIXQY,0.45837030311806515,45.837030311806515,Medium Risk
4883-QICIH,0.39176340144181143,39.17634014418114,Medium Risk
3354-OADJP,0.057445615695109434,5.744561569510943,Low Risk
3524-WQDSG,0.4394939801661838,43.94939801661838,Medium Risk
0810-DHDBD,0.04049323018926131,4.049323018926131,Low Risk
4026-SKKHW,0.37718776115704916,37.71877611570492,Medium Risk
2829-HYVZP,0.055454629471630185,5.545462947163019,Low Risk
8329-IBCTI,0.2784921482810889,27.84921482810889,Low Risk
1271-SJBGZ,0.4579788031798715,45.79788031798715,Medium Risk
3845-JHAMY,0.2688156856178675,26.88156856178675,Low Risk
7013-PSXHK,0.2227718689495106,22.277186894951058,Low Risk
5669-SRAIP,0.5142339431303679,51.42339431303679,Medium Risk
5981-ITEMU,0.5517500823971812,55.17500823971812,Medium Risk
3486-NPGST,0.03951896950818461,3.9518969508184614,Low Risk
6941-PMGEP,0.7165642881177454,71.65642881177455,High Risk
1624-WOIWJ,0.6195264574365732,61.95264574365732,High Risk
2074-GKOWZ,0.6716870405963363,67.16870405963363,High Risk
0376-YMCJC,0.45843105180557425,45.84310518055742,Medium Risk
6100-FJZDG,0.03075924196490882,3.075924196490882,Low Risk
4829-ZLJTK,0.012378854137694812,1.2378854137694812,Low Risk
1730-VFMWO,0.11335865438090575,11.335865438090575,Low Risk
7143-BQIBA,0.13938695065131035,13.938695065131036,Low Risk
3800-LYTRK,0.0835782510282419,8.35782510282419,Low Risk
0634-SZPQA,0.4689528056138489,46.89528056138489,Medium Risk
9646-NMHXE,0.0012327963472329756,0.12327963472329756,Low Risk
7030-NJVDP,0.24185902961837524,24.185902961837524,Low Risk
5536-RTPWK,0.5419749543194213,54.19749543194213,Medium Risk
8883-GRDWQ,0.0915218878654966,9.15218878654966,Low Risk
6166-ILMNY,0.45684800279373444,45.68480027937344,Medium Risk
3097-NNSPB,0.5294518097501848,52.94518097501848,Medium Risk
7771-ZONAT,0.004224464470551569,0.4224464470551569,Low Risk
0655-RBDUG,0.7017839915399607,70.17839915399607,High Risk
2111-DWYHN,0.16148915847413498,16.148915847413498,Low Risk
4194-WHFCB,0.19564026256885023,19.564026256885022,Low Risk
4121-AGSIN,0.020255453793981144,2.0255453793981144,Low Risk
4361-BKAXE,0.37491858847006904,37.4918588470069,Medium Risk
9845-PEEKO,0.00977336058971866,0.9773360589718659,Low Risk
0455-XFASS,0.5042095345567712,50.42095345567712,Medium Risk
0301-KOBTQ,0.0013719989504348818,0.13719989504348817,Low Risk
1751-NCDLI,0.5801008717920311,58.010087179203104,Medium Risk
9878-TNQGW,0.6721417319329754,67.21417319329754,High Risk
9170-ARBTB,0.014166704596685805,1.4166704596685806,Low Risk
4441-NIHPT,0.7036360799209657,70.36360799209656,High Risk
8999-BOHSE,0.6889530380549248,68.89530380549247,High Risk
7241-AJHFS,0.11388297411146286,11.388297411146286,Low Risk
7029-RPUAV,0.7181372529002752,71.81372529002752,High Risk
4546-FOKWR,0.5059503008916251,50.595030089162506,Medium Risk
9036-CSKBW,0.1504483061371393,15.04483061371393,Low Risk
5832-TRLPB,0.13075755893903357,13.075755893903358,Low Risk
8590-YFFQO,0.0006568783208654907,0.06568783208654908,Low Risk
8659-IOOPU,0.0026207439572027065,0.26207439572027064,Low Risk
1338-CECEE,0.12371396875928933,12.371396875928934,Low Risk
7439-DKZTW,0.5699897713545469,56.99897713545469,Medium Risk
4646-QZXTF,0.23482008298804607,23.482008298804608,Low Risk
4607-CHPCA,0.4648149318998208,46.48149318998208,Medium Risk
9742-XOKTS,0.03817112560338165,3.817112560338165,Low Risk
6921-OZMFH,0.35315277961992914,35.31527796199291,Medium Risk
9578-FOMUK,0.15056921400139558,15.056921400139558,Low Risk
4712-UYOOI,0.09802197751515952,9.802197751515953,Low Risk
8824-RWFXJ,0.6242427957916391,62.42427957916391,High Risk
7722-CVFXN,0.1777770716590818,17.77770716590818,Low Risk
8717-VCTXJ,0.03979676614413282,3.979676614413282,Low Risk
7363-QTBIW,0.5676644153669331,56.766441536693314,Medium Risk
4159-NAAIX,0.009522107085746481,0.9522107085746481,Low Risk
0971-QIFJK,0.0005657508683171832,0.056575086831718316,Low Risk
9397-TZSHA,0.0005900989466464328,0.059009894664643285,Low Risk
3391-JSQEW,0.3126287514773616,31.262875147736157,Medium Risk
0343-QLUZP,0.0010236639701346785,0.10236639701346785,Low Risk
9763-PDTKK,0.41488775909957654,41.48877590995765,Medium Risk
2176-LVPNX,0.004349373316537728,0.43493733165377274,Low Risk
7627-JKIAZ,0.48946245009519246,48.946245009519245,Medium Risk
3312-UUMZW,0.48887027856350856,48.887027856350855,Medium Risk
1271-UODNO,0.0034652255783472023,0.34652255783472025,Low Risk
8461-EFQYM,0.0526603138076289,5.2660313807628905,Low Risk
6900-RBKER,0.010545620129345373,1.0545620129345372,Low Risk
6891-JPYFF,0.3388776269364481,33.88776269364481,Medium Risk
1459-QNFQT,0.0007410931477278684,0.07410931477278684,Low Risk
1047-NNCBF,0.28621930654956923,28.621930654956923,Low Risk
3696-XRIEN,0.07904882270003802,7.904882270003802,Low Risk
4081-DYXAV,0.2877260803505083,28.77260803505083,Low Risk
0074-HDKDG,0.08047952085422588,8.047952085422589,Low Risk
8791-GFXLZ,0.3494051849381396,34.94051849381396,Medium Risk
8111-SLLHI,0.748124706384319,74.8124706384319,High Risk
0927-LCSMG,0.6302389044231056,63.02389044231056,High Risk
9330-DHBFL,0.09179262716571854,9.179262716571854,Low Risk
0098-BOWSO,0.10578735047625996,10.578735047625996,Low Risk
3452-ABWRL,0.44911948002513524,44.911948002513526,Medium Risk
5859-HZYLF,0.0014824047410932643,0.14824047410932642,Low Risk
8257-RZAHR,0.4300809410824408,43.00809410824408,Medium Risk
5293-WXJAK,0.6851470837097217,68.51470837097217,High Risk
3156-QLHBO,0.1645209277733243,16.45209277733243,Low Risk
2208-NQBCT,0.2489248305467036,24.89248305467036,Low Risk
1779-PWPMG,0.005013566901792396,0.5013566901792396,Low Risk
6621-NRZAK,0.0004780732299838947,0.04780732299838947,Low Risk
0831-JNISG,0.000595127224902292,0.059512722490229195,Low Risk
0774-IFUVM,0.2754435377037606,27.544353770376063,Low Risk
3082-WQRVY,0.08063684557304161,8.06368455730416,Low Risk
9553-DLCLU,0.006392899453432264,0.6392899453432264,Low Risk
1641-BYBTK,0.1716590396617156,17.165903966171562,Low Risk
2460-NGXBJ,0.47989424115711254,47.98942411571125,Medium Risk
2446-ZKVAF,0.2782858513816281,27.828585138162808,Low Risk
0841-NULXI,0.49963463460678115,49.96346346067811,Medium Risk
3522-CDKHF,0.20556737890273852,20.55673789027385,Low Risk
1430-SFQSA,0.038861902325590565,3.8861902325590565,Low Risk
0411-EZJZE,0.5545237825509715,55.452378255097145,Medium Risk
7851-WZEKY,0.8130380392036951,81.30380392036952,High Risk
8844-TONUD,0.7536989911153893,75.36989911153893,High Risk
8807-ARQET,0.3006079619179272,30.060796191792722,Medium Risk
8992-CEUEN,0.1551205630179758,15.51205630179758,Low Risk
4320-QMLLA,0.45398224213982485,45.39822421398249,Medium Risk
8777-PVYGU,0.11356995686412878,11.356995686412878,Low Risk
8292-ITGYJ,0.001248121131489144,0.12481211314891441,Low Risk
6870-ZWMNX,0.0019822192959219635,0.19822192959219634,Low Risk
0621-CXBKL,0.001199049370160161,0.1199049370160161,Low Risk
5268-DSMNQ,0.23733372827578478,23.733372827578478,Low Risk
5334-JLAXU,0.23903829412862118,23.90382941286212,Low Risk
4086-YQSNZ,0.7715124498078852,77.15124498078852,High Risk
6242-MBHPK,0.5175253017784864,51.75253017784864,Medium Risk
5868-CZJDR,0.5138790733688449,51.38790733688449,Medium Risk
9359-UGBTK,0.02870811111284078,2.870811111284078,Low Risk
0135-NMXAP,0.6627391176491846,66.27391176491845,High Risk
4782-OSFXZ,0.002253742995996942,0.2253742995996942,Low Risk
6479-OAUSD,0.027861199739239232,2.786119973923923,Low Risk
7129-ACFOG,0.36422168725047344,36.42216872504734,Medium Risk
4189-NAKJS,0.16002472706373191,16.00247270637319,Low Risk
5562-BETPV,0.07384573238777549,7.384573238777549,Low Risk
1282-IHQAC,0.07271414099504915,7.2714140995049155,Low Risk
9127-FHJBZ,0.004620409438921835,0.46204094389218353,Low Risk
6270-OMFIW,0.2445659091362187,24.45659091362187,Low Risk
1641-RQDAY,0.6488296638142976,64.88296638142977,High Risk
0107-WESLM,0.2663326577457265,26.63326577457265,Low Risk
6994-ORCWG,0.32322771495570424,32.32277149557042,Medium Risk
1346-UFHAX,0.3236426537520815,32.36426537520815,Medium Risk
3992-YWPKO,0.6641639860126505,66.41639860126504,High Risk
2933-XEUJM,0.009203670168562304,0.9203670168562303,Low Risk
0125-LZQXK,0.6053935901663596,60.53935901663596,High Risk
5461-QKNTN,0.3859397367568098,38.593973675680985,Medium Risk
4835-YSJMR,0.0026135310706648174,0.26135310706648174,Low Risk
8399-YNDCH,0.5444071792855578,54.440717928555785,Medium Risk
3164-YAXFY,0.17685965966171166,17.685965966171167,Low Risk
0887-WBJVH,0.16699297682363132,16.69929768236313,Low Risk
4660-IRIBM,0.47839690326825624,47.839690326825625,Medium Risk
5673-FSSMF,0.7049937387570212,70.49937387570212,High Risk
7670-ZBPOQ,0.028664603368640417,2.8664603368640416,Low Risk
8089-UZWLX,0.010311052925306584,1.0311052925306585,Low Risk
0080-OROZO,0.24024667042546927,24.024667042546927,Low Risk
3916-NRPAP,0.5340882360478577,53.40882360478577,Medium Risk
6807-SIWJI,0.2519142148573569,25.191421485735688,Low Risk
8221-HVAYI,0.002383565726760305,0.2383565726760305,Low Risk
1579-KLYDT,0.7362737104136605,73.62737104136605,High Risk
5232-NXPAY,0.006860853143658238,0.6860853143658239,Low Risk
8967-SZQAS,0.3544586181361328,35.44586181361328,Medium Risk
4468-KAZHE,0.5322906721537202,53.22906721537202,Medium Risk
0455-ENTCR,0.002396561933048543,0.23965619330485433,Low Risk
8944-AILEF,0.09700442428226354,9.700442428226355,Low Risk
5542-NKVRU,0.0011576675331418118,0.11576675331418118,Low Risk
7126-RBHSD,0.33081295004305655,33.08129500430566,Medium Risk
5370-IIVVL,0.1914464819901669,19.14464819901669,Low Risk
6789-HJBWG,0.42243399885289007,42.24339988528901,Medium Risk
3927-NLNRY,0.2889087701732585,28.89087701732585,Low Risk
9087-EYCPR,0.0012615407863419185,0.12615407863419184,Low Risk
6791-YBNAK,0.1557277703495094,15.57277703495094,Low Risk
6358-LYNGM,0.6888339910400338,68.88339910400339,High Risk
6077-BDPXA,0.5209814090617982,52.09814090617982,Medium Risk
0013-MHZWF,0.33162921644214144,33.162921644214144,Medium Risk
5494-HECPR,0.7230853006780954,72.30853006780954,High Risk
8268-YDIXR,0.1167855103072846,11.67855103072846,Low Risk
9824-BEMCV,0.5545968812693429,55.459688126934296,Medium Risk
1373-ORVIZ,0.514572974262745,51.45729742627449,Medium Risk
4291-SHSBH,0.47725907701595266,47.72590770159527,Medium Risk
6980-IMXXE,0.0003975906152974163,0.03975906152974163,Low Risk
9866-QEVEE,0.5923664583126754,59.236645831267545,Medium Risk
9897-KXHCM,0.707820756051316,70.7820756051316,High Risk
0040-HALCW,0.0005422285662128807,0.05422285662128807,Low Risk
0784-GTUUK,0.01812468147386269,1.812468147386269,Low Risk
7979-CORPM,0.587418984342016,58.7418984342016,Medium Risk
2294-DMMUS,0.25452884410859533,25.452884410859532,Low Risk
0872-JCPIB,0.23010802905876282,23.010802905876282,Low Risk
3055-MJDSB,0.40557635976233725,40.557635976233726,Medium Risk
9091-WTUUY,0.0015185639514826395,0.15185639514826396,Low Risk
1618-CFHME,0.7039209517089483,70.39209517089483,High Risk
3165-HDOEW,0.5921640917206937,59.216409172069376,Medium Risk
6581-NQCBA,0.4254422375984392,42.544223759843916,Medium Risk
7115-IRDHS,0.0005237338435470511,0.05237338435470511,Low Risk
8496-DMZUK,0.11383203057045821,11.38320305704582,Low Risk
2040-VZIKE,0.4131358071568498,41.31358071568498,Medium Risk
9068-VPWQQ,0.0013931731417827302,0.13931731417827303,Low Risk
0178-SZBHO,0.3592120432037706,35.92120432037706,Medium Risk
0384-RVBPI,0.2064255716033129,20.64255716033129,Low Risk
1689-MRZQR,0.4849322833544662,48.49322833544662,Medium Risk
1299-AURJA,0.000499077077165766,0.0499077077165766,Low Risk
4525-VZCZG,0.0938737913916043,9.38737913916043,Low Risk
1543-LLLFT,0.21135069102219314,21.135069102219315,Low Risk
5835-BEQEU,0.6737357804572469,67.37357804572468,High Risk
2788-CJQAQ,0.06204946912908323,6.204946912908324,Low Risk
5565-FILXA,0.8147934959588611,81.4793495958861,High Risk
0319-QZTCO,0.4323539805985071,43.23539805985071,Medium Risk
2120-SMPEX,0.12699702745261018,12.699702745261018,Low Risk
0096-FCPUF,0.34010783779442927,34.010783779442924,Medium Risk
0668-OGMHD,0.17390655223215984,17.390655223215983,Low Risk
5552-ZNFSJ,0.5072638775429532,50.726387754295324,Medium Risk
2223-KAGMX,0.1397959680924365,13.979596809243649,Low Risk
6507-ZJSUR,0.6126282111310368,61.26282111310368,High Risk
9408-HRXRK,0.39360277931771825,39.360277931771826,Medium Risk
5593-SUAOO,0.20419530799602081,20.419530799602082,Low Risk
7321-PKUYW,0.5491258520268488,54.91258520268488,Medium Risk
2833-SLKDQ,0.557182206616876,55.7182206616876,Medium Risk
6766-HFKLA,0.006673709216087737,0.6673709216087736,Low Risk
7595-EUIVN,0.6316797128511085,63.167971285110845,High Risk
7617-EYGLW,0.15985153916664624,15.985153916664624,Low Risk
2026-TGDHM,0.7104275799441815,71.04275799441815,High Risk
9220-ZNKJI,0.0051169039832535184,0.5116903983253518,Low Risk
4030-VPZBD,0.3520327021281127,35.20327021281127,Medium Risk
2226-ICFDO,0.0019308503630652844,0.19308503630652846,Low Risk
0723-VSOBE,0.14242319267522105,14.242319267522104,Low Risk
5529-GIBVH,0.00138223605331719,0.138223605331719,Low Risk
4187-CINZD,0.3661440076314434,36.61440076314434,Medium Risk
9992-UJOEL,0.5432088404285162,54.320884042851624,Medium Risk
4741-WWJQZ,0.28150567722198816,28.150567722198815,Low Risk
6625-UTXEW,0.4132015731255451,41.320157312554514,Medium Risk
6818-WOBHJ,0.48319123209717063,48.31912320971706,Medium Risk
6244-BESBM,0.0036641202481240333,0.3664120248124033,Low Risk
1004-NOZNR,0.11357208779290393,11.357208779290392,Low Risk
1251-STYSZ,0.5179011860662109,51.79011860662109,Medium Risk
2612-PHGOX,0.002870650402141905,0.2870650402141905,Low Risk
2408-TZMJL,0.296560695609001,29.6560695609001,Low Risk
8480-PPONV,0.002825763355206022,0.2825763355206022,Low Risk
8780-IHCRN,0.0005546287820140764,0.055462878201407634,Low Risk
4598-ZADCK,0.043872053469808145,4.3872053469808145,Low Risk
1257-SXUXQ,0.14172432043437064,14.172432043437064,Low Risk
9681-KYGYB,0.3302883001795082,33.028830017950824,Medium Risk
7182-OVLBJ,0.0060023231203322385,0.6002323120332238,Low Risk
5095-ETBRJ,0.001685719021620825,0.16857190216208248,Low Risk
7005-CYUIL,0.0042521555340684115,0.42521555340684114,Low Risk
4821-WQOYN,0.0004922460633930964,0.04922460633930965,Low Risk
4730-AWNAU,0.03632962098920574,3.632962098920574,Low Risk
3452-FLHYD,0.033956527193296775,3.3956527193296773,Low Risk
2388-LAESQ,0.004997530536567062,0.4997530536567062,Low Risk
9531-NSBMR,0.03029554092296831,3.0295540922968307,Low Risk
6260-ONULR,0.6216058589022828,62.16058589022828,High Risk
4389-UEFCZ,0.00852916981716049,0.852916981716049,Low Risk
8711-LOBKY,0.0008161804613069218,0.08161804613069218,Low Risk
9134-CEQMF,0.795849217599362,79.5849217599362,High Risk
8985-OOPOS,0.19859615547957585,19.859615547957585,Low Risk
8800-ZKRFW,0.4867472730872297,48.67472730872297,Medium Risk
2616-FLVQC,0.0007989516422098069,0.0798951642209807,Low Risk
9968-FFVVH,0.021831460478513993,2.183146047851399,Low Risk
3108-PCCGG,0.003960985637817042,0.39609856378170416,Low Risk
7993-PYKOF,0.429551098218575,42.9551098218575,Medium Risk
8390-FESFV,0.003789967165495175,0.3789967165495175,Low Risk
3022-BEXHZ,0.005806626011072634,0.5806626011072634,Low Risk
5027-XWQHA,0.48544382102820094,48.544382102820094,Medium Risk
6248-TKCQV,0.001788658523937892,0.17886585239378922,Low Risk
6729-GDNGC,0.43358517751345205,43.358517751345204,Medium Risk
6198-ZFIOJ,0.5968786622197256,59.68786622197256,Medium Risk
5989-OMNJE,0.1349878714698659,13.49878714698659,Low Risk
4566-QVRRW,0.5443044198147107,54.43044198147107,Medium Risk
1291-CUOCY,0.005611896586163213,0.5611896586163213,Low Risk
9795-SHUHB,0.0008866364644873458,0.08866364644873459,Low Risk
3230-IUALN,0.004802330083555845,0.4802330083555845,Low Risk
0042-RLHYP,0.0003996742812735749,0.03996742812735749,Low Risk
8519-IMDHU,0.679673258345452,67.9673258345452,High Risk
4945-RVMTE,0.3261598066580329,32.61598066580329,Medium Risk
0201-OAMXR,0.10550851905123332,10.550851905123332,Low Risk
1866-NXPSP,0.10494050591027981,10.494050591027982,Low Risk
3372-KWFBM,0.7408092005527972,74.08092005527972,High Risk
7831-QGOXH,0.6954794089852304,69.54794089852304,High Risk
6393-WRYZE,0.6852562093884377,68.52562093884377,High Risk
3941-XTSKM,0.0936756464404275,9.36756464404275,Low Risk
1661-CZBAU,0.04661222342232328,4.661222342232328,Low Risk
6599-RCLCJ,0.5283291923094109,52.83291923094109,Medium Risk
9831-BPFRI,0.2588871281004577,25.88871281004577,Low Risk
5158-RIVOP,0.0018481759854583617,0.18481759854583618,Low Risk
9788-YTFGE,0.1798078057107983,17.98078057107983,Low Risk
9277-JOOMO,0.2053885867465844,20.53885867465844,Low Risk
1907-YLNYW,0.3637716720366948,36.37716720366948,Medium Risk
1725-MIMXW,0.29184224441541007,29.184224441541005,Low Risk
8947-YRTDV,0.18048408157442272,18.04840815744227,Low Risk
3161-ONRWK,0.021140195412114,2.1140195412114,Low Risk
0114-RSRRW,0.11437398593242536,11.437398593242536,Low Risk
4565-NLZBV,0.0006989651804906486,0.06989651804906487,Low Risk
0031-PVLZI,0.24706579358656658,24.706579358656658,Low Risk
7206-GZCDC,0.7338432666717869,73.38432666717868,High Risk
6682-VCIXC,0.029950941072863054,2.9950941072863055,Low Risk
4791-QRGMF,0.3094771841946145,30.947718419461452,Medium Risk
6475-VHUIZ,0.22718542659531657,22.718542659531657,Low Risk
3910-MRQOY,0.00040832182406726235,0.04083218240672624,Low Risk
0661-WCQNQ,0.048204000776822555,4.8204000776822555,Low Risk
7537-RBWEA,0.39709545213796393,39.709545213796396,Medium Risk
4656-CAURT,0.0005188315738118669,0.05188315738118669,Low Risk
0121-SNYRK,0.030984479172318228,3.0984479172318227,Low Risk
1768-ZAIFU,0.526843267580967,52.6843267580967,Medium Risk
4671-LXRDQ,0.6080815041134496,60.80815041134496,High Risk
3733-LSYCE,0.3412536748189631,34.12536748189631,Medium Risk
6265-FRMTQ,0.00106163557425613,0.10616355742561301,Low Risk
1934-SJVJK,0.2563818923215807,25.63818923215807,Low Risk
3838-OZURD,0.4843997560865976,48.43997560865976,Medium Risk
9269-CQOOL,0.5243676874872919,52.43676874872919,Medium Risk
2017-CCBLH,0.0037128159852580925,0.3712815985258093,Low Risk
7690-KPNCU,0.06374507037846733,6.374507037846733,Low Risk
0536-BGFMZ,0.10247623730591988,10.247623730591988,Low Risk
2293-IJWPS,0.2287638767691053,22.876387676910532,Low Risk
2845-HSJCY,0.6928549221104914,69.28549221104913,High Risk
5469-NUJUR,0.0033012330455365123,0.33012330455365124,Low Risk
1184-PJVDB,0.6608450423359702,66.08450423359702,High Risk
2625-TRCZQ,0.284218542204293,28.4218542204293,Low Risk
4102-HLENU,0.003039477779939948,0.3039477779939948,Low Risk
7266-GSSJX,0.13263837823763694,13.263837823763694,Low Risk
7722-VJRQD,0.0006993982639143685,0.06993982639143685,Low Risk
7073-QETQY,0.016757770048938754,1.6757770048938754,Low Risk
9415-DPEWS,0.5783880745445263,57.838807454452635,Medium Risk
5624-RYAMH,0.1635840286638512,16.35840286638512,Low Risk
0196-JTUQI,0.45775908346442806,45.775908346442804,Medium Risk
7130-YXBRO,0.3483302267425928,34.833022674259276,Medium Risk
9272-LSVYH,0.453341795487662,45.3341795487662,Medium Risk
7943-RQCHR,0.7909850877541269,79.0985087754127,High Risk
3793-MMFUH,0.8262571062495868,82.62571062495869,High Risk
3249-ZPQRG,0.6476112875260611,64.76112875260611,High Risk
2568-BRGYX,0.6284303311981938,62.84303311981938,High Risk
3084-DOWLE,0.0016760089044290081,0.1676008904429008,Low Risk
1084-MNSMJ,0.002050771188358097,0.20507711883580973,Low Risk
7721-JXEAW,0.21037540838568985,21.037540838568987,Low Risk
7249-WBIYX,0.6713804099782951,67.1380409978295,High Risk
4238-HFHSN,0.357212715576335,35.7212715576335,Medium Risk
6250-CGGUN,0.04526775983409236,4.5267759834092365,Low Risk
5478-JJVZK,0.29230424453017356,29.230424453017356,Low Risk
7596-IIWYC,0.0017097212425406054,0.17097212425406055,Low Risk
6567-HOOPW,0.7837093203146471,78.37093203146472,High Risk
9793-WECQC,0.5559972820233541,55.599728202335406,Medium Risk
4291-HPAXL,0.15396425142042924,15.396425142042924,Low Risk
8999-YPYBV,0.004756892793373742,0.4756892793373742,Low Risk
1839-FBNFR,0.0011408313164422209,0.11408313164422208,Low Risk
3164-AALRN,0.5699208996556462,56.99208996556462,Medium Risk
3071-MVJCD,0.0009531319888495271,0.09531319888495271,Low Risk
1697-BCSHV,0.21657925058905603,21.657925058905604,Low Risk
0562-KBDVM,0.0006499370778804114,0.06499370778804114,Low Risk
1131-SUEKT,0.09418141436808633,9.418141436808632,Low Risk
3717-OEAUQ,0.4893176056438749,48.93176056438749,Medium Risk
4538-WNTMJ,0.035417774950313397,3.5417774950313397,Low Risk
3334-CTHOL,0.4816347886276622,48.16347886276622,Medium Risk
4704-ERYFC,0.5709766218301789,57.097662183017896,Medium Risk
9432-RUVSL,0.004775660102710357,0.4775660102710357,Low Risk
8060-HIWJJ,0.0032849540852777004,0.32849540852777004,Low Risk
7684-XSZIY,0.00042657806007712686,0.042657806007712684,Low Risk
9089-UOWJG,0.436299239917803,43.6299239917803,Medium Risk
8621-MNIHH,0.6924280804799445,69.24280804799446,High Risk
8039-ACLPL,0.0016383128286175668,0.1638312828617567,Low Risk
9885-AIBVB,0.4588439334887849,45.88439334887849,Medium Risk
1934-MKPXS,0.020508992028577262,2.0508992028577264,Low Risk
2592-YKDIF,0.17788969553615513,17.788969553615512,Low Risk
2272-JKMSI,0.19761595121687056,19.761595121687055,Low Risk
0471-LVHGK,0.3995080252193287,39.95080252193287,Medium Risk
9518-RWHZL,0.31693204620132553,31.693204620132555,Medium Risk
8714-CTZJW,0.5404913415500308,54.049134155003074,Medium Risk
3569-EDBPQ,0.2425177165537663,24.25177165537663,Low Risk
3131-NWVFJ,0.0609142884552855,6.09142884552855,Low Risk
7521-YXVZY,0.14809204164002607,14.809204164002606,Low Risk
5419-CONWX,0.7675923589814593,76.75923589814593,High Risk
6240-EURKS,0.4699272847063146,46.99272847063146,Medium Risk
2373-NTKOD,0.5289413102526545,52.894131025265445,Medium Risk
1970-KKFWL,0.0013950309640467172,0.13950309640467173,Low Risk
6960-HVYXR,0.6568323429310678,65.68323429310678,High Risk
9337-SRRNI,0.0006769325349759015,0.06769325349759014,Low Risk
0895-UADGO,0.005007203770916478,0.5007203770916479,Low Risk
5678-VFNEQ,0.11975515975873206,11.975515975873206,Low Risk
5977-CKHON,0.36494278257288915,36.49427825728891,Medium Risk
7024-OHCCK,0.8587889422728678,85.87889422728678,High Risk
2692-BUCFV,0.5398606095280288,53.98606095280288,Medium Risk
7861-UVUFT,0.640032496692271,64.0032496692271,High Risk
1830-GGFNM,0.0014110727632752715,0.14110727632752715,Low Risk
5302-BDJNT,0.2993314372386863,29.933143723868632,Low Risk
5223-UZAVK,0.10040599247050999,10.040599247050999,Low Risk
4859-ZSRDZ,0.002497464930769673,0.2497464930769673,Low Risk
5651-WYIPH,0.38506613845090715,38.50661384509071,Medium Risk
9350-VLHMB,0.24941912180791462,24.941912180791462,Low Risk
3498-LZGQZ,0.000965533346157766,0.0965533346157766,Low Risk
8785-CJSHH,0.4604920489202035,46.04920489202035,Medium Risk
5357-TZHPP,0.6817515674419117,68.17515674419117,High Risk
3870-SPZSI,0.0036319110262280634,0.36319110262280635,Low Risk
0680-DFNNY,0.7615606740462593,76.15606740462593,High Risk
7560-QRBXH,0.026702783826363305,2.6702783826363303,Low Risk
7077-XJMET,0.40543195954612493,40.54319595461249,Medium Risk
8752-GHJFU,0.07498987929899373,7.498987929899373,Low Risk
6896-SRVYQ,0.38824600687254424,38.824600687254424,Medium Risk
7767-UXAGJ,0.6108838848024616,61.08838848024616,High Risk
4652-ODEVH,0.001505368644585885,0.15053686445858852,Low Risk
6510-UPNKS,0.040805346337003355,4.080534633700336,Low Risk
6718-BDGHG,0.09068646561918822,9.068646561918822,Low Risk
9046-DQMTP,0.04744470210474611,4.744470210474612,Low Risk
6439-LAJXL,0.2779179491467174,27.79179491467174,Low Risk
1571-SAVHK,0.6922970535731504,69.22970535731504,High Risk
9052-VKDUW,0.33432815978157704,33.432815978157706,Medium Risk
9546-CQJSU,0.7724053795165005,77.24053795165004,High Risk
1666-JZPZT,0.34480012410711436,34.48001241071144,Medium Risk
5777-KJIRB,0.1768463681250227,17.68463681250227,Low Risk
0506-LVNGN,0.6134070768863679,61.34070768863678,High Risk
7677-SJJJK,0.03793683105834467,3.7936831058344667,Low Risk
2480-EJWYP,0.2848382623371012,28.48382623371012,Low Risk
3253-HKOKL,0.14161104830418741,14.161104830418742,Low Risk
7055-HNEOJ,0.3509997682255435,35.09997682255435,Medium Risk
5514-YQENT,0.006784039839648265,0.6784039839648265,Low Risk
3211-AAPKX,0.6068097592376318,60.68097592376318,High Risk
8445-DNBAE,0.5330290803817443,53.30290803817444,Medium Risk
2951-QOQTK,0.39169756248596355,39.16975624859636,Medium Risk
2958-NHPPS,0.09002773755045455,9.002773755045455,Low Risk
6806-YDEUL,0.14665771637069264,14.665771637069264,Low Risk
1735-XMJVH,0.177975996258291,17.7975996258291,Low Risk
6890-PFRQX,0.35233934900322517,35.23393490032252,Medium Risk
0222-CNVPT,0.17278052852013095,17.278052852013097,Low Risk
5899-OUVKV,0.603956258742243,60.3956258742243,High Risk
8681-ICONS,0.10625924121642794,10.625924121642793,Low Risk
1621-YNCJH,0.005890249017747161,0.5890249017747161,Low Risk
3473-XIIIT,0.7784029041175843,77.84029041175843,High Risk
6362-QHAFM,0.25732440322003897,25.732440322003896,Low Risk
7893-IXHRQ,0.1578362285671707,15.78362285671707,Low Risk
3070-BDOQC,0.016259323745791105,1.6259323745791106,Low Risk
2952-QAYZF,0.6699732757240369,66.99732757240369,High Risk
6234-PFPXL,0.17664991213685807,17.664991213685806,Low Risk
9824-QCJPK,0.03497218420887784,3.4972184208877843,Low Risk
4763-PGDPO,0.5981408030829167,59.81408030829167,Medium Risk
4283-IVYCI,0.22516343091766663,22.516343091766664,Low Risk
1866-OBPNR,0.37304895768581675,37.30489576858167,Medium Risk
8205-MQUGY,0.25287722503826354,25.287722503826355,Low Risk
8970-ANWXO,0.3019784532177159,30.197845321771588,Medium Risk
9480-BQJEI,0.10367482533218551,10.367482533218551,Low Risk
5394-SVGJV,0.3927980173829449,39.27980173829449,Medium Risk
6979-TNDEU,0.15877286466901747,15.877286466901747,Low Risk
9777-WJJPR,0.3639359386261973,36.393593862619724,Medium Risk
9283-LZQOH,0.4707952637824554,47.07952637824554,Medium Risk
7079-QRCBC,0.7562176932110358,75.62176932110359,High Risk
9495-SKLKD,0.3572228071734279,35.72228071734279,Medium Risk
6048-UWKAL,0.00668934958856586,0.668934958856586,Low Risk
5067-DGXLL,0.17585325899300114,17.585325899300113,Low Risk
5469-CTCWN,0.1746406750794252,17.46406750794252,Low Risk
9851-QXEEQ,0.6834299069604046,68.34299069604046,High Risk
6281-FKEWS,0.1770428777694538,17.704287776945378,Low Risk
8898-KASCD,0.05623981289647435,5.6239812896474355,Low Risk
9242-TKFSV,0.00101494067712606,0.10149406771260601,Low Risk
9290-SHCMB,0.6993581247912104,69.93581247912104,High Risk
0743-HNPFG,0.038480312669958244,3.8480312669958243,Low Risk
2277-BKJKN,0.01762528876374171,1.762528876374171,Low Risk
9809-IMGCQ,0.7765191904348202,77.65191904348202,High Risk
5208-HFSBT,0.3933730958447336,39.33730958447336,Medium Risk
5035-PGZXH,0.3159034228498431,31.590342284984306,Medium Risk
8695-WDYEA,0.29814341604689354,29.814341604689353,Low Risk
6543-JXSOO,0.08783708429068202,8.783708429068202,Low Risk
8016-ZMGMO,0.14392684829937344,14.392684829937345,Low Risk
8605-ITULD,0.1795415256795656,17.954152567956562,Low Risk
3254-YRILK,0.7548046796039072,75.48046796039071,High Risk
6416-YJTTB,0.2832373166735085,28.32373166735085,Low Risk
2667-WYLWJ,0.14646936402739552,14.646936402739552,Low Risk
4472-VESGY,0.20767709231424006,20.767709231424007,Low Risk
3195-TQDZX,0.1643722605331747,16.43722605331747,Low Risk
3128-YOVTD,0.15047061138344553,15.047061138344553,Low Risk
0529-ONKER,0.6414511958092267,64.14511958092267,High Risk
1728-CXQBE,0.44970213799800335,44.970213799800334,Medium Risk
7041-TXQJH,0.22361233950978499,22.361233950978498,Low Risk
5014-GSOUQ,0.0029512839540957038,0.29512839540957037,Low Risk
5724-BIDBU,0.08063116056313949,8.063116056313948,Low Risk
0481-SUMCB,0.3302114445146963,33.02114445146963,Medium Risk
1769-GRUIK,0.44539543207322313,44.53954320732231,Medium Risk
5240-IJOQT,0.7522802991305646,75.22802991305646,High Risk
8819-WFGGJ,0.001978715414425739,0.1978715414425739,Low Risk
7427-AUFPY,0.0006073872604190427,0.06073872604190427,Low Risk
2811-POVEX,0.5217397131173273,52.17397131173273,Medium Risk
1092-GANHU,0.525240963961864,52.5240963961864,Medium Risk
7898-PDWQE,0.0011794807353196837,0.11794807353196837,Low Risk
9972-EWRJS,0.0005545013576862888,0.05545013576862888,Low Risk
9314-IJWSQ,0.5660150082983613,56.60150082983613,Medium Risk
0661-XEYAN,0.6098282814930946,60.98282814930946,High Risk
5799-JRCZO,0.00048858698634834,0.048858698634834,Low Risk
1921-KYSAY,0.15395747002138024,15.395747002138025,Low Risk
6198-RTPMF,0.5947285848398929,59.472858483989285,Medium Risk
2924-KHUVI,0.17439432088012793,17.439432088012794,Low Risk
1925-GMVBW,0.10425062289780747,10.425062289780747,Low Risk
7881-EVUAD,0.4076076378155274,40.76076378155274,Medium Risk
6184-DYUOB,0.20833293383719284,20.833293383719283,Low Risk
9207-ZPANB,0.059316673727189816,5.931667372718982,Low Risk
5766-XQXMQ,0.3639096839730073,36.39096839730073,Medium Risk
9327-QSDED,0.388555814466385,38.855581446638496,Medium Risk
1656-DRSMG,0.3051059605183255,30.51059605183255,Medium Risk
3012-VFFMN,0.14728224261658193,14.728224261658193,Low Risk
2984-AFWNC,0.710716695509757,71.0716695509757,High Risk
0640-YJTPY,0.00032622373064620326,0.032622373064620326,Low Risk
8096-LOIST,0.49302390023561865,49.30239002356186,Medium Risk
9764-REAFF,0.0005773275851741953,0.05773275851741953,Low Risk
3703-VAVCL,0.45013079430766634,45.01307943076663,Medium Risk
7107-UBYKY,0.10879526775294496,10.879526775294496,Low Risk
4881-GQJTW,0.07963081488936971,7.963081488936971,Low Risk
8519-QJGJD,0.5736801148747196,57.36801148747196,Medium Risk
7876-DNYAP,0.0004115231682829562,0.04115231682829562,Low Risk
7905-NJMXS,0.2511724238483564,25.11724238483564,Low Risk
2882-WDTBA,0.0010701279420607958,0.10701279420607958,Low Risk
2091-GPPIQ,0.004814538246402245,0.4814538246402245,Low Risk
6326-MTTXK,0.7456738198166444,74.56738198166444,High Risk
5071-FBJFS,0.25602827878703205,25.602827878703206,Low Risk
2796-UUZZO,0.1866477131966843,18.66477131966843,Low Risk
2429-AYKKO,0.0003686761016630446,0.03686761016630446,Low Risk
9798-OPFEM,0.0015614590842293467,0.15614590842293466,Low Risk
0330-IVZHA,0.5363666429658499,53.63666429658499,Medium Risk
3794-NFNCH,0.35140795853758305,35.140795853758306,Medium Risk
5193-QLVZB,0.011690526260375632,1.1690526260375633,Low Risk
7114-AEOZE,0.00056057432266493,0.056057432266493006,Low Risk
2886-KEFUM,0.4100039006282147,41.00039006282147,Medium Risk
5522-NYKPB,0.26402041662063913,26.402041662063912,Low Risk
4237-RLAQD,0.5323138572276748,53.23138572276748,Medium Risk
9957-YODKZ,0.6226972709012437,62.26972709012437,High Risk
6518-KZXCB,0.003037957629267121,0.3037957629267121,Low Risk
2245-ADZFJ,0.006230945285110477,0.6230945285110476,Low Risk
7776-QGYJC,0.19462217962469058,19.462217962469058,Low Risk
9313-QOLTZ,0.09795485657554948,9.795485657554948,Low Risk
9651-GTSAQ,0.22477185817718637,22.477185817718638,Low Risk
3186-BAXNB,0.564516864488795,56.4516864488795,Medium Risk
4672-FOTSD,0.2142978412760863,21.42978412760863,Low Risk
0637-YLETY,0.6783476899805261,67.83476899805261,High Risk
9818-XQCUV,0.17479196385034496,17.479196385034495,Low Risk
7338-ERIVA,0.02254183592621968,2.254183592621968,Low Risk
1157-BQCUW,0.6886828374209302,68.86828374209301,High Risk
8259-NFJTV,0.13334719002220366,13.334719002220366,Low Risk
3223-DWFIO,0.6027496370458019,60.27496370458019,High Risk
2660-EMUBI,0.8190505097367731,81.9050509736773,High Risk
6968-GMKPR,0.3480295113928298,34.80295113928298,Medium Risk
4751-ERMAN,0.004338040575519745,0.43380405755197454,Low Risk
1436-ZMJAN,0.5578134179908528,55.78134179908528,Medium Risk
3292-PBZEJ,0.6302409727471912,63.02409727471912,High Risk
0799-DDIHE,0.3107381598471149,31.07381598471149,Medium Risk
3070-FNFZQ,0.0013064974680011044,0.13064974680011043,Low Risk
2812-SFXMJ,0.1665774679262333,16.65774679262333,Low Risk
7675-OZCZG,0.5999128674696411,59.991286746964114,Medium Risk
5014-WUQMG,0.15367169160306907,15.367169160306906,Low Risk
5312-TSZVC,0.0616888999821892,6.16888999821892,Low Risk
2003-CKLOR,0.464860370590978,46.486037059097804,Medium Risk
0993-OSGPT,0.049087308560415106,4.908730856041511,Low Risk
9254-RBFON,0.2079588073977656,20.79588073977656,Low Risk
1205-WNWPJ,0.4536889536990359,45.36889536990359,Medium Risk
9391-EOYLI,0.7259338414966149,72.59338414966149,High Risk
7108-DGVUU,0.2672285436458939,26.722854364589388,Low Risk
2782-JEEBU,0.2026043681164626,20.260436811646258,Low Risk
5127-BZENZ,0.05102775726079942,5.102775726079941,Low Risk
2720-FVBQP,0.38013923073298744,38.01392307329874,Medium Risk
9906-NHHVC,0.006156396388530034,0.6156396388530034,Low Risk
4522-XRWWI,0.05601130770499786,5.601130770499786,Low Risk
3766-EJLFL,0.003383757055219357,0.3383757055219357,Low Risk
5939-SXWHM,0.000777416085424823,0.0777416085424823,Low Risk
8152-UOBNY,0.3106156839440269,31.061568394402688,Medium Risk
7351-KYHQH,0.6749665080615354,67.49665080615354,High Risk
7643-RCHXS,0.0007069016468491482,0.07069016468491482,Low Risk
8246-SHFGA,0.0772324942726253,7.723249427262529,Low Risk
8387-MOJJT,0.4468450898651924,44.68450898651924,Medium Risk
0620-XEFWH,0.14557556594925417,14.557556594925417,Low Risk
6485-QXWWE,0.0006157192728394204,0.061571927283942035,Low Risk
2761-OCIAX,0.6883856856048027,68.83856856048027,High Risk
7321-VGNKU,0.5221952542892139,52.219525428921386,Medium Risk
5327-CNLUQ,0.006988896571974327,0.6988896571974327,Low Risk
7552-KEYGT,0.0011725497942122053,0.11725497942122053,Low Risk
5816-JMLGY,0.00286800813419396,0.286800813419396,Low Risk
3068-OMWZA,0.8158404962850778,81.58404962850778,High Risk
2927-QRRQV,0.2734214460649936,27.342144606499357,Low Risk
6032-KRXXO,0.6450166282408565,64.50166282408564,High Risk
7459-RRWQZ,0.439387594566322,43.9387594566322,Medium Risk
6265-SXWBU,0.10416192419857678,10.416192419857678,Low Risk
7941-RCJOW,0.0005966007850917171,0.05966007850917171,Low Risk
6374-NTQLP,0.003105982684761957,0.3105982684761957,Low Risk
4154-AQUGT,0.4665813953019649,46.65813953019649,Medium Risk
2387-KDZQY,0.07136345156038783,7.136345156038783,Low Risk
3584-WKTTW,0.12786728671052908,12.786728671052908,Low Risk
3399-BMLVW,0.0008564676648893995,0.08564676648893994,Low Risk
1971-DTCZB,0.0022174647376791844,0.22174647376791845,Low Risk
3092-IGHWF,0.18407558712381553,18.40755871238155,Low Risk
3374-PZLXD,0.08501029024912887,8.501029024912887,Low Risk
3813-DHBBB,0.0007959961100742495,0.07959961100742495,Low Risk
2812-REYAT,0.021030424846209424,2.1030424846209423,Low Risk
6518-PPLMZ,0.0012551823780482874,0.12551823780482874,Low Risk
4939-KYYPY,0.2159467998061992,21.594679980619922,Low Risk
8017-LXHFA,0.7755778778076985,77.55778778076984,High Risk
5930-GBIWP,0.0016125301391631869,0.1612530139163187,Low Risk
6022-KOUQO,0.14068757830237358,14.068757830237358,Low Risk
6352-TWCAU,0.6171062250760825,61.71062250760825,High Risk
2361-UPSND,0.06075411914100153,6.075411914100153,Low Risk
6035-RIIOM,0.01469820979061849,1.4698209790618488,Low Risk
2929-QNSRW,0.4360783339866722,43.60783339866722,Medium Risk
1262-OPMFY,0.560960253895337,56.0960253895337,Medium Risk
9504-DSHWM,0.10643678231187825,10.643678231187826,Low Risk
5035-BVCXS,0.5250624471147453,52.50624471147452,Medium Risk
6267-DCFFZ,0.6011160762605056,60.11160762605056,High Risk
3533-UVMOM,0.0016835089101066532,0.16835089101066533,Low Risk
2439-LYPMQ,0.6420823123446627,64.20823123446627,High Risk
4248-QPAVC,0.4555699010395719,45.55699010395719,Medium Risk
1899-VXWXM,0.3819191881849419,38.191918818494194,Medium Risk
1478-VPOAD,0.39860910886026824,39.86091088602682,Medium Risk
9995-HOTOH,0.002521869481384085,0.2521869481384085,Low Risk
2988-PLAHS,0.41681417807431276,41.681417807431274,Medium Risk
1371-OJCEK,0.021613731425914745,2.1613731425914744,Low Risk
4999-IEZLT,0.016347213221274356,1.6347213221274355,Low Risk
8883-ANODQ,0.005784535662779838,0.5784535662779838,Low Risk
4690-LLKUA,0.47932014221312624,47.93201422131263,Medium Risk
2351-RRBUE,0.0704572259154072,7.045722591540721,Low Risk
5980-BDHPY,0.0021001513078124077,0.21001513078124076,Low Risk
1498-DQNRX,0.10102313230173685,10.102313230173685,Low Risk
9469-WEJBT,0.30521242721945036,30.521242721945036,Medium Risk
3331-HQDTW,0.5964604220584284,59.64604220584284,Medium Risk
9490-DFPMD,0.6623860202596362,66.23860202596362,High Risk
2581-VKIRT,0.036825860344115786,3.6825860344115786,Low Risk
5442-XSDCW,0.55800531475499,55.80053147549901,Medium Risk
7426-WEIJX,0.22916537190367114,22.916537190367116,Low Risk
2851-MMUTZ,0.2662658114103543,26.626581141035434,Low Risk
3049-NDXFL,0.7608063010892967,76.08063010892967,High Risk
8580-AECUZ,0.7654886946802221,76.5488694680222,High Risk
3307-TLCUD,0.18631542066093454,18.631542066093452,Low Risk
6625-FLENO,0.0009080407065038019,0.0908040706503802,Low Risk
2967-MXRAV,0.07465846640272981,7.465846640272981,Low Risk
7963-GQRMY,0.5573545811322664,55.73545811322664,Medium Risk
8189-HBVRW,0.24327142819493755,24.327142819493755,Low Risk
4163-KIUHY,0.10799947152702817,10.799947152702817,Low Risk
1228-FZFRV,0.3429560767447698,34.29560767447698,Medium Risk
3500-NSDOA,0.0017839968496260962,0.1783996849626096,Low Risk
1171-TYKUR,0.06617233951608033,6.617233951608033,Low Risk
3761-FLYZI,0.4874077875699431,48.74077875699431,Medium Risk
2058-DCJBE,0.625338565092665,62.533856509266506,High Risk
5364-XYIRR,0.5958729740866052,59.587297408660525,Medium Risk
4829-AUOAX,0.4153258755756074,41.53258755756074,Medium Risk
1219-NNDDO,0.5359661188276075,53.59661188276075,Medium Risk
8388-DMKAE,0.003703581622578607,0.37035816225786067,Low Risk
4403-BWPAY,0.05762086537886409,5.762086537886409,Low Risk
9659-QEQSY,0.30761800874858153,30.761800874858153,Medium Risk
5405-ZMYXQ,0.4646805919391779,46.46805919391779,Medium Risk
5047-LHVLY,0.6877489496146861,68.77489496146862,High Risk
1442-OKRJE,0.09658550678837069,9.658550678837068,Low Risk
4737-AQCPU,0.0007111406580288558,0.07111406580288558,Low Risk
9158-VCTQB,0.37515679268531155,37.51567926853115,Medium Risk
2808-CHTDM,0.0029175551030187906,0.2917555103018791,Low Risk
6311-UEUME,0.6062749966977741,60.62749966977741,High Risk
0793-TWELN,0.44169528048212836,44.16952804821284,Medium Risk
3283-WCWXT,0.003962930669713605,0.39629306697136046,Low Risk
1060-ENTOF,0.08467439550730325,8.467439550730326,Low Risk
0999-QXNSA,0.5023127423405422,50.231274234054226,Medium Risk
5451-MHQOF,0.032211104742281775,3.2211104742281775,Low Risk
4836-WNFNO,0.0005360920359891083,0.05360920359891083,Low Risk
9225-BZLNZ,0.00531007955055238,0.531007955055238,Low Risk
0354-VXMJC,0.001219174563394193,0.1219174563394193,Low Risk
4422-QVIJA,0.3093586280120212,30.93586280120212,Medium Risk
9365-SRSZE,0.45146272292732126,45.14627229273213,Medium Risk
6839-ITVZJ,0.38852771110679446,38.85277111067945,Medium Risk
8332-OSJDW,0.069853438804458,6.9853438804458,Low Risk
4735-BJKOU,0.0016506184797747967,0.16506184797747966,Low Risk
0274-JKUJR,0.3399905060634968,33.99905060634968,Medium Risk
5740-YHGTW,0.14824346269853833,14.824346269853834,Low Risk
8917-SZTTJ,0.00046652927716196333,0.046652927716196335,Low Risk
1696-MZVAU,0.062135731231618176,6.213573123161818,Low Risk
7359-WWYJV,0.0026702752396096934,0.26702752396096935,Low Risk
0375-HVGXO,0.5573789821403143,55.73789821403143,Medium Risk
4906-ZHGPK,0.0915472198769291,9.15472198769291,Low Risk
8593-WHYHV,0.7194364435553312,71.94364435553312,High Risk
3795-GWTRD,0.0010774115863824692,0.10774115863824692,Low Risk
1298-PHBTI,0.0036139958304877242,0.3613995830487724,Low Risk
6223-DHJGV,0.04367729612432711,4.3677296124327105,Low Risk
6961-MJKBO,0.000705020219172885,0.07050202191728851,Low Risk
6097-EQISJ,0.3148318591640791,31.48318591640791,Medium Risk
4423-YLHDV,0.5768375859291084,57.68375859291084,Medium Risk
8158-WPEZG,0.20449378624529685,20.449378624529686,Low Risk
0107-YHINA,0.8031331595589452,80.31331595589451,High Risk
4918-FYJNT,0.29029683356637204,29.029683356637204,Low Risk
0727-BNRLG,0.004448210426012108,0.44482104260121075,Low Risk
4854-CIDCF,0.6558897158358257,65.58897158358256,High Risk
8640-SDGKB,0.5851992409956387,58.519924099563866,Medium Risk
3280-MRDOF,0.00862434381696007,0.8624343816960071,Low Risk
6435-SRWBJ,0.5499065918145363,54.99065918145363,Medium Risk
9964-WBQDJ,0.0007224843015223784,0.07224843015223784,Low Risk
6303-KFWSL,0.23906573080089824,23.906573080089824,Low Risk
1702-CCFNJ,0.09159610407584165,9.159610407584164,Low Risk
8932-CZHRQ,0.04778135378516827,4.778135378516827,Low Risk
0386-CWRGM,0.0012837226044557777,0.12837226044557776,Low Risk
5515-RUGKN,0.38732512657914014,38.732512657914015,Medium Risk
0404-AHASP,0.00037460306804956456,0.037460306804956454,Low Risk
7279-NMVJC,0.03645445232707755,3.645445232707755,Low Risk
2081-VEYEH,0.5397183045687339,53.97183045687339,Medium Risk
6407-UTSLV,0.6043619153415123,60.43619153415123,High Risk
4116-TZAQJ,0.4304381528539575,43.043815285395745,Medium Risk
9060-HJJRW,0.11962141809617419,11.96214180961742,Low Risk
2587-YNLES,0.0035192551691329973,0.3519255169132997,Low Risk
7398-SKNQZ,0.7440242571627426,74.40242571627425,High Risk
5935-FCCNB,0.7149049572797105,71.49049572797105,High Risk
1958-RNRKS,0.28635017583426975,28.635017583426976,Low Risk
5136-RGMZO,0.29191219891883774,29.191219891883772,Low Risk
8345-MVDYC,0.002326407567839961,0.23264075678399612,Low Risk
8226-BXGES,0.057152908154319025,5.715290815431903,Low Risk
3877-JRJIP,0.62824871380587,62.824871380587,High Risk
8375-DKEBR,0.7034904405570074,70.34904405570074,High Risk
9705-IOVQQ,0.2613744340705826,26.137443407058257,Low Risk
1015-OWJKI,0.16543034530078887,16.543034530078888,Low Risk
7511-YMXVQ,0.5668603216902766,56.686032169027655,Medium Risk
2040-XBAVJ,0.0023353770299947866,0.23353770299947865,Low Risk
7551-JOHTI,0.2789162925322485,27.89162925322485,Low Risk
8887-IPQNC,0.5233625575640768,52.33625575640768,Medium Risk
8646-JCOMS,0.07426944476192981,7.426944476192982,Low Risk
9804-ICWBG,0.6033486879213443,60.33486879213443,High Risk
1222-KJNZD,0.049030080157562564,4.9030080157562566,Low Risk
0106-GHRQR,0.4812868722795559,48.12868722795559,Medium Risk
5318-IXUZF,0.6538074063924723,65.38074063924722,High Risk
3768-VHXQO,0.0005458396971560719,0.054583969715607195,Low Risk
8952-WCVCD,0.17636116896951812,17.636116896951812,Low Risk
2418-TPEUN,0.0007559095849580988,0.07559095849580988,Low Risk
3963-RYFNS,0.0035556938021870646,0.35556938021870643,Low Risk
3198-VELRD,0.6752677723819561,67.5267772381956,High Risk
8540-ZQGEA,0.0006656550039466375,0.06656550039466375,Low Risk
1320-REHCS,0.4377459416259065,43.77459416259065,Medium Risk
4137-JOPHL,0.005411654474167275,0.5411654474167275,Low Risk
9436-ZBZCT,0.5660673146237655,56.606731462376544,Medium Risk
7801-CEDNV,0.05998046570240577,5.998046570240577,Low Risk
2057-BOYKM,0.0025134128492316156,0.25134128492316155,Low Risk
3658-QQJYD,0.0699628916157723,6.996289161577229,Low Risk
1803-BGNBD,0.2993785514534362,29.937855145343622,Low Risk
0134-XWXCE,0.11832479518839081,11.832479518839081,Low Risk
6950-TWMYB,0.002793539882183822,0.2793539882183822,Low Risk
5848-FHRFC,0.0004553963443893945,0.04553963443893945,Low Risk
2243-FNMMI,0.11364321065989401,11.364321065989401,Low Risk
2511-MORQY,0.07112569496905596,7.112569496905596,Low Risk
5356-KZCKT,0.0009281736349367835,0.09281736349367835,Low Risk
9470-XCCEM,0.37554578142653394,37.5545781426534,Medium Risk
6519-CFDBX,0.4437301675825022,44.37301675825022,Medium Risk
3902-MIVLE,0.002035600205135997,0.2035600205135997,Low Risk
0409-WTMPL,0.17397861136274412,17.39786113627441,Low Risk
8763-KIAFH,0.056712456226144035,5.6712456226144035,Low Risk
3669-WHAFY,0.0037772223820609053,0.3777222382060905,Low Risk
3055-VTCGS,0.0746242539478104,7.46242539478104,Low Risk
3144-KMTWZ,0.2679717662597657,26.797176625976572,Low Risk
7279-BUYWN,0.5935876664425299,59.358766644252995,Medium Risk
7156-MHUGY,0.7749665515770737,77.49665515770737,High Risk
7198-GLXTC,0.6067514631750155,60.67514631750155,High Risk
2007-QVGAW,0.0005373464046786346,0.05373464046786346,Low Risk
5207-PLSTK,0.37571065944226323,37.57106594422632,Medium Risk
2307-FYNNL,0.00727012487369644,0.727012487369644,Low Risk
5605-XNWEN,0.0008519831639528849,0.08519831639528849,Low Risk
2155-AMQRX,0.1963284681792224,19.63284681792224,Low Risk
6181-AXXYF,0.00043961777916521553,0.043961777916521554,Low Risk
5091-HFAZW,0.5711411890073638,57.11411890073638,Medium Risk
0516-VRYBW,0.0564539116638566,5.64539116638566,Low Risk
2519-LBNQL,0.39190257550698765,39.19025755069877,Medium Risk
8623-ULFNQ,0.3980021549881432,39.80021549881432,Medium Risk
8380-PEFPE,0.5746779754917624,57.46779754917624,Medium Risk
5687-DKDTV,0.2638623926105898,26.38623926105898,Low Risk
1568-LJSZU,0.0020563221296400905,0.20563221296400905,Low Risk
7530-HDYDS,0.3290735548876024,32.907355488760246,Medium Risk
7789-HKSBS,0.24387468720304514,24.387468720304515,Low Risk
7416-CKTEP,0.0007855284058863093,0.07855284058863093,Low Risk
2586-CWXVV,0.12180852735874534,12.180852735874534,Low Risk
3096-IZETN,0.557183833046991,55.7183833046991,Medium Risk
2348-KCJLT,0.1085294473174399,10.852944731743989,Low Risk
8401-EMUWF,0.1779554334682918,17.795543346829177,Low Risk
4193-IBKSW,0.00042554568807025913,0.04255456880702591,Low Risk
5377-NDTOU,0.0027655109329938715,0.27655109329938715,Low Risk
5922-ABDVO,0.7115993081030889,71.1599308103089,High Risk
2474-LCNUE,0.3295819249628027,32.95819249628027,Medium Risk
0839-QNXME,0.0012664001392279603,0.12664001392279603,Low Risk
3506-OVLKD,0.026757593344271753,2.6757593344271755,Low Risk
9172-ANCRX,0.6933800315481153,69.33800315481153,High Risk
6650-VJONK,0.34357490698421717,34.357490698421714,Medium Risk
2178-PMGCJ,0.45462057432817,45.462057432817,Medium Risk
7492-TAFJD,0.005934019023039631,0.5934019023039632,Low Risk
2773-MADBQ,0.00380479210084085,0.380479210084085,Low Risk
6016-LVTJQ,0.08405162640400071,8.405162640400071,Low Risk
7860-KSUGX,0.0013121081079256632,0.13121081079256633,Low Risk
8966-KZXXA,0.001115692047054877,0.1115692047054877,Low Risk
6910-HADCM,0.5812029024248097,58.12029024248096,Medium Risk
4816-LXZYW,0.638097682051599,63.8097682051599,High Risk
9606-PBKBQ,0.6878780311224756,68.78780311224756,High Risk
5149-QYTTU,0.038910508813219224,3.8910508813219224,Low Risk
2070-XYMFH,0.6222346936919166,62.22346936919166,High Risk
2085-BOJKI,0.31433203413995703,31.433203413995702,Medium Risk
0817-HSUSE,0.4548651673304175,45.486516733041746,Medium Risk
5442-PPTJY,0.0027418296491217666,0.27418296491217664,Low Risk
1927-QEWMY,0.0004141295562993313,0.041412955629933135,Low Risk
1663-MHLHE,0.16513939877761522,16.513939877761523,Low Risk
5663-QBGIS,0.009412725576340788,0.9412725576340788,Low Risk
4450-MDZFX,0.16563278762228797,16.563278762228798,Low Risk
6701-DHKWQ,0.0013414101822668782,0.1341410182266878,Low Risk
7554-AKDQF,0.45830644296684464,45.83064429668446,Medium Risk
3536-IQCTX,0.6359756823599851,63.597568235998516,High Risk
4911-BANWH,0.5398604524414662,53.98604524414662,Medium Risk
8496-EJAUI,0.5035536476679957,50.35536476679957,Medium Risk
0794-YVSGE,0.00032818075616562704,0.032818075616562706,Low Risk
5423-BHIXO,0.37653715090638334,37.653715090638336,Medium Risk
6908-VVYHM,0.3454422522892863,34.54422522892863,Medium Risk
2959-EEXWB,0.13462275779346916,13.462275779346916,Low Risk
1839-UMACK,0.033138618718017175,3.3138618718017177,Low Risk
3030-YDNRM,0.6198955505006974,61.98955505006975,High Risk
7321-KKSDU,0.0016556882895703883,0.16556882895703884,Low Risk
3402-XRIUO,0.29600573336530683,29.600573336530683,Low Risk
3132-TVFDZ,0.4107790965538625,41.07790965538625,Medium Risk
8286-AFUYI,0.26871567063860324,26.871567063860326,Low Risk
8080-DDEMJ,0.5833566255591359,58.33566255591359,Medium Risk
8356-WUAOJ,0.4469468423914669,44.694684239146696,Medium Risk
6365-MTGZX,0.5426132767458444,54.261327674584436,Medium Risk
1349-WXNGG,0.16521895636047565,16.521895636047564,Low Risk
8058-DMYRU,0.5364576558344348,53.645765583443485,Medium Risk
9350-ZXYJC,0.0038711694710780484,0.3871169471078048,Low Risk
6990-YNRIO,0.004426336964628217,0.4426336964628217,Low Risk
8958-JPTRR,0.0259038566853049,2.59038566853049,Low Risk
6959-GQEGV,0.26438717195101197,26.438717195101198,Low Risk
3173-WSSUE,0.000390145451128769,0.0390145451128769,Low Risk
1265-HVPZB,0.04711002297085391,4.7110022970853915,Low Risk
4115-UMJFQ,0.03880268383418705,3.880268383418705,Low Risk
7369-TRPFD,0.054273077348652936,5.427307734865294,Low Risk
1098-KFQEC,0.0005948269954428555,0.059482699544285554,Low Risk
7190-XHTWJ,0.03786662644867821,3.786662644867821,Low Risk
0621-TWIEM,0.5204844848300144,52.048448483001444,Medium Risk
3537-RYBHH,0.21686237366745284,21.686237366745285,Low Risk
2485-ITVKB,0.5181346075677596,51.81346075677597,Medium Risk
3669-OYSJI,0.42150861067851697,42.1508610678517,Medium Risk
1612-EOHDH,0.5339739700399135,53.39739700399135,Medium Risk
6702-OHFWR,0.6623066509823613,66.23066509823613,High Risk
5296-BFCYD,0.0014891638024728353,0.14891638024728354,Low Risk
4510-PYUSH,0.29404305949126364,29.404305949126364,Low Risk
9359-JANWS,0.0007802039118121907,0.07802039118121906,Low Risk
7517-SAWMO,0.4661060683267167,46.61060683267167,Medium Risk
4143-HHPMK,0.499461026183253,49.9461026183253,Medium Risk
3279-DYZQM,0.000597579053258471,0.0597579053258471,Low Risk
7054-LGEQW,0.5797897165377907,57.97897165377906,Medium Risk
0523-VNGTF,0.1958727235608974,19.58727235608974,Low Risk
9575-IWCAZ,0.0873512770496166,8.73512770496166,Low Risk
7105-MXJLL,0.3190091413295505,31.900914132955048,Medium Risk
7064-FRRSW,0.38568394031491154,38.56839403149115,Medium Risk
7940-UQQUG,0.06846005841975429,6.846005841975429,Low Risk
0923-PNFUB,0.6419530548281899,64.19530548281898,High Risk
3961-SXAXY,0.34293235854392273,34.29323585439227,Medium Risk
7010-BRBUU,0.0004414036995798832,0.04414036995798832,Low Risk
3566-HJGPK,0.47096291664306345,47.09629166430634,Medium Risk
3062-ICYZQ,0.30948137961077354,30.948137961077354,Medium Risk
9938-PRCVK,0.0008284493155193735,0.08284493155193735,Low Risk
0973-KYVNF,0.0020102294870717307,0.20102294870717308,Low Risk
5129-HHMZC,0.0030691216052705418,0.30691216052705417,Low Risk
9637-CDTKZ,0.003359203754013528,0.33592037540135283,Low Risk
3946-JEWRQ,0.23035414148873604,23.035414148873603,Low Risk
7873-CVMAW,0.0016413444890573368,0.16413444890573367,Low Risk
0463-WZZKO,0.12181178479966713,12.181178479966713,Low Risk
3494-JCHRQ,0.6426634287864545,64.26634287864546,High Risk
6474-FVJLC,0.7457151629962058,74.57151629962058,High Risk
4524-QCSSM,0.16032676124458078,16.032676124458078,Low Risk
5832-EXGTT,0.2937172369828514,29.37172369828514,Low Risk
8840-DQLGN,0.2887545057871559,28.87545057871559,Low Risk
2039-JONDJ,0.06166640548131,6.166640548131,Low Risk
7217-JYHOQ,0.133929094230056,13.3929094230056,Low Risk
6695-FRVEC,0.0007543836715396337,0.07543836715396336,Low Risk
4547-LYTDD,0.5417277918904412,54.17277918904412,Medium Risk
9894-QMIMJ,0.1366767218881974,13.66767218881974,Low Risk
8069-YQQAJ,0.3332883760037453,33.32883760037453,Medium Risk
6770-XUAGN,0.19580961075143508,19.580961075143506,Low Risk
4193-ORFCL,0.6546108617491241,65.46108617491241,High Risk
1636-NTNCO,0.46259641024262665,46.25964102426266,Medium Risk
3466-WAESX,0.36730256398492117,36.730256398492116,Medium Risk
9281-PKKZE,0.28943565770050605,28.943565770050604,Low Risk
3638-VBZTA,0.0018201465479764708,0.18201465479764709,Low Risk
7459-IMVYU,0.12083937692411657,12.083937692411657,Low Risk
7776-QWNFX,0.42530348423290015,42.530348423290015,Medium Risk
6689-TCZHQ,0.7345361763519603,73.45361763519604,High Risk
8563-OYMQY,0.4634834036475067,46.34834036475067,Medium Risk
0754-EEBDC,0.0034385979347805683,0.34385979347805684,Low Risk
5777-ZPQNC,0.05951959069476248,5.951959069476248,Low Risk
1951-IEYXM,0.0018765251173369821,0.1876525117336982,Low Risk
3318-NMQXL,0.6310805585889111,63.10805585889111,High Risk
3143-ILDAL,0.39996554533635953,39.99655453363595,Medium Risk
1022-RKXDR,0.05653010654686579,5.653010654686579,Low Risk
2361-FJWNO,0.032187412444140785,3.2187412444140784,Low Risk
2272-UOINI,0.3407068316529671,34.070683165296714,Medium Risk
8232-UTFOZ,0.00041034496203198417,0.04103449620319842,Low Risk
3750-YHRYO,0.06376702076942657,6.3767020769426574,Low Risk
6637-KYRCV,0.336451872290196,33.645187229019605,Medium Risk
5668-MEISB,0.0018131770050391883,0.18131770050391882,Low Risk
0129-QMPDR,0.019516397633555893,1.9516397633555893,Low Risk
7188-CBBBA,0.22179816042042,22.179816042042,Low Risk
5356-CSVSQ,0.43257836390688775,43.25783639068877,Medium Risk
3221-CJMSG,0.15951548945371688,15.951548945371687,Low Risk
4720-VSTSI,0.4712224531510719,47.12224531510719,Medium Risk
3219-JQRSL,0.0024863971818523947,0.24863971818523947,Low Risk
2801-NISEI,0.11267741811237357,11.267741811237357,Low Risk
3946-MHCZW,0.5762502152113209,57.62502152113209,Medium Risk
4623-ZKHLY,0.08064455527830763,8.064455527830763,Low Risk
6732-VAILE,0.003353395389193847,0.3353395389193847,Low Risk
8201-AAXCB,0.3512918949539694,35.12918949539694,Medium Risk
7696-CFTAT,0.0008238078323693785,0.08238078323693784,Low Risk
1845-CSBRZ,0.45595479998983446,45.59547999898344,Medium Risk
2123-VSCOT,0.00301033406944272,0.301033406944272,Low Risk
6651-AZVTJ,0.5406101764925532,54.06101764925532,Medium Risk
4566-GOLUK,0.3924412957653789,39.24412957653789,Medium Risk
2484-DGXPZ,0.18472146800211595,18.472146800211593,Low Risk
2018-QKYGT,0.5599268582102996,55.992685821029966,Medium Risk
2792-VPPET,0.16389163577940308,16.38916357794031,Low Risk
7409-JURKQ,0.16273774737279312,16.27377473727931,Low Risk
3247-MHJKM,0.1632101240956728,16.321012409567278,Low Risk
1964-SVLEA,0.06715005969722906,6.715005969722906,Low Risk
4587-NUKOX,0.5642183577516396,56.42183577516396,Medium Risk
7297-DVYGA,0.02035868630505473,2.035868630505473,Low Risk
2239-CGBUZ,0.028905203830026083,2.8905203830026083,Low Risk
0854-UYHZD,0.0029822679077426556,0.29822679077426556,Low Risk
7243-LCGGZ,0.17676090710250802,17.676090710250804,Low Risk
8267-KFGYD,0.1857787528712283,18.57787528712283,Low Risk
4890-VMUAV,0.031599066632792695,3.1599066632792696,Low Risk
9261-WDCAF,0.4851295768630975,48.51295768630975,Medium Risk
3764-MNMOI,0.0007543103783891205,0.07543103783891204,Low Risk
7442-YGZFK,0.3920927058271643,39.209270582716435,Medium Risk
0420-BWTPW,0.405334507211406,40.5334507211406,Medium Risk
8229-BUJHX,0.0003760996807503429,0.03760996807503429,Low Risk
7449-HVPIV,0.29216712209914664,29.216712209914665,Low Risk
5504-WSIUR,0.0693300792782392,6.93300792782392,Low Risk
8183-ONMXC,0.6776585011572994,67.76585011572995,High Risk
8466-PZBLH,0.0021401646241803684,0.21401646241803685,Low Risk
9614-RMGHA,0.37766232312522957,37.76623231252296,Medium Risk
8735-IJJEG,0.25900157455339184,25.900157455339183,Low Risk
0564-MUUQK,0.3511165945325204,35.111659453252045,Medium Risk
5054-IEXZT,0.6472135762436054,64.72135762436054,High Risk
5834-ASPWA,0.6871691363713868,68.71691363713867,High Risk
0701-RFGFI,0.3860917390428136,38.609173904281356,Medium Risk
0019-EFAEP,0.004447006557033883,0.44470065570338835,Low Risk
5619-PTMIK,0.160718067739256,16.0718067739256,Low Risk
3737-XBQDD,0.4010405339500132,40.10405339500132,Medium Risk
5882-CMAZQ,0.19439545205949618,19.439545205949617,Low Risk
5846-QFDFI,0.21696407045505173,21.696407045505172,Low Risk
4445-KWOKW,0.07997018141388745,7.997018141388745,Low Risk
3511-APPBJ,0.20864512888728326,20.864512888728328,Low Risk
7967-HYCDE,0.3292548513037626,32.92548513037626,Medium Risk
2430-RRYUW,0.055379567833516975,5.537956783351698,Low Risk
3948-XHGNA,0.256947923819445,25.6947923819445,Low Risk
3723-BFBGR,0.3263143710952154,32.631437109521535,Medium Risk
0565-IYCGT,0.06201348744834642,6.201348744834642,Low Risk
5447-WZAFP,0.32860383428606227,32.86038342860623,Medium Risk
5110-CHOPY,0.0031251531563926136,0.3125153156392614,Low Risk
5445-UTODQ,0.6932478395229021,69.32478395229022,High Risk
4425-OWHWB,0.04518625873285777,4.518625873285777,Low Risk
7892-QVYKW,0.4747248420812358,47.472484208123575,Medium Risk
9675-ICXCT,0.001972257231471719,0.19722572314717188,Low Risk
1024-VRZHF,0.6414042851240257,64.14042851240256,High Risk
4703-MQYKT,0.0024258248570408615,0.24258248570408614,Low Risk
9497-QCMMS,0.8487171203222029,84.87171203222029,High Risk
5692-ICXLW,0.5714724580773474,57.147245807734734,Medium Risk
0602-DDUML,0.004082060493296641,0.4082060493296641,Low Risk
2208-MPXIO,0.0009715422303104501,0.09715422303104501,Low Risk
1960-UYCNN,0.6297341354832497,62.97341354832498,High Risk
0348-SDKOL,0.40487046657024045,40.487046657024045,Medium Risk
3190-FZATL,0.12455410751888676,12.455410751888676,Low Risk
7336-RLLRH,0.12357716754620825,12.357716754620824,Low Risk
4373-MAVJG,0.6440702178144534,64.40702178144534,High Risk
8901-HJXTF,0.4347252265425022,43.47252265425022,Medium Risk
7710-JSYOA,0.004062695155991264,0.4062695155991264,Low Risk
5419-KLXBN,0.4755550629854765,47.55550629854765,Medium Risk
3424-NMNBO,0.37418940664514916,37.41894066451491,Medium Risk
9885-MFVSU,0.0016150582294481022,0.16150582294481022,Low Risk
4514-GFCFI,0.765379153023019,76.5379153023019,High Risk
0607-MVMGC,0.15690277671515734,15.690277671515734,Low Risk
3365-SAIGS,0.5474066540820901,54.74066540820901,Medium Risk
9828-AOQLM,0.5702381656077219,57.02381656077219,Medium Risk
8022-BECSI,0.05015468427457217,5.0154684274572165,Low Risk
8000-REIQB,0.731908654793329,73.1908654793329,High Risk
9993-LHIEB,0.0014990159572225534,0.14990159572225534,Low Risk
0266-CLZKZ,0.005678244890697815,0.5678244890697814,Low Risk
7615-ESMYF,0.5695039314416245,56.95039314416245,Medium Risk
3858-VOBET,0.5318717094124535,53.187170941245355,Medium Risk
7020-OZKXZ,0.4492978404189499,44.92978404189499,Medium Risk
3977-QCRSL,0.18050698200354068,18.050698200354066,Low Risk
0017-DINOC,0.0007871616035851626,0.07871616035851627,Low Risk
1447-PJGGA,0.02773507654449759,2.773507654449759,Low Risk
8565-CLBZW,0.7095556379135711,70.95556379135711,High Risk
9139-WQQDY,0.32374632759419975,32.374632759419974,Medium Risk
0224-HJAPT,0.5486068946819159,54.860689468191595,Medium Risk
8086-OVPWV,0.7066668476328226,70.66668476328226,High Risk
9430-FRQOC,0.6207213543201804,62.07213543201804,High Risk
7639-OPLNG,0.0013651417504551614,0.13651417504551613,Low Risk
3074-GQWYX,0.5830243288709297,58.30243288709297,Medium Risk
1492-QGCLU,0.13392540888036294,13.392540888036294,Low Risk
6845-RGTYS,0.39867462978606555,39.867462978606554,Medium Risk
7328-OWMOM,0.024314252078595618,2.431425207859562,Low Risk
4418-LZMSV,0.1638918816946336,16.38918816946336,Low Risk
5155-AZQPB,0.3415277320561372,34.15277320561372,Medium Risk
8861-HGGKB,0.6852414352124613,68.52414352124613,High Risk
1087-GRUYI,0.0008735905034733112,0.08735905034733112,Low Risk
7065-YUNRY,0.636192096927074,63.6192096927074,High Risk
7694-VLBWQ,0.3228948287506243,32.28948287506243,Medium Risk
2546-KZAAT,0.13851983307239008,13.851983307239008,Low Risk
0181-RITDD,0.004011933434272036,0.40119334342720364,Low Risk
5989-PGKJB,0.5537722676886968,55.37722676886968,Medium Risk
4795-KTRTH,0.7661613469947097,76.61613469947098,High Risk
8272-ONJLV,0.4374449578509693,43.74449578509693,Medium Risk
1488-PBLJN,0.0032415463368661115,0.3241546336866111,Low Risk
0308-GIQJT,0.10731677181335514,10.731677181335513,Low Risk
3778-FOAQW,0.05291167477624946,5.2911674776249455,Low Risk
4452-ROHMO,0.003146359823608955,0.3146359823608955,Low Risk
6481-OGDOO,0.11802456777832741,11.802456777832742,Low Risk
3090-LETTY,0.2300469082896125,23.004690828961248,Low Risk
5349-AZPEW,0.31148688909040395,31.148688909040395,Medium Risk
3753-TSEMP,0.6859665999158208,68.59665999158207,High Risk
8305-VHZBZ,0.3042197149746041,30.421971497460408,Medium Risk
9720-JJJOR,0.0574085525975716,5.74085525975716,Low Risk
8100-HZZLJ,0.22686068270112192,22.68606827011219,Low Risk
8775-ERLNB,0.5738038060164141,57.38038060164141,Medium Risk
8309-IEYJD,0.6496874723017256,64.96874723017257,High Risk
9172-JITSM,0.6677876536607182,66.77876536607182,High Risk
6298-QDFNH,0.556045734317154,55.6045734317154,Medium Risk
7398-HPYZQ,0.0015721171185781495,0.15721171185781496,Low Risk
3546-GHEAE,0.003570714695933689,0.35707146959336894,Low Risk
7361-YPXFS,0.23408349675909956,23.408349675909957,Low Risk
6557-BZXLQ,0.5298779256101533,52.98779256101533,Medium Risk
2550-QHZGP,0.07093352915005055,7.093352915005055,Low Risk
7519-JTWQH,0.006528334447983197,0.6528334447983197,Low Risk
2538-OIMXF,0.3317425869407246,33.17425869407246,Medium Risk
8543-MSDMF,0.4479460004879397,44.79460004879397,Medium Risk
9961-JBNMK,0.6869441939053735,68.69441939053735,High Risk
1170-SASML,0.24553220485317037,24.553220485317038,Low Risk
4872-JCVCA,0.0006057789331748477,0.06057789331748477,Low Risk
5346-BZCHP,0.0007022659659885179,0.07022659659885179,Low Risk
2038-LLMLM,0.39289012195700423,39.28901219570042,Medium Risk
6173-ITPWD,0.43258563862047494,43.258563862047495,Medium Risk
9734-UYXQI,0.6345530586188476,63.45530586188476,High Risk
1216-BGTSP,0.2123838981912876,21.238389819128763,Low Risk
4138-NAXED,0.21811507093915658,21.811507093915658,Low Risk
2189-UXTKY,0.42688071519740917,42.688071519740916,Medium Risk
0744-BIKKF,0.0016280783480883314,0.16280783480883315,Low Risk
7483-IQWIB,0.48124905979938476,48.124905979938475,Medium Risk
5248-KWLAR,0.002151779226319936,0.2151779226319936,Low Risk
4958-GZWIY,0.48813539584908183,48.813539584908185,Medium Risk
7996-MHXLW,0.0008284502340853031,0.08284502340853031,Low Risk
7833-PKIHD,0.04165062452371262,4.165062452371262,Low Risk
7061-OVMIM,0.024110667672771365,2.4110667672771364,Low Risk
5153-RTHKF,0.4301585218389655,43.015852183896556,Medium Risk
1852-QSWCD,0.0011966895639792176,0.11966895639792176,Low Risk
4832-VRBMR,0.2539355802683561,25.39355802683561,Low Risk
9079-LWTFD,0.19460455297857673,19.460455297857674,Low Risk
6356-ELRKD,0.6821258882222256,68.21258882222256,High Risk
8624-GIOUT,0.23313140770029336,23.313140770029335,Low Risk
3392-EHMNK,0.003272992641601827,0.3272992641601827,Low Risk
5986-WWXDV,0.01757867168073569,1.7578671680735691,Low Risk
3061-BCKYI,0.12784257652037392,12.784257652037393,Low Risk
6179-GJPSO,0.36298230030257433,36.298230030257436,Medium Risk
7901-TBKJX,0.5276960284474169,52.76960284474169,Medium Risk
7228-PAQPD,0.11481650780548311,11.48165078054831,Low Risk
3177-LASXD,0.5594531075628064,55.94531075628064,Medium Risk
7746-QYVCO,0.14791779588786236,14.791779588786236,Low Risk
5804-HYIEZ,0.260375522602897,26.037552260289697,Low Risk
9919-FZDED,0.005135340976928003,0.5135340976928003,Low Risk
5934-TSSAU,0.350066706586827,35.0066706586827,Medium Risk
3486-KHMLI,0.1256092580761745,12.560925807617451,Low Risk
4897-QSUYC,0.3271908517234197,32.71908517234197,Medium Risk
1084-UQCHV,0.48525689075960116,48.525689075960116,Medium Risk
8290-YWKHZ,0.7664067538110639,76.64067538110639,High Risk
2955-BJZHG,0.4859352903379778,48.59352903379778,Medium Risk
3806-DXQOM,0.3802699613115693,38.026996131156935,Medium Risk
6784-XYJAE,0.1612837967660141,16.12837967660141,Low Risk
3933-DQPWX,0.0014676391417120943,0.14676391417120943,Low Risk
6661-EIPZC,0.07525664761508166,7.525664761508166,Low Risk
8957-THMOA,0.0006821068105217786,0.06821068105217787,Low Risk
2251-PYLPB,0.0011656412082535253,0.11656412082535253,Low Risk
5555-RNPGT,0.10561352058569878,10.561352058569879,Low Risk
1057-FOGLZ,0.1298017237194403,12.980172371944029,Low Risk
9300-RENDD,0.7023197522968213,70.23197522968213,High Risk
0761-AETCS,0.24355098142475914,24.355098142475914,Low Risk
8087-LGYHQ,0.633521009472121,63.3521009472121,High Risk
4137-BTIKL,0.49229599444691047,49.22959944469105,Medium Risk
2190-BCXEC,0.21513053752688424,21.513053752688425,Low Risk
6227-FBDXH,0.13929230735196368,13.929230735196368,Low Risk
2153-MREFK,0.23040376494666684,23.040376494666685,Low Risk
2911-WDXMV,0.39590899937832186,39.590899937832184,Medium Risk
7206-PQBBZ,0.529281989401193,52.928198940119294,Medium Risk
3106-ULWFW,0.6720251868742165,67.20251868742166,High Risk
0925-VYDLG,0.6502694638215174,65.02694638215173,High Risk
4547-FZJWE,0.03967767273412145,3.9677672734121447,Low Risk
7422-WNBTY,0.6000048643007956,60.00048643007956,High Risk
0842-IWYCP,0.1476544045274082,14.765440452740819,Low Risk
3521-HTQTV,0.0012607691996459364,0.12607691996459364,Low Risk
3744-ZBHON,0.1474023494489579,14.74023494489579,Low Risk
3373-DIUUN,0.0017038895219905286,0.17038895219905287,Low Risk
8383-SGHJU,0.05990264243585642,5.990264243585642,Low Risk
7607-QKKTJ,0.2088717254715432,20.88717254715432,Low Risk
7707-PYBBH,0.12409494084748891,12.409494084748891,Low Risk
8984-HPEMB,0.0053048874144284676,0.5304887414428467,Low Risk
4349-GFQHK,0.5815158650851601,58.151586508516004,Medium Risk
4139-DETXS,0.0008412811004067006,0.08412811004067006,Low Risk
9779-DPNEJ,0.48855881301578935,48.85588130157893,Medium Risk
9805-FILKB,0.018586026953765326,1.8586026953765327,Low Risk
5793-YOLJN,0.0009958327228561472,0.09958327228561473,Low Risk
0673-IGUQO,0.1627306185253667,16.273061852536667,Low Risk
4123-FCVCB,0.3193558567815354,31.93558567815354,Medium Risk
8819-IMISP,0.49864797165964025,49.86479716596403,Medium Risk
7802-EFKNY,0.4408283685765383,44.08283685765383,Medium Risk
8311-UEUAB,0.005106155741901211,0.510615574190121,Low Risk
5858-EAFCZ,0.41851688309412843,41.85168830941284,Medium Risk
8035-BUYVG,0.10877756678979181,10.87775667897918,Low Risk
1163-ONYEY,0.19873506981685182,19.873506981685182,Low Risk
9787-XVQIU,0.6876236593572961,68.7623659357296,High Risk
8945-MUQUF,0.24991238954621883,24.991238954621885,Low Risk
5656-MJEFC,0.001074691851535805,0.1074691851535805,Low Risk
6082-OQFBA,0.044300136914950806,4.4300136914950805,Low Risk
8051-HJRLT,0.730243453620501,73.0243453620501,High Risk
8974-OVACP,0.1783015461859587,17.83015461859587,Low Risk
4010-YLMVT,0.28302555302790344,28.302555302790346,Low Risk
1379-FRVEB,0.5558097438494458,55.58097438494458,Medium Risk
8612-GXIDD,0.0025331192139069324,0.25331192139069325,Low Risk
6288-CHQJB,0.0012725525556128363,0.12725525556128361,Low Risk
8160-HOWOX,0.5575985542284294,55.75985542284294,Medium Risk
3023-GFLBR,0.4832225146427893,48.322251464278935,Medium Risk
6648-INWPS,0.09669029259745823,9.669029259745823,Low Risk
4223-BKEOR,0.16924710615590022,16.924710615590023,Low Risk
4079-VTGLK,0.022385365782457152,2.238536578245715,Low Risk
1763-WQFUK,0.37633816959917216,37.63381695991722,Medium Risk
1391-UBDAR,0.5065578036708323,50.655780367083224,Medium Risk
8894-JVDCV,0.09280892523595079,9.280892523595078,Low Risk
2023-VQFDL,0.10916848037231872,10.91684803723187,Low Risk
1345-GKDZZ,0.1500826613598292,15.00826613598292,Low Risk
2014-MKGMH,0.3414355668489179,34.14355668489179,Medium Risk
5628-FCGYG,0.5385561514058053,53.855615140580525,Medium Risk
2560-WBWXF,0.0006890665373407545,0.06890665373407545,Low Risk
0248-IPDFW,0.4986066257931553,49.86066257931553,Medium Risk
7978-DKUQH,0.4371256319942076,43.712563199420764,Medium Risk
4335-UPJSI,0.0022847051163847054,0.22847051163847054,Low Risk
0524-IAVZO,0.5995345081868928,59.95345081868928,Medium Risk
2737-YNGYW,0.6372132753298122,63.72132753298122,High Risk
1784-EZDKJ,0.2679007106455187,26.790071064551867,Low Risk
9297-FVVDH,0.004052727737300587,0.40527277373005866,Low Risk
8007-YYPWD,0.0022486780151414597,0.22486780151414598,Low Risk
7101-HRBLJ,0.0016249153728542843,0.16249153728542842,Low Risk
5159-YFPKQ,0.6411695822267822,64.11695822267822,High Risk
6635-CPNUN,0.4474141856920971,44.74141856920971,Medium Risk
4021-RQSNY,0.7736627829204852,77.36627829204852,High Risk
5453-YBTWV,0.001728137596646881,0.1728137596646881,Low Risk
5039-LZRQT,0.06794471470481143,6.7944714704811435,Low Risk
2931-VUVJN,0.10252703817265606,10.252703817265605,Low Risk
9061-TIHDA,0.808045028380356,80.8045028380356,High Risk
8699-ASUFO,0.7290908138739863,72.90908138739863,High Risk
6418-PIQSP,0.0027242617234356854,0.27242617234356853,Low Risk
8220-OCUFY,0.08554068348453416,8.554068348453416,Low Risk
3995-WFCSM,0.4849714690765612,48.497146907656116,Medium Risk
1895-QTKDO,0.32159655619833466,32.159655619833465,Medium Risk
2038-OEQZH,0.5291777831552618,52.91777831552618,Medium Risk
1178-PZGAB,0.035591100937519785,3.5591100937519786,Low Risk
7927-AUXBZ,0.4097946821469036,40.979468214690364,Medium Risk
2626-VEEWG,0.0005095011552982647,0.05095011552982647,Low Risk
2878-RMWXY,0.005790005277830779,0.5790005277830779,Low Risk
1657-DYMBM,0.0006169246243063911,0.06169246243063911,Low Risk
7311-MQJCH,0.06980041941711954,6.980041941711954,Low Risk
7375-WMVMT,0.0045965633897852185,0.4596563389785219,Low Risk
1136-XGEQU,0.11873542624197632,11.873542624197633,Low Risk
2530-FMFXO,0.009905099274230283,0.9905099274230283,Low Risk
6844-DZKRF,0.23238437859026917,23.238437859026916,Low Risk
4695-WJZUE,0.8349110598992657,83.49110598992657,High Risk
7619-ODSGN,0.30956029490416914,30.956029490416913,Medium Risk
5970-GHJAW,0.000671010804482568,0.0671010804482568,Low Risk
8879-XUAHX,0.005150921035813468,0.5150921035813468,Low Risk
3689-MOZGR,0.17531099224614954,17.531099224614955,Low Risk
4195-PNGZS,0.0004623125500788109,0.04623125500788109,Low Risk
5003-XZWWO,0.00281659440726055,0.281659440726055,Low Risk
3988-RQIXO,0.8287760365386504,82.87760365386504,High Risk
7622-FWGEW,0.0031514420817433846,0.31514420817433847,Low Risk
6922-NCEDI,0.025180456185517376,2.5180456185517377,Low Risk
2514-GINMM,0.7036467235052944,70.36467235052945,High Risk
9891-NQDBD,0.05867852026904127,5.867852026904127,Low Risk
6131-IUNXN,0.11581030436296878,11.581030436296878,Low Risk
8548-AWOFC,0.12784847947001338,12.784847947001337,Low Risk
9798-DRYDS,0.18670495413439872,18.670495413439873,Low Risk
8532-UEFWH,0.0012385843917424241,0.12385843917424241,Low Risk
6296-DDOOR,0.23309305715498618,23.309305715498617,Low Risk
7951-VRDVK,0.06473418564664803,6.473418564664803,Low Risk
5931-FLJJF,0.7227899240948752,72.27899240948751,High Risk
4815-YOSUK,0.04731769058502611,4.7317690585026115,Low Risk
2659-VXMWZ,0.16886551724645996,16.886551724645997,Low Risk
0380-NEAVX,0.4216838257627168,42.16838257627168,Medium Risk
3207-OYBWH,0.4368248522142046,43.68248522142046,Medium Risk
4285-GYRQC,0.7115368791086961,71.1536879108696,High Risk
7216-EWTRS,0.8671189384022977,86.71189384022978,High Risk
4365-MSDYN,0.1192148213288081,11.92148213288081,Low Risk
7036-TYDEC,0.007053711845829552,0.7053711845829552,Low Risk
5802-ADBRC,0.26226102869095913,26.226102869095914,Low Risk
8076-FEZKJ,0.0664016724283798,6.64016724283798,Low Risk
5197-YPYBZ,0.0022462131147042825,0.22462131147042824,Low Risk
8337-MSSXB,0.6943159290404435,69.43159290404435,High Risk
4312-GVYNH,0.0008482125201973692,0.08482125201973692,Low Risk
8495-LJDFO,0.24072372051848417,24.07237205184842,Low Risk
0839-JTCUD,0.0018622569533689503,0.18622569533689504,Low Risk
5494-WOZRZ,0.0015366451248606005,0.15366451248606006,Low Risk
1302-UHBDD,0.5756942890643804,57.569428906438034,Medium Risk
2234-EOFPT,0.0014332953608128132,0.14332953608128132,Low Risk
8619-IJNDK,0.0006558745050253311,0.0655874505025331,Low Risk
8378-LKJAF,0.5060467632304273,50.60467632304273,Medium Risk
8182-BJDSI,0.6830539753752489,68.3053975375249,High Risk
2528-HFYZX,0.6547522324116994,65.47522324116994,High Risk
1153-GNOLC,0.1488043735653615,14.88043735653615,Low Risk
3298-QEICA,0.0021942708773070962,0.21942708773070962,Low Risk
0788-DXBFY,0.02063271268433602,2.063271268433602,Low Risk
3597-YASZG,0.008486524233072477,0.8486524233072477,Low Risk
3496-LFSZU,0.5138775357657205,51.387753576572045,Medium Risk
5242-UOWHD,0.0011664608626664012,0.11664608626664012,Low Risk
2482-CZGBB,0.5502096023616617,55.020960236166175,Medium Risk
6479-SZPLM,0.000876291929279146,0.0876291929279146,Low Risk
8097-VBQTZ,0.12705452836572792,12.705452836572793,Low Risk
4500-HKANN,0.0063335763918721455,0.6333576391872145,Low Risk
9917-KWRBE,0.10329477523136937,10.329477523136937,Low Risk
3420-ZDBMA,0.6040569241265334,60.405692412653345,High Risk
2212-LYASK,0.12524974746318032,12.524974746318032,Low Risk
1393-IMKZG,0.5388905814914069,53.88905814914069,Medium Risk
8069-RHUXK,0.0004147228140673239,0.04147228140673239,Low Risk
3398-GCPMU,0.002977372158001753,0.2977372158001753,Low Risk
2908-WGAXL,0.0009665308763747303,0.09665308763747303,Low Risk
3378-AJRAO,0.028880044279918263,2.8880044279918264,Low Risk
1013-QCWAM,0.5041909298458108,50.419092984581084,Medium Risk
0866-QLSIR,0.09473886861315632,9.473886861315632,Low Risk
6050-FFXES,0.004640171500617376,0.4640171500617376,Low Risk
7181-BQYBV,0.7013646995660693,70.13646995660693,High Risk
0362-RAOQO,0.0009772781325715764,0.09772781325715764,Low Risk
9554-DFKIC,0.16316798454189466,16.316798454189467,Low Risk
5527-ACHSO,0.4032362254057512,40.32362254057512,Medium Risk
0829-DDVLK,0.0392169844372251,3.92169844372251,Low Risk
1399-UBQIU,0.5438408428596059,54.38408428596059,Medium Risk
1813-JLKWR,0.01011226460097047,1.011226460097047,Low Risk
0336-PIKEI,0.001176014985897421,0.1176014985897421,Low Risk
7322-OCWHC,0.002363299158461509,0.23632991584615087,Low Risk
9537-VHDTA,0.30594129104218576,30.594129104218577,Medium Risk
4957-TIALW,0.05335251128524942,5.335251128524942,Low Risk
2054-PJOCK,0.07716310542498972,7.716310542498972,Low Risk
9150-HEPMB,0.0573358907071526,5.73358907071526,Low Risk
9030-QGZNL,0.0037975310201202993,0.37975310201202994,Low Risk
6204-IEUXJ,0.4128055107441452,41.28055107441452,Medium Risk
3126-WQMGH,0.21660876094446527,21.660876094446525,Low Risk
4529-CKBCL,0.7191443651549999,71.91443651549999,High Risk
2506-CLAKW,0.4316950485476857,43.16950485476857,Medium Risk
7176-WRTNX,0.0033988190090785196,0.339881900907852,Low Risk
1583-IHQZE,0.7205085054366672,72.05085054366673,High Risk
5732-IKGQH,0.1004123097824914,10.04123097824914,Low Risk
9239-GZHZE,0.0037664129303497363,0.3766412930349736,Low Risk
7205-BAIAD,0.0012329627601739529,0.12329627601739529,Low Risk
0151-ONTOV,0.6558922286893357,65.58922286893358,High Risk
4140-MUHUG,0.7855062428520068,78.55062428520068,High Risk
0093-EXYQL,0.5572386031013775,55.72386031013775,Medium Risk
8064-RAVOH,0.4316354514280679,43.16354514280679,Medium Risk
0219-QAERP,0.024291464360959504,2.4291464360959503,Low Risk
0320-JDNQG,0.4104458247884324,41.04458247884324,Medium Risk
7180-PISOG,0.6350864257664178,63.50864257664178,High Risk
9168-INPSZ,0.42647613544892493,42.647613544892494,Medium Risk
3571-RFHAR,0.44538913969026467,44.53891396902647,Medium Risk
0015-UOCOJ,0.43705768961129865,43.70576896112986,Medium Risk
5334-AFQJB,0.000885954917034062,0.08859549170340619,Low Risk
2754-SDJRD,0.5500895491623334,55.00895491623334,Medium Risk
9578-VRMNM,0.5845064064113377,58.45064064113377,Medium Risk
1587-FKLZB,0.43445613366387015,43.445613366387015,Medium Risk
6140-QNRQQ,0.681108133044573,68.1108133044573,High Risk
8963-JLGJT,0.29462424884018346,29.462424884018347,Low Risk
4307-KTUMW,0.36735024402377847,36.735024402377846,Medium Risk
1465-LNTLJ,0.3533692472817738,35.33692472817738,Medium Risk
5440-FLBQG,0.014412852027857338,1.441285202785734,Low Risk
2135-DQWAQ,0.7183251291874118,71.83251291874117,High Risk
4056-QHXHZ,0.004312759213230406,0.4312759213230406,Low Risk
7470-MCQTK,0.4476620512537787,44.76620512537787,Medium Risk
7488-MXJIV,0.7505541891738311,75.05541891738311,High Risk
7401-JIXNM,0.002444581886217652,0.24445818862176522,Low Risk
9339-FIIJL,0.002619395293535294,0.2619395293535294,Low Risk
2027-FECZV,0.7619288585996967,76.19288585996968,High Risk
2672-DZUOY,0.46239684464509895,46.23968446450989,Medium Risk
4706-DGAHW,0.512437044474435,51.243704447443506,Medium Risk
3870-MQAMG,0.2818816581198744,28.188165811987442,Low Risk
6670-MFRPK,0.0047063016493138835,0.4706301649313883,Low Risk
6177-PEVRA,0.0020296238631025343,0.20296238631025343,Low Risk
4800-CZMPC,0.1829303054861817,18.29303054861817,Low Risk
4813-HQMGZ,0.5818639656503558,58.18639656503558,Medium Risk
7579-KKLOE,0.0032947961432261055,0.3294796143226105,Low Risk
7377-DMMRI,0.44482101403035773,44.48210140303577,Medium Risk
8402-EIVQS,0.09700369410326476,9.700369410326475,Low Risk
4947-DSMXK,0.46200818076528277,46.20081807652828,Medium Risk
7245-NIIWQ,0.522044382859074,52.20443828590739,Medium Risk
0002-ORFBO,0.23993259523203567,23.993259523203566,Low Risk
3324-OIRTO,0.085254911056593,8.525491105659299,Low Risk
5414-OFQCB,0.004704782418963906,0.47047824189639065,Low Risk
4967-WPNCF,0.0011152395697905384,0.11152395697905385,Low Risk
8552-OBVRU,0.28664585596403064,28.664585596403064,Low Risk
8499-BRXTD,0.0548545058172365,5.48545058172365,Low Risk
9154-QDGTH,0.18055348156109224,18.055348156109225,Low Risk
8197-BFWVU,0.0019753628207572374,0.19753628207572374,Low Risk
2577-GVSIL,0.12325842354482101,12.325842354482102,Low Risk
9367-OIUXP,0.1536266355159191,15.36266355159191,Low Risk
6770-UAYGJ,0.0014976580162991578,0.1497658016299158,Low Risk
6463-HHXJR,0.0031874761989815897,0.318747619898159,Low Risk
7928-VJYAB,0.5223659123402311,52.23659123402311,Medium Risk
1187-WILMM,0.002345983962991286,0.2345983962991286,Low Risk
9776-OJUZI,0.37087093754217576,37.08709375421758,Medium Risk
1306-RPWXZ,0.0006973386086423731,0.0697338608642373,Low Risk
8949-JTMAY,0.6680930831180588,66.80930831180588,High Risk
2774-LVQUS,0.6217553933072236,62.175539330722366,High Risk
3097-PYWXL,0.16574791951106788,16.57479195110679,Low Risk
2266-SJNAT,0.1028151424974036,10.28151424974036,Low Risk
0869-PAPRP,0.4871471767160372,48.71471767160372,Medium Risk
4238-JSSWH,0.5023371868029115,50.23371868029115,Medium Risk
2972-YDYUW,0.12741316401929254,12.741316401929254,Low Risk
1104-FEJAM,0.370093868996499,37.0093868996499,Medium Risk
2809-ILCYT,0.07910855158742651,7.910855158742651,Low Risk
5499-ECUTN,0.07612262208642093,7.612262208642092,Low Risk
4981-FLTMF,0.05108926139471317,5.108926139471317,Low Risk
9121-PHQSR,0.6304454125871451,63.04454125871452,High Risk
3113-IWHLC,0.35304862993859176,35.304862993859174,Medium Risk
3211-ILJTT,0.4015930958758165,40.159309587581646,Medium Risk
4612-THJBS,0.44166533599555186,44.16653359955519,Medium Risk
4277-BWBML,0.0003287491394209827,0.03287491394209827,Low Risk
4094-NSEDU,0.8031178511984922,80.31178511984922,High Risk
0234-TEVTT,0.040045530824180005,4.004553082418001,Low Risk
4304-TSPVK,0.0031322288630863493,0.31322288630863493,Low Risk
1552-AAGRX,0.21455962365685444,21.455962365685444,Low Risk
2637-FKFSY,0.4827922676404545,48.279226764045454,Medium Risk
9796-MVYXX,0.004712288881249203,0.4712288881249203,Low Risk
7874-ECPQJ,0.12145334726059762,12.145334726059762,Low Risk
0020-INWCK,0.007845369515266643,0.7845369515266644,Low Risk
7089-RKVSZ,0.0782829552967589,7.82829552967589,Low Risk
2683-JXWQQ,0.042204710918446485,4.220471091844648,Low Risk
9548-ZMVTX,0.0019881283731205293,0.19881283731205293,Low Risk
8739-XNIKG,0.6308416849006077,63.08416849006077,High Risk
9755-JHNMN,0.0011670437098560216,0.11670437098560216,Low Risk
3981-QSVQI,0.10978466425135965,10.978466425135965,Low Risk
2789-HQBOU,0.5717882027564006,57.178820275640064,Medium Risk
9424-CMPOG,0.002958859185689208,0.29588591856892077,Low Risk
5067-WJEUN,0.0013387307386401779,0.13387307386401778,Low Risk
3450-WXOAT,0.17800609966532374,17.800609966532374,Low Risk
9251-WNSOD,0.0892312489284678,8.923124892846781,Low Risk
6974-DAFLI,0.02090286478849709,2.090286478849709,Low Risk
2616-UUTFK,0.24193876592228117,24.19387659222812,Low Risk
7064-JHXCE,0.00044141926601482976,0.04414192660148298,Low Risk
5103-MHMHY,0.4682862159093416,46.82862159093416,Medium Risk
7989-AWGEH,0.12540009512794387,12.540009512794386,Low Risk
4373-VVHQL,0.42487168917816803,42.4871689178168,Medium Risk
4559-UWIHT,0.5415440300508738,54.15440300508738,Medium Risk
7268-IGMFD,0.36507838714165686,36.507838714165686,Medium Risk
1846-XWOQN,0.7313543005776832,73.13543005776833,High Risk
0235-KGSLC,0.6275727928786639,62.75727928786638,High Risk
6650-BWFRT,0.003630499571395595,0.3630499571395595,Low Risk
9570-KYEUA,0.002145419017464747,0.2145419017464747,Low Risk
6993-YGFJV,0.0035625317234543605,0.3562531723454361,Low Risk
2712-SYWAY,0.21629039811875372,21.629039811875373,Low Risk
0730-BGQGF,0.0014738309823694356,0.14738309823694357,Low Risk
5498-IBWPI,0.030277924791070922,3.027792479107092,Low Risk
9101-NTIXF,0.1618380327934126,16.183803279341262,Low Risk
0013-SMEOE,0.004042297630723817,0.40422976307238173,Low Risk
9314-QDMDW,0.2824720085354427,28.247200853544268,Low Risk
9308-ANMVE,0.14420667464703196,14.420667464703197,Low Risk
2884-GBPFB,0.5058578685081279,50.58578685081279,Medium Risk
3757-NJYBX,0.6519364630678711,65.19364630678712,High Risk
3413-DHLPB,0.24921392611964763,24.921392611964762,Low Risk
7649-PHJVR,0.06488894476292459,6.488894476292459,Low Risk
6114-TCFID,0.027923777915819775,2.7923777915819774,Low Risk
3787-TRIAL,0.2340277576061917,23.40277576061917,Low Risk
2573-GYRUU,0.4759589649101647,47.59589649101647,Medium Risk
5156-UMKOW,0.3434231585087443,34.34231585087443,Medium Risk
1247-QBVSH,0.24596078687167636,24.596078687167637,Low Risk
6734-GMPVK,0.6603321577650131,66.03321577650131,High Risk
9822-OAOVB,0.6052691344033633,60.52691344033633,High Risk
6161-ERDGD,0.043057822607497534,4.305782260749753,Low Risk
1226-JZNKR,0.0596674454971674,5.96674454971674,Low Risk
7318-EIVKO,0.5080807521584095,50.80807521584095,Medium Risk
3771-PZOBW,0.46537424580418646,46.537424580418644,Medium Risk
5136-KCKGI,0.45415737770489906,45.415737770489905,Medium Risk
8231-BSWXX,0.09770697823606608,9.770697823606609,Low Risk
6486-LHTMA,0.40647908953238215,40.647908953238215,Medium Risk
4083-BFNYK,0.1760177061459088,17.60177061459088,Low Risk
3722-WPXTK,0.7450070973808446,74.50070973808445,High Risk
7389-KBFIT,0.3962706906900075,39.62706906900075,Medium Risk
7176-WIONM,0.37158637324423305,37.1586373244233,Medium Risk
5141-ZUVBH,0.2169029692476658,21.69029692476658,Low Risk
1089-HDMKP,0.3324844257100023,33.24844257100023,Medium Risk
7623-HKYRK,0.14017143538886545,14.017143538886545,Low Risk
0310-SUCIN,0.03872229909044347,3.872229909044347,Low Risk
5197-PYEPU,0.14045977847226115,14.045977847226116,Low Risk
2929-ERCFZ,0.7613590953135065,76.13590953135065,High Risk
7548-SEPYI,0.7799098411074809,77.99098411074809,High Risk
8835-VSDSE,0.6572972009442717,65.72972009442717,High Risk
6619-RPLQZ,0.0012887554996476715,0.12887554996476716,Low Risk
3275-RHRNE,0.09729416558806923,9.729416558806923,Low Risk
3503-TYDAY,0.3443221697719836,34.43221697719836,Medium Risk
6901-GOGZG,0.003411899147624238,0.3411899147624238,Low Risk
1623-NLDOT,0.09797166177410287,9.797166177410286,Low Risk
7021-XSNYE,0.0025267870241221305,0.252678702412213,Low Risk
9621-OUPYD,0.03806694349831014,3.806694349831014,Low Risk
9898-KZQDZ,0.6498145297669483,64.98145297669483,High Risk
8982-NHAVY,0.3216432378782723,32.16432378782723,Medium Risk
4307-KWMXE,0.17219401999636558,17.219401999636556,Low Risk
0141-YEAYS,0.48196259519715173,48.19625951971517,Medium Risk
2450-ZKEED,0.09669969313766451,9.669969313766451,Low Risk
3694-DELSO,0.16541126966300324,16.541126966300325,Low Risk
3893-JRNFS,0.11325956922932515,11.325956922932514,Low Risk
9603-OAIHC,0.5816084687959797,58.16084687959797,Medium Risk
1133-KXCGE,0.06071451329278646,6.071451329278646,Low Risk
5236-PERKL,0.009108391115383255,0.9108391115383255,Low Risk
0142-GVYSN,0.10680986107756892,10.680986107756892,Low Risk
1049-FYSYG,0.2513460936046323,25.134609360463227,Low Risk
7854-FOKSF,0.47989352767238763,47.98935276723876,Medium Risk
2519-FAKOD,0.5808521343738442,58.08521343738442,Medium Risk
8406-LNMHF,0.09477243815000949,9.47724381500095,Low Risk
1821-BUCWY,0.0063622553954332545,0.6362255395433255,Low Risk
8263-JQAIK,0.5844331520493814,58.44331520493814,Medium Risk
0023-UYUPN,0.04165944967682132,4.165944967682132,Low Risk
8314-DPQHL,0.08842606797805902,8.842606797805901,Low Risk
1465-WCZVT,0.16082475684711253,16.08247568471125,Low Risk
9481-SFCQY,0.3800479250344436,38.004792503444364,Medium Risk
6360-SVNWV,0.27744487015119396,27.744487015119397,Low Risk
0567-GGCAC,0.29129610305119474,29.129610305119474,Low Risk
7089-IVVAZ,0.4912819853596952,49.12819853596952,Medium Risk
8884-MRNSU,0.029753136371411675,2.9753136371411677,Low Risk
2171-UDMFD,0.06176164865997072,6.176164865997072,Low Risk
9050-IKDZA,0.7295672752537218,72.95672752537217,High Risk
2205-YMZZJ,0.7789464081498086,77.89464081498086,High Risk
9802-CAQUT,0.004638568946534133,0.46385689465341334,Low Risk
1254-IZEYF,0.7828154153605239,78.28154153605239,High Risk
0187-WZNAB,0.27111890513166714,27.111890513166713,Low Risk
9492-TOKRI,0.6414611718599175,64.14611718599174,High Risk
1475-VWVDO,0.498401785069609,49.8401785069609,Medium Risk
9221-OTIVJ,0.8300695200777022,83.00695200777022,High Risk
1357-MVDOZ,0.40454867071016803,40.45486707101681,Medium Risk
7602-MVRMB,0.0030518260110331866,0.3051826011033187,Low Risk
3325-FUYCG,0.25378187000181396,25.378187000181395,Low Risk
5908-QMGOE,0.6217554994409747,62.175549944097476,High Risk
1197-BVMVG,0.643302805395091,64.3302805395091,High Risk
5406-KGRMX,0.0008179347361888763,0.08179347361888763,Low Risk
8481-YYXWG,0.6198464267147232,61.98464267147232,High Risk
5968-HYJRZ,0.0014355404547337978,0.14355404547337977,Low Risk
5198-EFNBM,0.24767908587870333,24.767908587870334,Low Risk
7516-GMHUV,0.011721691187844554,1.1721691187844554,Low Risk
7140-ADSMJ,0.11130173459094526,11.130173459094527,Low Risk
2230-XTUWL,0.0012103043220908444,0.12103043220908444,Low Risk
7706-YLMQA,0.009612701953824807,0.9612701953824807,Low Risk
2585-KTFRE,0.21933622756624666,21.933622756624665,Low Risk
7994-UYIVZ,0.5033993317202335,50.33993317202336,Medium Risk
2609-IAICY,0.6759336557658461,67.5933655765846,High Risk
1740-CSDJP,0.44975174231107334,44.97517423110733,Medium Risk
7717-BICXI,0.0007861140298520478,0.07861140298520478,Low Risk
6559-RAKOZ,0.20663534139799258,20.663534139799257,Low Risk
2636-OHFMN,0.6151114408597809,61.51114408597809,High Risk
4716-MRVEN,0.04679177137978115,4.679177137978114,Low Risk
2143-LJULT,0.000795262072502079,0.0795262072502079,Low Risk
1323-OOEPC,0.5572656534422771,55.72656534422771,Medium Risk
3200-MNQTF,0.0008959888700302714,0.08959888700302714,Low Risk
6164-HXUGH,0.16179823252148778,16.17982325214878,Low Risk
5630-IXDXV,0.6161839140138964,61.61839140138964,High Risk
0320-DWVTU,0.004379568809262492,0.4379568809262492,Low Risk
9135-MGVPY,0.002970610499061929,0.2970610499061929,Low Risk
1212-GLHMD,0.571339422519457,57.133942251945705,Medium Risk
7878-JGDKK,0.45124986621813246,45.12498662181324,Medium Risk
1088-AUUZZ,0.0017997974398417842,0.17997974398417843,Low Risk
0397-GZBBC,0.5484427509310533,54.84427509310533,Medium Risk
6614-YWYSC,0.0008629844763315208,0.08629844763315207,Low Risk
9588-OZDMQ,0.4422745328092335,44.22745328092335,Medium Risk
7641-EUYET,0.5219186520912057,52.19186520912057,Medium Risk
6476-EPYZR,0.12167044036917576,12.167044036917577,Low Risk
9921-ZVRHG,0.6731379163555408,67.31379163555408,High Risk
1174-FGIFN,0.22026278106947333,22.026278106947334,Low Risk
6620-HVDUJ,0.08732613198576632,8.732613198576631,Low Risk
4701-MLJPN,0.31259757042956116,31.259757042956117,Medium Risk
1032-MAELW,0.052957280077553674,5.2957280077553675,Low Risk
7641-TQFHN,0.011710724339733082,1.1710724339733083,Low Risk
1552-TKMXS,0.04523525406918838,4.5235254069188375,Low Risk
9206-GVPEQ,0.30251628838933137,30.251628838933136,Medium Risk
8622-ZLFKO,0.7348186985675355,73.48186985675355,High Risk
1596-BBVTG,0.39272936828631844,39.27293682863184,Medium Risk
6188-UXBBR,0.028530816204243827,2.8530816204243825,Low Risk
2333-KWEWW,0.0015315134572866233,0.15315134572866232,Low Risk
5702-SKUOB,0.1833224971237979,18.332249712379788,Low Risk
1134-YWTYF,0.21818052895202789,21.81805289520279,Low Risk
6061-GWWAV,0.10319826454690349,10.319826454690348,Low Risk
0679-TDGAK,0.049449586749333814,4.944958674933382,Low Risk
6585-WCEWR,0.0004929548849450154,0.049295488494501535,Low Risk
9067-YGSCA,0.012527833330352059,1.2527833330352058,Low Risk
9067-SQTNS,0.015027592759098462,1.5027592759098463,Low Risk
8433-WXGNA,0.514818957374787,51.4818957374787,Medium Risk
1776-SPBWV,0.028395136552263812,2.8395136552263813,Low Risk
8735-SDUFN,0.000730503068779393,0.0730503068779393,Low Risk
9668-PUGNU,0.0009498455237637722,0.09498455237637722,Low Risk
9405-GPBBG,0.007509591835639555,0.7509591835639555,Low Risk
1926-QUZNN,0.0006798361706123554,0.06798361706123554,Low Risk
3707-GNWHM,0.6939494015941096,69.39494015941095,High Risk
7016-NVRIC,0.1696200037322314,16.96200037322314,Low Risk
5829-NVSQN,0.08177380370774956,8.177380370774955,Low Risk
9565-AXSMR,0.0009870897210812496,0.09870897210812496,Low Risk
8922-LIEGH,0.7568906145374953,75.68906145374953,High Risk
8869-LIHMK,0.0045220925247278845,0.4522092524727884,Low Risk
8245-UMPYT,0.7962087705899683,79.62087705899683,High Risk
5186-SAMNZ,0.585950665143332,58.595066514333205,Medium Risk
0447-RXSGD,0.6021664829544285,60.21664829544285,High Risk
4927-WWOOZ,0.6303310165551465,63.03310165551464,High Risk
5788-YPOEG,0.0051991189609213685,0.5199118960921368,Low Risk
5373-SFODM,0.5252960813591889,52.52960813591889,Medium Risk
0661-KBKPA,0.151342536458131,15.1342536458131,Low Risk
9081-WWXKP,0.0007228396644377032,0.07228396644377032,Low Risk
0784-ZQJZX,0.0003464697443830695,0.03464697443830695,Low Risk
3133-PZNSR,0.002100829567161198,0.2100829567161198,Low Risk
5766-ZJYBB,0.18142996332387787,18.14299633238779,Low Risk
8931-GJJIQ,0.746000277786793,74.6000277786793,High Risk
4277-PVRAN,0.6129516932318609,61.295169323186094,High Risk
0022-TCJCI,0.13954040522274927,13.954040522274926,Low Risk
0722-SVSFK,0.5335603676171486,53.35603676171486,Medium Risk
3612-YVGSJ,0.0007223373667774868,0.07223373667774868,Low Risk
9825-YCXWZ,0.20493413068706842,20.493413068706843,Low Risk
5397-NSKQG,0.0012831456332844458,0.12831456332844457,Low Risk
8565-HBFNN,0.05322187556231757,5.322187556231757,Low Risk
2000-DHJUY,0.0031914679534956487,0.31914679534956486,Low Risk
0203-HHYIJ,0.058631450164490916,5.863145016449091,Low Risk
8670-ERCJH,0.0025815090483712684,0.2581509048371268,Low Risk
7758-UJWYS,0.0036953266528374634,0.36953266528374634,Low Risk
2050-ONYDQ,0.0005766390294377712,0.05766390294377712,Low Risk
7055-JCGNI,0.004071166357337096,0.4071166357337096,Low Risk
0739-UUAJR,0.001883030815019074,0.18830308150190742,Low Risk
4826-DXMUP,0.15884282695308832,15.884282695308832,Low Risk
0952-KMEEH,0.5890950331940303,58.909503319403036,Medium Risk
7285-KLOTR,0.2613710086246529,26.13710086246529,Low Risk
0654-PQKDW,0.028143605056782255,2.8143605056782253,Low Risk
7175-NTIXE,0.1835860587003897,18.358605870038968,Low Risk
7963-SHNDT,0.0012472337587539708,0.12472337587539709,Low Risk
9796-BPKIW,0.46403566529966384,46.40356652996638,Medium Risk
0188-GWFLE,0.16057575689961504,16.057575689961503,Low Risk
8129-GMVGI,0.0009775974539557965,0.09775974539557965,Low Risk
2882-DDZPG,0.0895150365287286,8.951503652872859,Low Risk
3547-LQRIK,0.03150554854848681,3.1505548548486813,Low Risk
9137-NOQKA,0.18009110333053496,18.009110333053496,Low Risk
5843-TTHGI,0.43916651779737664,43.91665177973766,Medium Risk
1849-RJYIG,0.4166713724715768,41.66713724715768,Medium Risk
8868-GAGIO,0.2985620529182185,29.85620529182185,Low Risk
4061-UKJWL,0.40567153144236945,40.56715314423695,Medium Risk
5380-XPJNZ,0.037390043809577944,3.7390043809577946,Low Risk
8263-QMNTJ,0.004790707428969084,0.47907074289690843,Low Risk
8178-EYZUO,0.4599578425668535,45.995784256685354,Medium Risk
3230-JCNZS,0.004357153644131022,0.4357153644131022,Low Risk
0277-ORXQS,0.0012486336837035546,0.12486336837035546,Low Risk
5130-IEKQT,0.7916317530418772,79.16317530418772,High Risk
3230-WYKIR,0.2946819679191477,29.46819679191477,Low Risk
7996-BPXHY,0.0027675430463759126,0.27675430463759126,Low Risk
3227-WLKLI,0.001830372171957772,0.1830372171957772,Low Risk
0407-BDJKB,0.5173294924046006,51.73294924046006,Medium Risk
2266-FUBDZ,0.0025517369420720083,0.2551736942072008,Low Risk
8237-ULIXL,0.000537675132962396,0.053767513296239605,Low Risk
9600-UDOPK,0.6148401114160599,61.48401114160599,High Risk
8216-AZUUZ,0.011480275533157258,1.1480275533157258,Low Risk
9153-BTBVV,0.0005338517352597542,0.053385173525975424,Low Risk
4074-SJFFA,0.7059941551583643,70.59941551583643,High Risk
3269-ATYWD,0.637202598617349,63.720259861734895,High Risk
5186-PEIZU,0.05339487432436518,5.339487432436519,Low Risk
1074-AMIOH,0.26534835790030836,26.534835790030836,Low Risk
4910-GMJOT,0.8173316020867372,81.73316020867372,High Risk
0354-WYROK,0.6209474422910821,62.094744229108215,High Risk
4361-FEBGN,0.0007077553249760642,0.07077553249760642,Low Risk
7748-UMTRK,0.507383466072106,50.7383466072106,Medium Risk
0380-ZCSBI,0.08615613712163495,8.615613712163494,Low Risk
7145-FEJWU,0.689817461797731,68.9817461797731,High Risk
6463-MVYRY,0.0017722954288740581,0.1772295428874058,Low Risk
3969-JQABI,0.12736437033966017,12.736437033966016,Low Risk
9624-EGDEQ,0.0018099805718557508,0.18099805718557507,Low Risk
1051-EQPZR,0.0657691373517357,6.57691373517357,Low Risk
5849-ASHZJ,0.024231074622444622,2.423107462244462,Low Risk
5780-INQIK,0.25134676192868843,25.134676192868845,Low Risk
7576-OYWBN,0.7408687442875311,74.08687442875312,High Risk
4526-ZJJTM,0.470884723764108,47.0884723764108,Medium Risk
8384-FZBJK,0.4567340878278654,45.67340878278654,Medium Risk
3750-RNQKR,0.14665021367806938,14.665021367806938,Low Risk
0962-CQPWQ,0.00047671891212934905,0.04767189121293491,Low Risk
3096-YXENJ,0.007305638463978436,0.7305638463978437,Low Risk
1265-BCFEO,0.0036793606446614063,0.36793606446614063,Low Risk
5837-LXSDN,0.19127241420095925,19.127241420095924,Low Risk
5945-AZYHT,0.15851369616990785,15.851369616990784,Low Risk
8325-QRPZR,0.6150907110983029,61.509071109830295,High Risk
6384-VMJHP,0.001359189652720395,0.1359189652720395,Low Risk
2262-SLNVK,0.47330523207770747,47.330523207770746,Medium Risk
7730-CLDSV,0.004190509646864642,0.4190509646864642,Low Risk
1135-HIORI,0.174788383027972,17.4788383027972,Low Risk
0164-APGRB,0.005459209108250693,0.5459209108250693,Low Risk
6481-ESCNL,0.46315929961022884,46.31592996102288,Medium Risk
1790-NESIO,0.004233799509460846,0.4233799509460846,Low Risk
1550-EENBN,0.42423768735341827,42.423768735341824,Medium Risk
5539-TMZLF,0.679983573901648,67.9983573901648,High Risk
4323-SADQS,0.15046916782393457,15.046916782393458,Low Risk
4446-BZKHU,0.5896079583271462,58.960795832714616,Medium Risk
5202-IVJNU,0.20415586074476977,20.415586074476977,Low Risk
5976-JCJRH,0.5455327787099736,54.55327787099736,Medium Risk
8198-RKSZG,0.3159635691513272,31.596356915132716,Medium Risk
0137-OCGAB,0.7635369609734004,76.35369609734003,High Risk
3351-NQLDI,0.08462906310884408,8.462906310884408,Low Risk
9297-EONCV,0.0022813990989681765,0.22813990989681765,Low Risk
7593-JNWRU,0.4348246817506652,43.48246817506652,Medium Risk
4588-YBNIB,0.3289035877222096,32.890358772220964,Medium Risk
1069-QJOEE,0.03693102497110808,3.693102497110808,Low Risk
3336-JORSO,0.6880749773471325,68.80749773471325,High Risk
7799-DSEWS,0.21490518241358988,21.490518241358988,Low Risk
8766-PAFNE,0.0028662707495146823,0.2866270749514682,Low Risk
5315-CKEQK,0.23130132598288589,23.13013259828859,Low Risk
3130-ICDUP,0.3051493468217901,30.514934682179014,Medium Risk
0820-FNRNX,0.3336090973640739,33.36090973640739,Medium Risk
0880-FVFWF,0.21719753977986161,21.719753977986162,Low Risk
4611-ANLQC,0.05047469646637236,5.047469646637236,Low Risk
4213-HKBJO,0.0014665830908718702,0.14665830908718702,Low Risk
2792-LSHWX,0.3555951140388842,35.55951140388842,Medium Risk
5028-GZLDO,0.4984730992484653,49.84730992484653,Medium Risk
0014-BMAQU,0.0017729395831102203,0.17729395831102204,Low Risk
6861-XWTWQ,0.8270430528843079,82.70430528843079,High Risk
9018-PCIOK,0.010309030660297744,1.0309030660297744,Low Risk
4837-QUSFT,0.05621012884257369,5.621012884257369,Low Risk
6877-TJMBR,0.5765620201233478,57.65620201233478,Medium Risk
9953-ZMKSM,0.001046143976496992,0.10461439764969921,Low Risk
0907-HQNTS,0.005498147805441126,0.5498147805441126,Low Risk
7665-NKLAV,0.0009936261889508873,0.09936261889508874,Low Risk
6769-DCQLI,0.20849954024188305,20.849954024188307,Low Risk
2433-KMEAS,0.39288838687315364,39.28883868731536,Medium Risk
4391-LNRXK,0.3132385308680395,31.32385308680395,Medium Risk
8250-ZNGGW,0.18217045140902682,18.217045140902684,Low Risk
2195-ZRVAX,0.547545057706359,54.754505770635895,Medium Risk
3550-SAHFP,0.646899016839534,64.6899016839534,High Risk
2011-TRQYE,0.3528552421698224,35.28552421698224,Medium Risk
8562-GHPPI,0.113691373717859,11.3691373717859,Low Risk
5893-PYOLZ,0.003998593627794661,0.3998593627794661,Low Risk
4986-MXSFP,0.21292071010006391,21.292071010006392,Low Risk
6131-FOYAS,0.23465683091372205,23.465683091372206,Low Risk
3027-YNWZU,0.000657879816156283,0.0657879816156283,Low Risk
5609-IMCGG,0.3370287783082583,33.70287783082583,Medium Risk
4873-ILOLJ,0.6244775852447054,62.447758524470544,High Risk
4727-MCYZG,0.5500816249800666,55.00816249800666,Medium Risk
9481-WHGWY,0.0011076626447106628,0.11076626447106629,Low Risk
2725-KXXWT,0.7597898450143786,75.97898450143786,High Risk
9565-DJPIB,0.6996147252679984,69.96147252679984,High Risk
4328-VUFWD,0.09527431003770323,9.527431003770323,Low Risk
3301-LSLWQ,0.35821535768846846,35.82153576884684,Medium Risk
7473-ZBDSN,0.002991726846801242,0.2991726846801242,Low Risk
3166-PNEOF,0.0021109725263569303,0.21109725263569304,Low Risk
5639-NTUPK,0.18547399007067655,18.547399007067654,Low Risk
8780-YRMTT,0.0012253361960252868,0.12253361960252868,Low Risk
8348-HFYIV,0.6263006482556887,62.630064825568866,High Risk
5140-FOMCQ,0.1596286641847595,15.962866418475949,Low Risk
6242-SGYTS,0.08637561410681807,8.637561410681807,Low Risk
8166-ORCHU,0.15448645233750097,15.448645233750097,Low Risk
8414-OOEEL,0.0029694678194319758,0.29694678194319757,Low Risk
8454-AATJP,0.002914287062497936,0.2914287062497936,Low Risk
6849-WLEYG,0.24363359327565426,24.363359327565426,Low Risk
4659-NZRUF,0.6090641217913962,60.90641217913962,High Risk
4531-AUZNK,0.11313430191886983,11.313430191886983,Low Risk
4191-XOVOM,0.28355654220892706,28.355654220892706,Low Risk
2150-OEGBV,0.02617845989573969,2.617845989573969,Low Risk
8429-XIBUM,0.45591063138720095,45.591063138720095,Medium Risk
1855-CFULU,0.21822380223812604,21.822380223812605,Low Risk
4878-BUNFV,0.001253013746911733,0.1253013746911733,Low Risk
1872-EBWSC,0.046604287387604255,4.660428738760426,Low Risk
2608-BHKFN,0.5737926749428797,57.379267494287966,Medium Risk
7026-YMSBE,0.04136759701168979,4.1367597011689785,Low Risk
7341-LXCAF,0.6737314620652483,67.37314620652482,High Risk
6997-UVGOX,0.0011213659938277933,0.11213659938277933,Low Risk
9674-EHPPG,0.0007693660891978523,0.07693660891978522,Low Risk
9462-MJUAW,0.5903655899983181,59.03655899983181,Medium Risk
8128-YVJRG,0.5555842594773117,55.55842594773117,Medium Risk
5440-VHLUL,0.10590893172057134,10.590893172057134,Low Risk
5781-BKHOP,0.0034217978252937525,0.34217978252937525,Low Risk
4283-FUTGF,0.6566483092656794,65.66483092656794,High Risk
5213-TWWJU,0.2941505036477838,29.415050364778377,Low Risk
1569-TTNYJ,0.6907442862840351,69.07442862840351,High Risk
8628-MFKAX,0.005009170456545297,0.5009170456545297,Low Risk
2397-BRLOM,0.6473521025831444,64.73521025831444,High Risk
7629-WIXZF,0.246370179820958,24.6370179820958,Low Risk
5445-GLVOT,0.2720215351423255,27.202153514232553,Low Risk
3976-HXHCE,0.00037119361356434323,0.03711936135643432,Low Risk
2466-NEJOJ,0.08824616663252367,8.824616663252367,Low Risk
0254-KCJGT,0.05048266521366654,5.048266521366654,Low Risk
5472-CVMDX,0.0008646707833824252,0.08646707833824252,Low Risk
6461-SZMCV,0.0018123296277686085,0.18123296277686085,Low Risk
8150-QUDFX,0.16098315608099797,16.098315608099796,Low Risk
9508-ILZDG,0.4489218851624624,44.89218851624624,Medium Risk
2346-DJQTB,0.20322436322811274,20.322436322811274,Low Risk
1697-LYYYX,0.011293594916595012,1.1293594916595011,Low Risk
1942-OQFRW,0.37307609563211314,37.307609563211315,Medium Risk
4749-VFKVB,0.6809791491892743,68.09791491892743,High Risk
9640-ZSLDC,0.08335371808587073,8.335371808587073,Low Risk
4231-LZUYM,0.0005177505108643739,0.05177505108643739,Low Risk
7598-UAASY,0.5974456871894392,59.744568718943924,Medium Risk
7938-OUHIO,0.6680929804244583,66.80929804244583,High Risk
8510-AWCXC,0.7381682109379817,73.81682109379817,High Risk
6128-AQBMT,0.39673920826530823,39.673920826530825,Medium Risk
3594-BDSOA,0.0316757006854,3.1675700685400003,Low Risk
0431-APWVY,0.2994434401339056,29.944344013390563,Low Risk
5133-VRSAB,0.23564820624399768,23.56482062439977,Low Risk
5996-DAOQL,0.2223103432881935,22.231034328819348,Low Risk
6838-YAUVY,0.006226747187501196,0.6226747187501196,Low Risk
0484-JPBRU,0.06818438009729669,6.818438009729669,Low Risk
7883-ROJOC,0.3532881834378384,35.328818343783844,Medium Risk
0244-LGNFY,0.0015287990223396917,0.15287990223396916,Low Risk
7274-CGTOD,0.0007192586507161892,0.07192586507161892,Low Risk
4295-YURET,0.002877903655572551,0.28779036555725507,Low Risk
3426-NIYYL,0.4854715286658102,48.54715286658102,Medium Risk
8225-BTJAU,0.7394121063562825,73.94121063562825,High Risk
4635-EJYPD,0.0016618366531580642,0.16618366531580642,Low Risk
1866-ZSLJM,0.06747366952141931,6.747366952141931,Low Risk
4636-TVXVG,0.009528586997160037,0.9528586997160037,Low Risk
4236-UJPWO,0.29886321742702027,29.886321742702027,Low Risk
9392-XBGTD,0.0018792215447912266,0.18792215447912267,Low Risk
3387-VATUS,0.7177112927256284,71.77112927256285,High Risk
6402-SSEJG,0.1372661538328365,13.726615383283649,Low Risk
1143-NMNQJ,0.7441470282960366,74.41470282960367,High Risk
1169-SAOCL,0.14937254221221125,14.937254221221124,Low Risk
1110-KYLGQ,0.23659860954743472,23.659860954743472,Low Risk
9929-PLVPA,0.09950160871959522,9.950160871959522,Low Risk
3518-PZXZQ,0.5608683902012668,56.086839020126675,Medium Risk
2371-JUNGC,0.13512167301688,13.512167301687999,Low Risk
7693-QPEFS,0.3123428207255049,31.23428207255049,Medium Risk
0924-BJCRC,0.45793898958188717,45.79389895818872,Medium Risk
5074-FBGHB,0.12110936918752928,12.110936918752929,Low Risk
2351-BKRZW,0.003972858369009118,0.3972858369009118,Low Risk
4455-BFSPD,0.09871724285908404,9.871724285908403,Low Risk
0415-MOSGF,0.585156300842547,58.5156300842547,Medium Risk
1724-BQUHA,0.8043695065218759,80.43695065218759,High Risk
3948-KXDUF,0.0009260373161474098,0.09260373161474098,Low Risk
2323-ARSVR,0.004165832760072569,0.41658327600725686,Low Risk
0815-MFZGM,0.00886070067258593,0.886070067258593,Low Risk
4826-XTSOH,0.794938586666658,79.4938586666658,High Risk
5480-XTFFL,0.0018537279152158138,0.18537279152158137,Low Risk
8295-FHIVV,0.18098568945885848,18.098568945885848,Low Risk
2495-INZWQ,0.5576284328357382,55.762843283573815,Medium Risk
9086-YJYXS,0.18048911084780528,18.048911084780528,Low Risk
1179-INLAT,0.10451855500112321,10.451855500112321,Low Risk
7909-FIOIY,0.3032488325858336,30.324883258583363,Medium Risk
4139-SUGLD,0.07503595978111863,7.503595978111862,Low Risk
6857-VWJDT,0.7807950855768322,78.07950855768323,High Risk
6351-SCJKT,0.148194893831757,14.8194893831757,Low Risk
5468-BPMMO,0.053314523218044495,5.331452321804449,Low Risk
5624-BQSSA,0.2748326019217546,27.483260192175464,Low Risk
0197-PNKNK,0.04865341419458003,4.865341419458003,Low Risk
2439-QKJUL,0.15164308275050156,15.164308275050157,Low Risk
1194-SPVSP,0.10121386652066909,10.121386652066908,Low Risk
9534-NSXEM,0.034777671719600424,3.4777671719600423,Low Risk
2408-WITXK,0.5996817679454354,59.96817679454354,Medium Risk
8929-KSWIH,0.009561901612847697,0.9561901612847697,Low Risk
2250-IVBWA,0.11749693212107266,11.749693212107266,Low Risk
1810-MVMAI,0.13343829001830543,13.343829001830542,Low Risk
9506-UXUSK,0.5314636019545059,53.14636019545059,Medium Risk
1229-RCALF,0.1318301071279648,13.18301071279648,Low Risk
3572-UOLYZ,0.19461594204124655,19.461594204124655,Low Risk
1429-UYJSV,0.07259175858574554,7.2591758585745545,Low Risk
5577-OTWWW,0.13923114707722603,13.923114707722602,Low Risk
6100-QQHEB,0.7337127532575849,73.37127532575849,High Risk
6366-XIVKZ,0.40365725595007906,40.36572559500791,Medium Risk
3470-OBUET,0.001154095149754902,0.11540951497549021,Low Risk
2770-NSVDG,0.2151694388530483,21.51694388530483,Low Risk
9375-MHRRS,0.2734327824981892,27.34327824981892,Low Risk
2634-HCZGT,0.1005654956916144,10.05654956916144,Low Risk
7503-QQRVF,0.5161200124210799,51.612001242107986,Medium Risk
4860-YZGZM,0.11845628950923995,11.845628950923995,Low Risk
6599-GZWCM,0.4009410097098141,40.09410097098141,Medium Risk
2691-NZETQ,0.7105531822991311,71.05531822991311,High Risk
4404-HIBDJ,0.16767228099298637,16.767228099298638,Low Risk
5533-NHFRF,0.41718289496184535,41.71828949618453,Medium Risk
7037-MTYVW,0.003823450112368179,0.3823450112368179,Low Risk
4760-THGOT,0.3587127661914736,35.87127661914736,Medium Risk
7295-JOMMD,0.5917733087172178,59.17733087172178,Medium Risk
4016-BJKTZ,0.018927599425023266,1.8927599425023267,Low Risk
6584-VQMYT,0.09474513194056756,9.474513194056756,Low Risk
9838-BFCQT,0.0007347502445698471,0.0734750244569847,Low Risk
2790-XUYMV,0.054253661554635874,5.425366155463587,Low Risk
0581-MDMPW,0.5595784414635487,55.95784414635487,Medium Risk
5013-SBUIH,0.013872543870964954,1.3872543870964953,Low Risk
1023-BQXZE,0.003831370725984965,0.3831370725984965,Low Risk
9163-GHAYE,0.35494644707598205,35.494644707598205,Medium Risk
3904-UKFRE,0.41608977228684263,41.60897722868426,Medium Risk
5353-WILCI,0.19417178077534883,19.41717807753488,Low Risk
0709-TVGUR,0.7416243740310401,74.16243740310401,High Risk
0058-EVZWM,0.23424329955845216,23.424329955845216,Low Risk
6023-YEBUP,0.7889599596160001,78.89599596160001,High Risk
7209-JCUDS,0.7179615390026303,71.79615390026302,High Risk
7009-PCARS,0.011705730229527011,1.1705730229527012,Low Risk
0519-DRGTI,0.11741777494664739,11.741777494664738,Low Risk
1017-FBQMM,0.12405873652954337,12.405873652954337,Low Risk
3001-CBHLQ,0.6485981839086205,64.85981839086205,High Risk
1985-MBRYP,0.0011417762985054137,0.11417762985054136,Low Risk
6158-DWPZT,0.1601263980316887,16.01263980316887,Low Risk
9372-TXXPS,0.0008210244385322366,0.08210244385322366,Low Risk
3259-QMXUN,0.00721135978583092,0.721135978583092,Low Risk
1015-JPFYW,0.0655983330375413,6.55983330375413,Low Risk
6645-MXQJT,0.43699609086664826,43.69960908666483,Medium Risk
4360-QRAVE,0.2339852840106538,23.39852840106538,Low Risk
8433-WPJTV,0.16823620059308617,16.823620059308617,Low Risk
5804-JMYIO,0.0015280333737441784,0.15280333737441784,Low Risk
3763-GCZHZ,0.2461457945800795,24.614579458007952,Low Risk
6484-LATFU,0.0009247103726407496,0.09247103726407496,Low Risk
7599-NTMDP,0.0006860935189610718,0.06860935189610719,Low Risk
0772-GYEQQ,0.6429809232638591,64.29809232638591,High Risk
0536-ACXIP,0.00941754324099812,0.941754324099812,Low Risk
0936-NQLJU,0.0009318450280434943,0.09318450280434944,Low Risk
4831-EOBFE,0.3755079301044148,37.55079301044148,Medium Risk
1575-KRZZE,0.28875829455041013,28.875829455041014,Low Risk
3251-YMVWZ,0.017240359272393,1.7240359272393,Low Risk
4102-OQUPX,0.7507175303079098,75.07175303079097,High Risk
9170-GYZJC,0.18260699568575028,18.260699568575028,Low Risk
4884-LEVMQ,0.0011113400892215296,0.11113400892215296,Low Risk
8857-CUPFQ,0.0008134509767585821,0.08134509767585821,Low Risk
7610-TVOPG,0.15707782465364153,15.707782465364154,Low Risk
3638-DIMPH,0.20924313868202582,20.92431386820258,Low Risk
1845-ZLLIG,0.5499955219497132,54.99955219497132,Medium Risk
8559-WNQZS,0.003927459959840685,0.39274599598406845,Low Risk
3999-QGRJH,0.6818570392361076,68.18570392361076,High Risk
1699-UOTXU,0.0021665117648211082,0.21665117648211082,Low Risk
2454-RPBRZ,0.7984968263677626,79.84968263677627,High Risk
0635-WKOLD,0.0751149717410981,7.51149717410981,Low Risk
5993-JSUWV,0.0018198534696801806,0.18198534696801805,Low Risk
4518-FZBSX,0.027499711085445095,2.7499711085445093,Low Risk
5387-ASZNZ,0.03762271999361474,3.7622719993614737,Low Risk
6988-CJEYV,0.4372981265401667,43.72981265401667,Medium Risk
2002-MZHWP,0.2760960385880827,27.609603858808267,Low Risk
3097-FQTVJ,0.001610928319548062,0.1610928319548062,Low Risk
5465-BUBFA,0.0008320092298343197,0.08320092298343197,Low Risk
7299-GNVPL,0.20093495751828322,20.09349575182832,Low Risk
9743-DQKQW,0.2717948499806977,27.179484998069768,Low Risk
1215-VFYVK,0.21310977745362963,21.310977745362962,Low Risk
9371-BITHB,0.001090603179769311,0.10906031797693111,Low Risk
2265-CYWIV,0.7723597506467628,77.23597506467628,High Risk
9093-FPDLG,0.47488449247426917,47.488449247426914,Medium Risk
0541-FITGH,0.4378167955847225,43.78167955847225,Medium Risk
6985-HAYWX,0.34149234757122504,34.14923475712251,Medium Risk
7508-KBIMB,0.07941906625714924,7.941906625714925,Low Risk
6838-HVLXG,0.14517171422405148,14.517171422405148,Low Risk
2277-DJJDL,0.36149986696727227,36.149986696727225,Medium Risk
1897-OKVMW,0.004290376080181012,0.4290376080181012,Low Risk
5485-ITNPC,0.0017870271373934957,0.17870271373934957,Low Risk
0233-FTHAV,0.13199234024144268,13.199234024144268,Low Risk
4644-PIZRT,0.15264194322981445,15.264194322981444,Low Risk
8922-NPKBJ,0.0012836902745698125,0.12836902745698126,Low Risk
2740-TVLFN,0.47220711521262676,47.22071152126268,Medium Risk
7771-CFQRQ,0.0025522626172259184,0.25522626172259183,Low Risk
9512-PHSMG,0.1828743513623716,18.28743513623716,Low Risk
6963-EZQEE,0.0030851206711632463,0.3085120671163246,Low Risk
2452-KDRRH,0.392191519477565,39.2191519477565,Medium Risk
2004-OCQXK,0.7271440484162556,72.71440484162555,High Risk
5027-QPKTE,0.6146845489351783,61.46845489351783,High Risk
4146-SVFUD,0.41799746612568184,41.799746612568185,Medium Risk
1564-HJUVY,0.2923031870745221,29.230318707452206,Low Risk
3617-XLSGQ,0.005131610721612615,0.5131610721612615,Low Risk
7517-LDMPS,0.5784174279046014,57.84174279046014,Medium Risk
7244-KXYZN,0.032162700578651664,3.216270057865166,Low Risk
5226-NOZFC,0.4705216683886892,47.05216683886892,Medium Risk
2672-HUYVI,0.7617552356464448,76.17552356464448,High Risk
1400-WIVLL,0.0076660047055840735,0.7666004705584073,Low Risk
7508-MYBOG,0.6846208925113025,68.46208925113025,High Risk
8148-NLEGT,0.0015849794238371418,0.15849794238371417,Low Risk
0148-DCDOS,0.6320765805259411,63.207658052594105,High Risk
8347-GDTMP,0.0005154997472087498,0.05154997472087498,Low Risk
9992-RRAMN,0.6628945588167272,66.28945588167272,High Risk
6746-WAUWT,0.04150539003671827,4.1505390036718275,Low Risk
0310-MVLET,0.4934379968496782,49.34379968496782,Medium Risk
0428-IKYCP,0.46323897807476133,46.323897807476136,Medium Risk
4550-VBOFE,0.6298429578095822,62.98429578095822,High Risk
2187-PKZAY,0.4399104577072373,43.99104577072373,Medium Risk
4003-OCTMP,0.08678910030019495,8.678910030019495,Low Risk
6652-YFFJO,0.6191375554961333,61.91375554961333,High Risk
7225-IILWY,0.0008168836782600038,0.08168836782600039,Low Risk
5248-RPYWW,0.002868510634738864,0.2868510634738864,Low Risk
7923-IYJWY,0.0053995721464780745,0.5399572146478074,Low Risk
3170-GWYKC,0.146385925932782,14.638592593278199,Low Risk
5696-QURRL,0.6124261596784873,61.242615967848735,High Risk
7409-KIUTL,0.6792439893102576,67.92439893102576,High Risk
9830-ECLEN,0.049061622249432967,4.906162224943297,Low Risk
1732-VHUBQ,0.35903731773076636,35.903731773076636,Medium Risk
0495-RVCBF,0.7334023526863928,73.34023526863928,High Risk
2668-TZSPS,0.1627306185253667,16.273061852536667,Low Risk
7854-EDSSA,0.35811921559018334,35.81192155901833,Medium Risk
8869-TORSS,0.033564805564667816,3.3564805564667815,Low Risk
7446-SFAOA,0.02851617891758076,2.851617891758076,Low Risk
9522-ZSINC,0.0668784402048479,6.68784402048479,Low Risk
8234-GSZYK,0.0009818810909594444,0.09818810909594444,Low Risk
6505-OZNPG,0.009943883054821611,0.9943883054821612,Low Risk
6164-HAQTX,0.0006099390234280092,0.06099390234280092,Low Risk
0679-IDSTG,0.6812695617629239,68.12695617629238,High Risk
7765-LWVVH,0.005498052982997078,0.5498052982997078,Low Risk
1658-TJVOA,0.46236090713713807,46.23609071371381,Medium Risk
0953-LGOVU,0.18262754619939545,18.262754619939546,Low Risk
2115-BFTIW,0.5200225982418775,52.002259824187746,Medium Risk
4692-NNQRU,0.15355410259813546,15.355410259813546,Low Risk
7742-MYPGI,0.3640599927327917,36.40599927327917,Medium Risk
0611-DFXKO,0.6804666072150902,68.04666072150903,High Risk
7780-OTDSO,0.6299295209090827,62.992952090908275,High Risk
9619-GSATL,0.0675566019950987,6.755660199509871,Low Risk
5622-UEJFI,0.0016646441638391214,0.16646441638391213,Low Risk
9747-DDZOS,0.489231476531446,48.923147653144596,Medium Risk
0674-DGMAQ,0.6042806917693293,60.42806917693293,High Risk
6203-HBZPA,0.0014172045619158245,0.14172045619158244,Low Risk
0484-FFVBJ,0.18387186121901133,18.387186121901134,Low Risk
0301-FIDRB,0.0011151818164423612,0.11151818164423612,Low Risk
4139-JPIAM,0.05602553557313688,5.602553557313688,Low Risk
2181-TIDSV,0.0004785065387401596,0.04785065387401596,Low Risk
2761-XECQW,0.6159745512225543,61.597455122255425,High Risk
1936-CZAKF,0.004204222359970508,0.4204222359970508,Low Risk
9453-PATOS,0.0023645990239743366,0.23645990239743367,Low Risk
0564-JJHGS,0.7709530396357304,77.09530396357303,High Risk
3348-CFRNX,0.6162824581284171,61.62824581284171,High Risk
4402-FTBXC,0.22978450361274635,22.978450361274636,Low Risk
1428-GTBJJ,0.6196630306849537,61.966303068495364,High Risk
2931-XIQBR,0.16001453292132145,16.001453292132144,Low Risk
0106-UGRDO,0.0056569243502816915,0.5656924350281691,Low Risk
5542-TBBWB,0.6033486879213443,60.33486879213443,High Risk
1930-QPBVZ,0.0012976502896218211,0.12976502896218212,Low Risk
2606-PKWJB,0.029891062087752905,2.9891062087752904,Low Risk
5322-ZSMZY,0.0021170686229286194,0.21170686229286195,Low Risk
8059-UDZFY,0.6543686669452526,65.43686669452526,High Risk
7740-BTPUX,0.01688490191316642,1.6884901913166421,Low Risk
5220-AGAAX,0.0006235131419680359,0.062351314196803585,Low Risk
0208-BPQEJ,0.08208973044454203,8.208973044454202,Low Risk
9435-JMLSX,0.0015873210327603275,0.15873210327603274,Low Risk
3352-ALMCK,0.6743046804720865,67.43046804720865,High Risk
5312-IRCFR,0.22409882174024684,22.409882174024684,Low Risk
5294-IMHHT,0.08400963840441915,8.400963840441914,Low Risk
8802-UNOJF,0.6321211697226787,63.21211697226787,High Risk
6313-GIDIT,0.4788520913373319,47.88520913373319,Medium Risk
6176-YJWAS,0.004233808508109028,0.4233808508109028,Low Risk
5310-NOOVA,0.001090056658720965,0.1090056658720965,Low Risk
4526-EXKKN,0.0024794550538749485,0.24794550538749485,Low Risk
5311-IHLEI,0.12162404886436505,12.162404886436505,Low Risk
3987-KQDDU,0.29603964912281405,29.603964912281405,Low Risk
3404-JNXAX,0.21945652954823922,21.94565295482392,Low Risk
5131-PONJI,0.2918846641434115,29.188466414341153,Low Risk
2845-AFFTX,0.7258971363737949,72.58971363737949,High Risk
3489-VSFRD,0.027391238351083924,2.7391238351083924,Low Risk
3345-JHUEO,0.16172386903127656,16.172386903127656,Low Risk
5815-HGGHV,0.11470458676708682,11.470458676708683,Low Risk
5260-UMPWX,0.07738926930287483,7.738926930287484,Low Risk
2249-YPRNG,0.6966545183580028,69.66545183580028,High Risk
7410-YTJIK,0.621419444714898,62.14194447148979,High Risk
4626-GYCZP,0.7821028098860324,78.21028098860324,High Risk
5649-RXQTV,0.4564349646763082,45.64349646763082,Medium Risk
2674-MIAHT,0.7115086266873286,71.15086266873286,High Risk
2576-HXMPA,0.11404575903120427,11.404575903120428,Low Risk
7587-AOVVU,0.218044331898712,21.8044331898712,Low Risk
5590-BYNII,0.609918451296167,60.99184512961669,High Risk
6898-MDLZW,0.3182548662865125,31.82548662865125,Medium Risk
3237-AJGEH,0.30289097093843126,30.289097093843125,Medium Risk
4707-YNOQA,0.036198234440494796,3.6198234440494796,Low Risk
9357-UJRUN,0.08326229698586644,8.326229698586644,Low Risk
1591-NFNLQ,0.3408233757270206,34.08233757270206,Medium Risk
8648-PFRMP,0.500697885220186,50.0697885220186,Medium Risk
7663-CUXZB,0.00497479770805479,0.49747977080547895,Low Risk
0258-NOKBL,0.6418618825362102,64.18618825362103,High Risk
1163-VIPRI,0.004152828974587459,0.4152828974587459,Low Risk
2815-CPTUL,0.7323217466757886,73.23217466757886,High Risk
9348-ROUAI,0.0021856422748149705,0.21856422748149704,Low Risk
9443-JUBUO,0.0010023854101426696,0.10023854101426696,Low Risk
0596-BQCEQ,0.5475308976891761,54.753089768917604,Medium Risk
1481-ZUWZA,0.4608415638944694,46.08415638944694,Medium Risk
3043-TYBNO,0.3921744224453327,39.21744224453327,Medium Risk
4830-FAXFM,0.10983279482651516,10.983279482651517,Low Risk
5906-BFOZT,0.200122881497036,20.0122881497036,Low Risk
2960-NKRSO,0.31229601471518686,31.229601471518688,Medium Risk
8996-ZROXE,0.08066737066096284,8.066737066096284,Low Risk
5598-IKHQQ,0.0005410074105442077,0.054100741054420774,Low Risk
0397-ZXWQF,0.000418618661144742,0.0418618661144742,Low Risk
5266-PFRQK,0.016331659042428805,1.6331659042428806,Low Risk
4674-HGNUA,0.0015004861443760975,0.15004861443760975,Low Risk
6765-MBQNU,0.06123244627458568,6.123244627458568,Low Risk
9786-IJYDL,0.014246716507773635,1.4246716507773636,Low Risk
1303-SRDOK,0.005338058287716163,0.5338058287716163,Low Risk
3769-MHZNV,0.0017903745315115337,0.17903745315115338,Low Risk
6295-OSINB,0.008958549891813073,0.8958549891813072,Low Risk
3308-MHOOC,0.1897472315665633,18.97472315665633,Low Risk
2309-OSFEU,0.48513286129896455,48.51328612989646,Medium Risk
2207-QPJED,0.33613375659985023,33.613375659985024,Medium Risk
4177-JPDFU,0.19863620187285677,19.863620187285676,Low Risk
2239-CFOUJ,0.07313534108159156,7.313534108159156,Low Risk
8046-DNVTL,0.0006619016827530856,0.06619016827530856,Low Risk
2209-XADXF,0.23108148246842833,23.108148246842834,Low Risk
6620-JDYNW,0.3651606342239228,36.51606342239228,Medium Risk
1891-FZYSA,0.5306006172782167,53.060061727821676,Medium Risk
4770-UEZOX,0.522934909582795,52.2934909582795,Medium Risk
1038-RQOST,0.10881926511171783,10.881926511171782,Low Risk
7613-LLQFO,0.7006946966147677,70.06946966147677,High Risk
4568-TTZRT,0.1402830776089948,14.02830776089948,Low Risk
9513-DXHDA,0.09440005703002591,9.44000570300259,Low Risk
2640-PMGFL,0.4249741769800174,42.49741769800174,Medium Risk
3801-HMYNL,0.7439883516053016,74.39883516053017,High Risk
0516-QREYC,0.18564989019414144,18.564989019414142,Low Risk
9685-WKZGT,0.6629043593185774,66.29043593185774,High Risk
6022-UGGSO,0.5444515973450357,54.44515973450357,Medium Risk
8084-OIVBS,0.07122483579047671,7.122483579047671,Low Risk
8896-BQTTI,0.26742178728402505,26.742178728402504,Low Risk
3865-QBWSJ,0.36363341574467506,36.363341574467505,Medium Risk
3352-RICWQ,0.0032887424095778095,0.32887424095778095,Low Risk
2160-GPFXD,0.0013277984279602914,0.13277984279602914,Low Risk
2065-MMKGR,0.2515007491464212,25.15007491464212,Low Risk
5857-TYBCJ,0.5119107123791188,51.19107123791188,Medium Risk
1498-NHTLT,0.0028635902511131425,0.2863590251113142,Low Risk
4484-CGXFK,0.6529562356817294,65.29562356817294,High Risk
1402-PTHGN,0.09355021717764671,9.355021717764672,Low Risk
4176-RELJR,0.0007716019264878127,0.07716019264878127,Low Risk
6214-EDAKZ,0.30293244208894066,30.293244208894066,Medium Risk
5199-FPUSP,0.019685724628055706,1.9685724628055707,Low Risk
6377-KSLXC,0.15218035073715103,15.218035073715102,Low Risk
1796-JANOW,0.17559354600451707,17.55935460045171,Low Risk
0238-WHBIQ,0.001449843848257902,0.1449843848257902,Low Risk
8735-NBLWT,0.1309985755813777,13.09985755813777,Low Risk
6651-RLGGM,0.0008329204619713516,0.08329204619713516,Low Risk
6127-ISGTU,0.7020270866996589,70.20270866996589,High Risk
1614-JBEBI,0.19094814436483487,19.09481443648349,Low Risk
8740-XLHDR,0.29791997106896173,29.791997106896172,Low Risk
1208-DNHLN,0.23949296888749255,23.949296888749256,Low Risk
1761-AEZZR,0.7034994483433266,70.34994483433266,High Risk
3923-CSIHK,0.4108550992364284,41.08550992364284,Medium Risk
5696-EXCYS,0.0015835895492154269,0.1583589549215427,Low Risk
5795-KTGUD,0.006805438308410506,0.6805438308410506,Low Risk
7120-RFMVS,0.6973281029391206,69.73281029391207,High Risk
7924-GJZFI,0.568134331225798,56.8134331225798,Medium Risk
4702-HDRKD,0.01771007004182462,1.7710070041824622,Low Risk
8512-WIWYV,0.02333889807027387,2.3338898070273872,Low Risk
5897-ZYEKH,0.21858776259816548,21.858776259816548,Low Risk
5456-ITGIC,0.001556190006452581,0.1556190006452581,Low Risk
7317-GGVPB,0.01036445422355304,1.036445422355304,Low Risk
1406-PUQVY,0.4315395271816573,43.153952718165726,Medium Risk
1322-AGOQM,0.16913540300363405,16.913540300363405,Low Risk
3677-IYRBF,0.542002285598381,54.2002285598381,Medium Risk
5692-FPTAH,0.5606567854297452,56.06567854297452,Medium Risk
9114-AAFQH,0.19054770838897436,19.054770838897436,Low Risk
8715-KKTFG,0.13771918987471657,13.771918987471658,Low Risk
1550-LOAHA,0.37853983727391816,37.853983727391814,Medium Risk
1728-BQDMA,0.39185997799627387,39.18599779962739,Medium Risk
0268-QKIWO,0.23496150765883742,23.49615076588374,Low Risk
0876-WDUUZ,0.4483023906890875,44.83023906890875,Medium Risk
5117-ZSMHQ,0.0016068272738479807,0.16068272738479805,Low Risk
5151-HQRDG,0.23872884008880993,23.872884008880995,Low Risk
0960-HUWBM,0.0054720393538221475,0.5472039353822148,Low Risk
6465-GSRCL,0.11087814658311528,11.087814658311528,Low Risk
0617-FHSGK,0.3132050840760846,31.32050840760846,Medium Risk
0263-FJTQO,0.0018549080276143725,0.18549080276143726,Low Risk
7319-ZNRTR,0.03620995374200141,3.620995374200141,Low Risk
2858-MOFSQ,0.42135318986754755,42.135318986754754,Medium Risk
7503-EPSZW,0.0013493379913707161,0.13493379913707162,Low Risk
7089-XXAYG,0.12851422279507402,12.851422279507402,Low Risk
8118-LSUEL,0.8029039348840833,80.29039348840833,High Risk
8070-AAWZP,0.20747066707983916,20.747066707983915,Low Risk
1666-JXLKU,0.6589907782344954,65.89907782344953,High Risk
7855-DIWPO,0.4398889202183505,43.98889202183505,Medium Risk
5133-POWUA,0.47007503957539337,47.007503957539335,Medium Risk
5652-MSDEY,0.5826827523273986,58.26827523273986,Medium Risk
7005-CCBKV,0.6699241463375373,66.99241463375373,High Risk
1810-BOHSY,0.11786835963398677,11.786835963398676,Low Risk
1784-BXEFA,0.18468039174616793,18.468039174616795,Low Risk
7351-MHQVU,0.14707165613000328,14.707165613000328,Low Risk
9224-VTYID,0.0058031941324392464,0.5803194132439247,Low Risk
9500-IWPXQ,0.06111660610520368,6.111660610520368,Low Risk
5762-TJXGK,0.0035310556253889706,0.3531055625388971,Low Risk
4504-YOULA,0.18571541527819688,18.571541527819686,Low Risk
5569-IDSEY,0.17510341561286819,17.51034156128682,Low Risk
4250-FDVOU,0.4041339577362818,40.41339577362818,Medium Risk
7284-ZZLOH,0.0020312854826707058,0.20312854826707058,Low Risk
5277-ZLOOR,0.8115586479314723,81.15586479314723,High Risk
2141-RRYGO,0.6535096293716594,65.35096293716593,High Risk
1777-JYQPJ,0.31922233274105305,31.922233274105306,Medium Risk
6376-GAHQE,0.5990801534637398,59.90801534637398,Medium Risk
3401-URHDA,0.024869626405533158,2.486962640553316,Low Risk
1599-EAHXY,0.01338596071405597,1.3385960714055969,Low Risk
8631-XVRZL,0.08512669237864465,8.512669237864465,Low Risk
5052-PNLOS,0.7267508482609764,72.67508482609763,High Risk
3853-LYGAM,0.3562392712378772,35.623927123787716,Medium Risk
6979-ZNSFF,0.7046145459062315,70.46145459062315,High Risk
5751-USDBL,0.003262742678227594,0.3262742678227594,Low Risk
5680-LQOGP,0.0020718627941847347,0.20718627941847348,Low Risk
2386-LAHRK,0.6122645207367888,61.226452073678885,High Risk
8189-DUKMV,0.048225332500167015,4.8225332500167015,Low Risk
6032-IGALN,0.5374206553459432,53.74206553459432,Medium Risk
9931-DCEZH,0.07152626490749908,7.152626490749908,Low Risk
1898-JSNDC,0.14802132445444066,14.802132445444066,Low Risk
0315-LVCRK,0.5838935396106459,58.38935396106459,Medium Risk
3911-RSNHI,0.002136076101867725,0.2136076101867725,Low Risk
2410-CIYFZ,0.15012515642015398,15.012515642015398,Low Risk
4248-HCETZ,0.6691473407375311,66.91473407375311,High Risk
5505-OVWQW,0.06203771210329356,6.203771210329356,Low Risk
7271-AJDTL,0.35127629363710483,35.12762936371048,Medium Risk
1867-TJHTS,0.16020862659462395,16.020862659462395,Low Risk
0516-WJVXC,0.27511471662008663,27.511471662008663,Low Risk
9174-FKWZE,0.3553461251178946,35.53461251178946,Medium Risk
6860-YRJZP,0.5958345935728229,59.58345935728229,Medium Risk
4429-WYGFR,0.12379440018014999,12.379440018015,Low Risk
2817-LVCPP,0.0007590020296428625,0.07590020296428625,Low Risk
5038-ETMLM,0.0036633069333733576,0.36633069333733576,Low Risk
5056-FIMPT,0.09180372603958314,9.180372603958315,Low Risk
4521-WFJAI,0.0009248661857794005,0.09248661857794005,Low Risk
6569-KTMDU,0.1804758728562001,18.047587285620008,Low Risk
8809-RIHDD,0.02317130279579842,2.317130279579842,Low Risk
8809-XKHMD,0.0021397505782983725,0.21397505782983725,Low Risk
0396-YCHWO,0.524703330474619,52.47033304746191,Medium Risk
0867-LDTTC,0.301524696884851,30.152469688485102,Medium Risk
4822-NGOCH,0.6993622437667572,69.93622437667571,High Risk
9391-DXGGG,0.23917973273814402,23.917973273814404,Low Risk
9844-FELAJ,0.21144361252467225,21.144361252467224,Low Risk
2122-SZZZD,0.017508578347237232,1.7508578347237231,Low Risk
5307-DZCVC,0.6233058608064249,62.33058608064249,High Risk
3148-AOIQT,0.0007563922054362217,0.07563922054362217,Low Risk
8679-JOEVF,0.4738563374198511,47.38563374198511,Medium Risk
8395-ETZKQ,0.01132591817721621,1.132591817721621,Low Risk
6692-YQHXC,0.35398377314121443,35.39837731412144,Medium Risk
3889-VWBID,0.0010661095965089978,0.10661095965089978,Low Risk
5222-JCXZT,0.15676595026315276,15.676595026315276,Low Risk
9754-CLVZW,0.06079752650239912,6.079752650239912,Low Risk
1432-FPAXX,0.37763318562093057,37.763318562093055,Medium Risk
2739-CCZMB,0.0885699360784443,8.85699360784443,Low Risk
7080-TNUWP,0.13526840748001565,13.526840748001565,Low Risk
0496-AHOOK,0.06506547633262166,6.506547633262167,Low Risk
8336-TAVKX,0.001773477067349603,0.1773477067349603,Low Risk
2468-SJFLM,0.4237041141265332,42.37041141265332,Medium Risk
3181-VTHOE,0.030348004880055447,3.0348004880055446,Low Risk
7168-HDQHG,0.047345906178899985,4.734590617889999,Low Risk
4803-AXVYP,0.6292800068317468,62.92800068317468,High Risk
3884-HCSWG,0.5943890026207621,59.43890026207621,Medium Risk
4567-AKPIA,0.19335990405092207,19.335990405092208,Low Risk
5077-DXTCG,0.5892189447321429,58.92189447321429,Medium Risk
1142-WACZW,0.21679973473233338,21.67997347323334,Low Risk
7901-HXJVA,0.4035674393728005,40.35674393728005,Medium Risk
5649-ANRML,0.6210002426538311,62.10002426538311,High Risk
4892-VLANZ,0.18061680950676534,18.061680950676536,Low Risk
5924-IFQTT,0.3847939452794037,38.47939452794037,Medium Risk
7968-QUXNS,0.15111746410593138,15.111746410593138,Low Risk
2919-HBCJO,0.5211263876170432,52.112638761704325,Medium Risk
4236-XPXAV,0.7070903080779437,70.70903080779438,High Risk
8903-WMRNW,0.4396580797887902,43.96580797887902,Medium Risk
2452-SNHFZ,0.13345958678758135,13.345958678758135,Low Risk
3629-WEAAM,0.3791572627045274,37.91572627045274,Medium Risk
6029-CSMJE,0.3028372849918761,30.28372849918761,Medium Risk
7993-NQLJE,0.2977967117729073,29.77967117729073,Low Risk
9909-DFRJA,0.10435743513202576,10.435743513202576,Low Risk
9099-FTUHS,0.23967336250249785,23.967336250249787,Low Risk
0581-BXBUB,0.5656052073531923,56.56052073531923,Medium Risk
4962-CHQPW,0.03866885239737321,3.8668852397373206,Low Risk
9467-ROOLM,0.11265458480535906,11.265458480535905,Low Risk
3030-YZADT,0.5187033086003209,51.87033086003209,Medium Risk
7410-KTVFV,0.44893188332999706,44.893188332999706,Medium Risk
5150-ITWWB,0.8288719651569977,82.88719651569977,High Risk
2253-KPMNB,0.00044915077721884104,0.044915077721884106,Low Risk
1345-ZUKID,0.06282957560930784,6.282957560930784,Low Risk
6429-SHBCB,0.5778258309129947,57.782583091299465,Medium Risk
9281-OFDMF,0.4884882448537484,48.84882448537484,Medium Risk
2603-HVKCG,0.5433865706221336,54.33865706221336,Medium Risk
1834-WULEG,0.04287324696900633,4.287324696900633,Low Risk
9097-ZUBYC,0.1546007667320616,15.46007667320616,Low Risk
5148-ORICT,0.002732975877505773,0.2732975877505773,Low Risk
4893-GYUJU,0.0363591996110899,3.63591996110899,Low Risk
4578-PHJYZ,0.08562245007452626,8.562245007452626,Low Risk
7272-QDCKA,0.34743895245058276,34.743895245058276,Medium Risk
8908-SLFCJ,0.002078782011252096,0.2078782011252096,Low Risk
8393-DLHGA,0.6104713383012426,61.04713383012425,High Risk
9766-HGEDE,0.061781084816258894,6.178108481625889,Low Risk
6968-MHOMU,0.08066297208473917,8.066297208473918,Low Risk
7395-IGJOS,0.5681463176189877,56.814631761898774,Medium Risk
5044-XDPYX,0.0015572804104211236,0.15572804104211235,Low Risk
1814-WFGVS,0.0008628596453470853,0.08628596453470853,Low Risk
2834-SPCJV,0.29500230621469475,29.500230621469477,Low Risk
3721-WKIIL,0.0030254261717720045,0.30254261717720043,Low Risk
6734-CKRSM,0.17240691580678077,17.240691580678078,Low Risk
1265-ZFOSD,0.003423519776690587,0.3423519776690587,Low Risk
6568-POCUI,0.007461204729840046,0.7461204729840046,Low Risk
7890-VYYWG,0.633952376142747,63.395237614274706,High Risk
5197-LQXXH,0.004127041573754288,0.41270415737542876,Low Risk
9907-SWKKF,0.49816441076906987,49.81644107690698,Medium Risk
3457-PQBYH,0.0005436340323317602,0.05436340323317602,Low Risk
7682-AZNDK,0.4398438471312124,43.98438471312124,Medium Risk
0587-DMGBH,0.43501372539074457,43.50137253907446,Medium Risk
5384-ZTTWP,0.12653543819853585,12.653543819853585,Low Risk
3745-HRPHI,0.0014083656847959575,0.14083656847959575,Low Risk
7636-OWBPG,0.29853691935779425,29.853691935779423,Low Risk
1231-YNDEK,0.0006981714821649085,0.06981714821649085,Low Risk
1407-DIGZV,0.0038419762525146737,0.3841976252514674,Low Risk
6397-JNZZG,0.40516490268147676,40.51649026814768,Medium Risk
0570-BFQHT,0.4783911155135712,47.83911155135712,Medium Risk
4393-OBCRR,0.08462984839612621,8.462984839612622,Low Risk
3523-QRQLL,0.2516629613505498,25.166296135054978,Low Risk
8564-LDKFL,0.2830123729851077,28.301237298510767,Low Risk
3696-DFHHB,0.0005837587657158157,0.058375876571581574,Low Risk
0895-DQHEW,0.6261596594335466,62.61596594335466,High Risk
4717-GHADL,0.010281142282557299,1.0281142282557298,Low Risk
5501-TVMGM,0.4998852175359285,49.98852175359285,Medium Risk
5879-HMFFH,0.0017727171236223884,0.17727171236223885,Low Risk
6772-WFQRD,0.021983424172251943,2.198342417225194,Low Risk
3810-DVDQQ,0.0031915597979925063,0.31915597979925064,Low Risk
6972-SNKKW,0.17679566588709575,17.679566588709577,Low Risk
3694-GLTJM,0.1454091611603917,14.54091611603917,Low Risk
8550-XSXUQ,0.15060875110896182,15.060875110896182,Low Risk
8149-RSOUN,0.8188958032241119,81.88958032241119,High Risk
9055-MOJJJ,0.03239254391196164,3.239254391196164,Low Risk
4359-INNWN,0.037423718774468075,3.7423718774468075,Low Risk
0585-EGDDA,0.36279987506136957,36.279987506136955,Medium Risk
4032-RMHCI,0.034300585760282644,3.4300585760282645,Low Risk
0549-CYCQN,0.18241727457703177,18.241727457703178,Low Risk
3481-JHUZH,0.3830558031294071,38.30558031294071,Medium Risk
7250-EQKIY,0.4884813690207141,48.84813690207141,Medium Risk
3594-IVHJZ,0.23682430654006323,23.68243065400632,Low Risk
6869-FGJJC,0.07196001362491199,7.196001362491199,Low Risk
3896-ZVNET,0.0028545115410910688,0.2854511541091069,Low Risk
8205-VSLRB,0.0010990957202641225,0.10990957202641224,Low Risk
5960-MVTUK,0.21676649124010522,21.67664912401052,Low Risk
6817-WTYHE,0.32902611284442723,32.90261128444272,Medium Risk
3082-VQXNH,0.22544972638378377,22.544972638378376,Low Risk
4013-UBXWQ,0.6213224215379668,62.13224215379668,High Risk
4931-TRZWN,0.40655611799040353,40.65561179904035,Medium Risk
0750-EKNGL,0.1451574797745567,14.51574797745567,Low Risk
7669-LCRSD,0.46300542947603246,46.30054294760325,Medium Risk
3567-PQTSO,0.29421581708561123,29.421581708561124,Low Risk
5519-NPHVG,0.7817699482389274,78.17699482389274,High Risk
8043-PNYSD,0.0007363645943759136,0.07363645943759135,Low Risk
9938-EKRGF,0.3096141780955891,30.96141780955891,Medium Risk
2703-AMTUL,0.07895168146804196,7.895168146804196,Low Risk
0928-JMXNP,0.4999814678067624,49.99814678067624,Medium Risk
8173-RXAYP,0.0022748174557242584,0.22748174557242584,Low Risk
4825-XJGDM,0.014344431345557084,1.4344431345557085,Low Risk
5402-HTOTQ,0.36841729941760254,36.841729941760256,Medium Risk
6734-JDTTV,0.0005339966832737257,0.05339966832737257,Low Risk
7850-THJMU,0.0012570712659805328,0.12570712659805328,Low Risk
3890-RTCMS,0.306611142970476,30.661114297047597,Medium Risk
8849-GYOKR,0.13254272150908475,13.254272150908475,Low Risk
3148-BLQJT,0.25651593312012644,25.651593312012643,Low Risk
3717-FDJFU,0.00327310616274152,0.327310616274152,Low Risk
3665-JATSN,0.43055490138463454,43.055490138463455,Medium Risk
7966-YOTQW,0.24907685238214566,24.907685238214565,Low Risk
0461-CVKMU,0.4067643617056247,40.67643617056247,Medium Risk
8806-EAGWC,0.611841221438449,61.1841221438449,High Risk
8853-TZDGH,0.006065275615639425,0.6065275615639425,Low Risk
7779-LGOVN,0.7692214587986219,76.92214587986219,High Risk
4324-BZCKL,0.4784054616433798,47.84054616433798,Medium Risk
6924-TDGMT,0.08399214723628956,8.399214723628956,Low Risk
9710-ZUSHQ,0.4958217667162765,49.58217667162765,Medium Risk
1536-YHDOE,0.09956044933561359,9.956044933561358,Low Risk
8123-QBNAZ,0.3583298186604276,35.832981866042765,Medium Risk
3629-ZNKXA,0.6782204626181314,67.82204626181314,High Risk
4827-LTQRJ,0.0959917620953349,9.599176209533491,Low Risk
7711-YIJWC,0.03095851602844175,3.095851602844175,Low Risk
5482-VXSXJ,0.6226195931459283,62.26195931459283,High Risk
7365-BVCJH,0.33016738645907107,33.016738645907104,Medium Risk
9620-ENEJV,0.3678241059805236,36.782410598052365,Medium Risk
4183-WCSEP,0.3980522320202271,39.80522320202271,Medium Risk
2378-YIZKA,0.0017944125613282246,0.17944125613282247,Low Risk
5498-TXHLF,0.5852237680738315,58.52237680738315,Medium Risk
0689-DSXGL,0.12261985442436692,12.261985442436691,Low Risk
6818-DJXAA,0.4241890450229913,42.418904502299135,Medium Risk
9722-UJOJR,0.49140734494088956,49.14073449408895,Medium Risk
0464-WJTKO,0.00036753889936087504,0.036753889936087504,Low Risk
8902-ZEOVF,0.02429980787480197,2.429980787480197,Low Risk
6778-EICRF,0.19839414451662932,19.839414451662932,Low Risk
2662-NNTDK,0.012946372957666931,1.2946372957666932,Low Risk
4132-KALRO,0.6204806538804194,62.04806538804194,High Risk
3902-FOIGH,0.8211160398853377,82.11160398853377,High Risk
6772-KSATR,0.5656461514431192,56.56461514431192,Medium Risk
7112-OPOTK,0.442403098185653,44.2403098185653,Medium Risk
2874-YXVVA,0.4276946234080538,42.76946234080538,Medium Risk
1245-HARPS,0.0031431631864924825,0.31431631864924825,Low Risk
4210-QFJMF,0.7230077464216929,72.30077464216929,High Risk
4323-ELYYB,0.05592220570595087,5.592220570595087,Low Risk
4293-ETKAP,0.0037478389158985977,0.37478389158985975,Low Risk
6064-PUPMC,0.03337302116169409,3.337302116169409,Low Risk
6504-VBLFL,0.002480529849148353,0.24805298491483532,Low Risk
6322-PJJDJ,0.016494753548749675,1.6494753548749674,Low Risk
0330-BGYZE,0.17887937356898773,17.88793735689877,Low Risk
1085-LDWAM,0.01183705509847905,1.183705509847905,Low Risk
7586-ZATGZ,0.43351873352130965,43.351873352130966,Medium Risk
7197-VOJMM,0.0012094458624133362,0.12094458624133363,Low Risk
3318-OSATS,0.6962276090844026,69.62276090844026,High Risk
5828-AVIPD,0.3325227796035511,33.25227796035511,Medium Risk
1843-TLSGD,0.0029298993636296435,0.29298993636296433,Low Risk
9626-VFRGG,0.3794186753089232,37.94186753089232,Medium Risk
7075-BNDVQ,0.29235151450222074,29.235151450222073,Low Risk
9143-CANJF,0.11354968922682027,11.354968922682026,Low Risk
7284-BUYEC,0.40835352507214656,40.83535250721466,Medium Risk
2041-JIJCI,0.5825719907821844,58.257199078218434,Medium Risk
1086-LXKFY,0.6953580166076831,69.53580166076831,High Risk
4900-MSOMT,0.0010887366495803369,0.10887366495803369,Low Risk
2229-VWQJH,0.29159209991347707,29.159209991347705,Low Risk
9194-GFVOI,0.0033930251956990477,0.33930251956990476,Low Risk
1336-EZFZY,0.16923680430569868,16.923680430569867,Low Risk
4282-MSACW,0.07782710609543246,7.782710609543246,Low Risk
1403-LKLIK,0.038161698224504166,3.8161698224504166,Low Risk
2636-ALXXZ,0.7328770561893398,73.28770561893398,High Risk
7774-OJSXI,0.5551231217205588,55.51231217205588,Medium Risk
7786-WBJYI,0.5896473491877648,58.964734918776486,Medium Risk
0136-IFMYD,0.011843152383224063,1.1843152383224063,Low Risk
5144-TVGLP,0.5395304304579186,53.95304304579186,Medium Risk
9643-AVVWI,0.3940643059466381,39.40643059466381,Medium Risk
0253-ZTEOB,0.006394215317852028,0.6394215317852028,Low Risk
2706-QZIHY,0.0038783875089442067,0.38783875089442066,Low Risk
6061-PQHMK,0.03095218395613215,3.095218395613215,Low Risk
9885-CSMWE,0.7426707401308331,74.26707401308332,High Risk
6137-MFAJN,0.16698147438430871,16.698147438430873,Low Risk
9122-UMROB,0.17960436620518885,17.960436620518884,Low Risk
4232-JGKIY,0.14117475975503355,14.117475975503355,Low Risk
2402-TAIRZ,0.19664589340499078,19.664589340499077,Low Risk
9659-ZTWSM,0.1629263416360111,16.29263416360111,Low Risk
9139-TWBAS,0.07291108848787788,7.291108848787788,Low Risk
6685-GBWJZ,0.021163497232258785,2.1163497232258783,Low Risk
5016-ETTFF,0.4364361997542004,43.64361997542004,Medium Risk
3866-MDTUB,0.60230277173854,60.230277173854,High Risk
2195-VVRJF,0.2990388814651142,29.90388814651142,Low Risk
3913-RDSJZ,0.0011174408878577846,0.11174408878577846,Low Risk
8058-JMEQO,0.7979648669636982,79.79648669636981,High Risk
4203-QGNZA,0.0961204206265278,9.61204206265278,Low Risk
5043-TRZWM,0.49408084542767355,49.408084542767355,Medium Risk
0697-ZMSWS,0.7388131770087438,73.88131770087438,High Risk
7657-DYEPJ,0.19238680635444064,19.238680635444062,Low Risk
9494-BDNNC,0.18051224223929477,18.051224223929477,Low Risk
1640-PLFMP,0.6278163122719458,62.78163122719458,High Risk
5366-OBVMR,0.28960324112796754,28.960324112796755,Low Risk
8276-MQBYC,0.6943842512566845,69.43842512566845,High Risk
7593-XFKDI,0.5527885281606572,55.278852816065715,Medium Risk
4573-JKNAE,0.0015922607940104024,0.15922607940104025,Low Risk
0337-CNPZE,0.7008966586716334,70.08966586716335,High Risk
9817-APLHW,0.13736622073652288,13.736622073652288,Low Risk
8380-MQINP,0.001000338233893408,0.1000338233893408,Low Risk
0840-DFEZH,0.5511444240787077,55.11444240787077,Medium Risk
1513-XNPPH,0.5875162284970412,58.75162284970412,Medium Risk
8690-ZVLCL,0.00182656960988266,0.18265696098826598,Low Risk
6015-VVHHE,0.7471987717191046,74.71987717191047,High Risk
1125-SNVCK,0.2831429368596656,28.314293685966557,Low Risk
0384-LPITE,0.06625876165603332,6.625876165603333,Low Risk
4616-EWBNJ,0.037247509740825885,3.7247509740825886,Low Risk
6347-DCUIK,0.6938502853701581,69.38502853701581,High Risk
1335-HQMKX,0.26330488544095015,26.330488544095015,Low Risk
2545-EBUPK,0.7222085268519232,72.22085268519231,High Risk
6923-AQONU,0.0020398746000535707,0.20398746000535709,Low Risk
2172-EJXVF,0.3214145025095199,32.14145025095199,Medium Risk
0897-FEGMU,0.7974166628056243,79.74166628056243,High Risk
7663-RGWBC,0.5381125708941871,53.81125708941871,Medium Risk
1120-BMWUB,0.45672208215088156,45.672208215088155,Medium Risk
9124-LHCJQ,0.8015451420884223,80.15451420884223,High Risk
4536-PLEQY,0.465371509119756,46.5371509119756,Medium Risk
7029-IJEJK,0.01966401263510937,1.966401263510937,Low Risk
8871-JLMHM,0.0027527939212480044,0.27527939212480046,Low Risk
2235-ZGKPT,0.5962861395786067,59.628613957860665,Medium Risk
3891-PUQOD,0.5424147868088345,54.241478680883446,Medium Risk
5447-VYTKW,0.13021918547319833,13.021918547319833,Low Risk
3623-FQBOX,0.13803719005416384,13.803719005416385,Low Risk
0689-NKYLF,0.6758305687060406,67.58305687060407,High Risk
8659-HDIYE,0.1640037438429319,16.40037438429319,Low Risk
3658-KIBGF,0.40214867993513853,40.214867993513856,Medium Risk
3474-BAFSJ,0.002728717127863475,0.2728717127863475,Low Risk
5519-YLDGW,0.6627658643814761,66.27658643814762,High Risk
3865-ZFZIB,0.0025502608064535593,0.2550260806453559,Low Risk
1855-AGAWH,0.3431109450205215,34.31109450205215,Medium Risk
7109-CQYUZ,0.005720635100823965,0.5720635100823964,Low Risk
1370-GGAWX,0.345472073149799,34.5472073149799,Medium Risk
4680-KUTAJ,0.4032584809277547,40.325848092775466,Medium Risk
5307-UVGNB,0.10525519289419284,10.525519289419284,Low Risk
4946-EDSEW,0.18235757089834173,18.235757089834173,Low Risk
2883-ILGWO,0.35469852866212653,35.469852866212655,Medium Risk
2516-VQRRV,0.7975687864201821,79.75687864201821,High Risk
7580-UGXNC,0.552733423565175,55.273342356517496,Medium Risk
3642-BYHDO,0.00037755444702204806,0.03775544470220481,Low Risk
9629-NHXFW,0.2040576280962324,20.40576280962324,Low Risk
2696-RZVZW,0.0005318330342636546,0.053183303426365465,Low Risk
5766-FTRTS,0.0021209965346175763,0.21209965346175763,Low Risk
0396-HUJBP,0.1769313196244741,17.69313196244741,Low Risk
5178-LMXOP,0.8325794215883194,83.25794215883194,High Risk
8879-ZKJOF,0.0704277364975328,7.04277364975328,Low Risk
6285-FTQBF,0.0004354936251439364,0.04354936251439364,Low Risk
8185-UPYBR,0.6621500490086778,66.21500490086778,High Risk
4585-HETAI,0.660476649974678,66.0476649974678,High Risk
7526-BEZQB,0.7585932707649605,75.85932707649606,High Risk
1474-JUWSM,0.06243565727784836,6.243565727784836,Low Risk
3530-CRZSB,0.17188756273018363,17.188756273018363,Low Risk
8498-XXGWA,0.13692360444271606,13.692360444271607,Low Risk
9617-INGJY,0.5511969489653377,55.119694896533765,Medium Risk
0621-TSSMU,0.0125583592056089,1.25583592056089,Low Risk
7234-KMNRQ,0.15675630953143527,15.675630953143527,Low Risk
7636-PEPNS,0.10309215818440942,10.309215818440942,Low Risk
4683-WYDOU,0.006093938405131982,0.6093938405131982,Low Risk
9052-DHNKM,0.11044707349817437,11.044707349817436,Low Risk
6794-HKIAJ,0.1263671183136548,12.63671183136548,Low Risk
5578-NKCXI,0.09139001605439469,9.13900160543947,Low Risk
1642-HMARX,0.0036438031564668557,0.36438031564668555,Low Risk
3096-WPXBT,0.11417478443532837,11.417478443532838,Low Risk
8434-PNQZX,0.0075315626431315,0.75315626431315,Low Risk
5950-AAAGJ,0.47025762561525614,47.02576256152561,Medium Risk
4299-OPXEJ,0.0008175859569535495,0.08175859569535496,Low Risk
4951-UKAAQ,0.7777604111149258,77.77604111149257,High Risk
9618-LFJRU,0.10645471654169246,10.645471654169246,Low Risk
6693-DJWTY,0.05389101415401572,5.389101415401572,Low Risk
0744-GKNGE,0.08172163707642176,8.172163707642175,Low Risk
6447-EGDIV,0.04408707832416272,4.408707832416272,Low Risk
1167-OYZJF,0.0008356831824475074,0.08356831824475075,Low Risk
2108-YKQTY,0.359534704144074,35.9534704144074,Medium Risk
4806-DXQCE,0.008212115894176185,0.8212115894176185,Low Risk
4918-QLLIW,0.4875037651038771,48.75037651038771,Medium Risk
7056-IMHCC,0.6111675115501907,61.11675115501907,High Risk
4854-SSLTN,0.004794611298439711,0.4794611298439711,Low Risk
5294-DMSFH,0.44658829506962316,44.65882950696232,Medium Risk
4837-PZTIC,0.001400201130084724,0.1400201130084724,Low Risk
1625-JAIIY,0.27312236906416376,27.312236906416377,Low Risk
0603-OLQDC,0.42438065722447077,42.43806572244708,Medium Risk
3272-VUHPV,0.18297799905490625,18.297799905490624,Low Risk
4176-FXYBO,0.3138133568993396,31.38133568993396,Medium Risk
1063-DHQJF,0.004622951833785954,0.4622951833785954,Low Risk
8663-UPDGF,0.27054605149380934,27.054605149380933,Low Risk
6719-FGEDO,0.001817889157101518,0.1817889157101518,Low Risk
1837-YQUCE,0.0012149718145744255,0.12149718145744255,Low Risk
2947-DOMLJ,0.41391379413743956,41.391379413743955,Medium Risk
4112-LUEIZ,0.6992951209857232,69.92951209857232,High Risk
0369-ZGOVK,0.16533887111150455,16.533887111150456,Low Risk
4510-HIMLV,0.6434762066012132,64.34762066012132,High Risk
9919-KNPOO,0.6256175896456937,62.56175896456937,High Risk
8749-JMNKX,0.4089975611521033,40.89975611521033,Medium Risk
7872-BAAZR,0.013462681453153968,1.3462681453153968,Low Risk
9391-LMANN,0.10496884348084382,10.496884348084382,Low Risk
2430-USGXP,0.7274956149680651,72.7495614968065,High Risk
8174-TBVCF,0.0023143783176848634,0.23143783176848634,Low Risk
1698-XFZCI,0.19332600113527543,19.332600113527544,Low Risk
1877-HKBQX,0.11355987053335585,11.355987053335586,Low Risk
4450-DLLMH,0.41244320573313903,41.2443205733139,Medium Risk
0428-AXXLJ,0.03512032036366204,3.5120320363662043,Low Risk
2746-DIJLO,0.1309290391077821,13.092903910778212,Low Risk
5955-ERIHD,0.7369817177044539,73.69817177044538,High Risk
0917-EZOLA,0.02326403635496801,2.326403635496801,Low Risk
3508-VLHCZ,0.0021316580926141883,0.21316580926141881,Low Risk
4086-ATNFV,0.12226952479708654,12.226952479708654,Low Risk
0468-YRPXN,0.3310330351795269,33.10330351795269,Medium Risk
5996-NRVXR,0.10483137041244255,10.483137041244255,Low Risk
3739-YBWAB,0.061661400926905266,6.166140092690527,Low Risk
7047-FWEYA,0.2658595260884113,26.58595260884113,Low Risk
2000-MPKCA,0.24417514213537106,24.417514213537107,Low Risk
9762-YAQAA,0.15308667506580867,15.308667506580868,Low Risk
5949-EBSQK,0.2465868288804371,24.65868288804371,Low Risk
5473-KHBPS,0.19384190112632774,19.384190112632773,Low Risk
0100-DUVFC,0.30361749472619354,30.361749472619355,Medium Risk
5397-TUPSH,0.10493302820146437,10.493302820146438,Low Risk
8950-MTZNV,0.4730945356952574,47.309453569525736,Medium Risk
0326-VDYXE,0.25151697740042284,25.151697740042284,Low Risk
6773-LQTVT,0.363583007953251,36.3583007953251,Medium Risk
7274-RTAPZ,0.7625500535745857,76.25500535745857,High Risk
0436-TWFFZ,0.004197623475876508,0.41976234758765074,Low Risk
8566-YPRGL,0.2175836449662958,21.758364496629582,Low Risk
0311-UNPFF,0.6088900796397614,60.88900796397614,High Risk
6609-MXJHJ,0.00318454570900706,0.318454570900706,Low Risk
2669-OIDSD,0.26913310578293914,26.913310578293913,Low Risk
8400-WZICQ,0.10501571528587157,10.501571528587156,Low Risk
3834-XUIFC,0.7639198692626864,76.39198692626864,High Risk
9576-SYUHJ,0.3861436716471899,38.614367164718985,Medium Risk
0410-IPFTY,0.39995297432794413,39.995297432794416,Medium Risk
2831-EBWRN,0.4070757671978567,40.70757671978567,Medium Risk
9430-NKQLY,0.0005705970656958414,0.05705970656958414,Low Risk
8414-MYSHR,0.8000775544153084,80.00775544153083,High Risk
0247-SLUJI,0.15254722239391075,15.254722239391075,Low Risk
9402-ORRAH,0.7582470538499857,75.82470538499857,High Risk
6483-OATDN,0.22263163137926237,22.263163137926238,Low Risk
1293-HHSHJ,0.04034912788293924,4.034912788293924,Low Risk
4840-ORQXB,0.5243483912998549,52.43483912998549,Medium Risk
7599-FKVXZ,0.4352650491973636,43.52650491973636,Medium Risk
3982-DQLUS,0.24364745190365847,24.36474519036585,Low Risk
8610-ZIKJJ,0.07908265307125364,7.908265307125364,Low Risk
3756-VNWDH,0.193755360275373,19.3755360275373,Low Risk
7801-KICAO,0.5908513502971736,59.085135029717364,Medium Risk
7673-LPRNY,0.26751906697325734,26.751906697325733,Low Risk
8229-TNIQA,0.6229086462436622,62.290864624366215,High Risk
6060-QBMGV,0.00039517012270840434,0.03951701227084043,Low Risk
7339-POGZN,0.42594039102838016,42.59403910283802,Medium Risk
2828-SLQPF,0.26550082115209894,26.550082115209893,Low Risk
4465-VDKIQ,0.5073937026436546,50.739370264365455,Medium Risk
2921-XWDJH,0.3880219144095857,38.80219144095857,Medium Risk
6221-AVQYL,0.612204294371584,61.220429437158394,High Risk
2558-BUOZZ,0.09863507431958264,9.863507431958265,Low Risk
9257-AZMTZ,0.000620166455435059,0.0620166455435059,Low Risk
0003-MKNFE,0.5050355363229223,50.50355363229223,Medium Risk
0975-UYDTX,0.13353478876224997,13.353478876224997,Low Risk
7743-EXURX,0.5323065607746709,53.23065607746709,Medium Risk
4682-BLBUC,0.10756475240781345,10.756475240781345,Low Risk
0975-VOOVL,0.3589963392806592,35.899633928065924,Medium Risk
5968-VXZLG,0.33055093773027827,33.05509377302783,Medium Risk
5569-KGJHX,0.6368626430482661,63.686264304826615,High Risk
4988-IQIGL,0.7505732304562558,75.05732304562558,High Risk
5201-FRKKS,0.17904190805044135,17.904190805044134,Low Risk
9799-CAYJJ,0.6018718336714907,60.18718336714907,High Risk
7730-IUTDZ,0.325707073463487,32.5707073463487,Medium Risk
0426-TIRNE,0.27497280920263506,27.497280920263506,Low Risk
5443-SCMKX,0.25688643646430204,25.688643646430204,Low Risk
8295-KMENE,0.00310519008432102,0.310519008432102,Low Risk
6738-ISCBM,0.10344201075628003,10.344201075628003,Low Risk
9821-BESNZ,0.15717150963531487,15.717150963531488,Low Risk
3678-MNGZX,0.00036695543388132103,0.03669554338813211,Low Risk
1335-NTIUC,0.2953297934504435,29.532979345044353,Low Risk
2916-BQZLN,0.37002910248004234,37.002910248004234,Medium Risk
4558-CGYCZ,0.15537807835778086,15.537807835778086,Low Risk
2368-GAKKQ,0.003876885246687476,0.3876885246687476,Low Risk
8710-YGLWG,0.47327221436547084,47.327221436547084,Medium Risk
3199-XGZCY,0.5465091947302643,54.65091947302643,Medium Risk
3785-KTYSH,0.00136714149039176,0.136714149039176,Low Risk
6814-ZPWFQ,0.02474748565126421,2.4747485651264207,Low Risk
4063-EIKNQ,0.07465384565651008,7.465384565651008,Low Risk
6993-YCOBK,0.005532263664459211,0.553226366445921,Low Risk
5206-HPJKM,0.19964039111123894,19.964039111123892,Low Risk
7587-RZNME,0.49040293696455883,49.04029369645588,Medium Risk
0748-RDGGM,0.09488249435674274,9.488249435674275,Low Risk
8393-JMVMB,0.18132816347567066,18.132816347567065,Low Risk
5019-GQVCR,0.4950870587307136,49.508705873071364,Medium Risk
6036-TTFYU,0.14071559970845923,14.071559970845923,Low Risk
2550-AEVRU,0.046766639107923905,4.67666391079239,Low Risk
0969-RGKCU,0.018745157980359826,1.8745157980359826,Low Risk
0378-CJKPV,0.0029519566549358243,0.29519566549358245,Low Risk
4706-AXVKM,0.6936927521986074,69.36927521986074,High Risk
5889-JTMUL,0.5971077354754027,59.71077354754028,Medium Risk
9026-RNUJS,0.585904086151759,58.5904086151759,Medium Risk
3746-EUBYR,0.6035726945069806,60.357269450698055,High Risk
2332-EFBJY,0.24190053079918947,24.190053079918947,Low Risk
2880-FPNAE,0.5983089702687415,59.830897026874155,Medium Risk
1703-MGIAB,0.43104818529461797,43.104818529461795,Medium Risk
4311-QTTAI,0.03865610383229202,3.865610383229202,Low Risk
9474-PHLYD,0.6239427689668336,62.394276896683365,High Risk
4318-RAJVY,0.09230899871972877,9.230899871972877,Low Risk
2165-VOEGB,0.08949983334714064,8.949983334714064,Low Risk
3612-YUNGG,0.006190959820145702,0.6190959820145702,Low Risk
2254-DLXRI,0.6502030795859871,65.0203079585987,High Risk
5062-CJJKH,0.1739197613675668,17.39197613675668,Low Risk
9028-LIHRP,0.0013173696971785836,0.13173696971785837,Low Risk
2219-MVUSO,0.5799081694037738,57.99081694037738,Medium Risk
1053-MXTTK,0.0026248910059646297,0.26248910059646297,Low Risk
1530-ZTDOZ,0.07918544691851043,7.918544691851043,Low Risk
1301-LOPVR,0.04413027782026012,4.4130277820260115,Low Risk
0853-TWRVK,0.0018440884397421238,0.1844088439742124,Low Risk
8914-RBTSB,0.5350691902718319,53.50691902718319,Medium Risk
6212-ATMLK,0.5613325604285784,56.13325604285784,Medium Risk
8200-LGKSR,0.0022642442099673394,0.22642442099673393,Low Risk
1568-BEKZM,0.002321257098594215,0.2321257098594215,Low Risk
0670-ANMUU,0.03467426373299835,3.467426373299835,Low Risk
6897-RWMUB,0.0009132336993914709,0.0913233699391471,Low Risk
0963-ZBDRN,0.5034306279026642,50.34306279026642,Medium Risk
7594-RQHXR,0.7203302318990797,72.03302318990798,High Risk
6999-CHVCF,0.0045372024955273255,0.45372024955273255,Low Risk
6134-KWTBV,0.0006239972418745439,0.06239972418745439,Low Risk
1077-HUUJM,0.48257855519457143,48.257855519457145,Medium Risk
6331-EWIEB,0.6637977724889043,66.37977724889042,High Risk
0895-LNKRC,0.06880010848623688,6.880010848623688,Low Risk
2045-BMBTJ,0.26590602426237536,26.590602426237535,Low Risk
8417-GSODA,0.246910271890726,24.6910271890726,Low Risk
5171-EPLKN,0.0012179677941984888,0.12179677941984889,Low Risk
4452-QIIEB,0.43402968741287057,43.402968741287054,Medium Risk
5998-VVEJY,0.4412293746305781,44.12293746305781,Medium Risk
1624-NALOJ,0.8064448772232902,80.64448772232902,High Risk
6741-EGCBI,0.42464006449877506,42.46400644987751,Medium Risk
7820-ZYGNY,0.12246336868666655,12.246336868666654,Low Risk
4317-VTEOA,0.5101153795034622,51.01153795034622,Medium Risk
9677-AVKED,0.15510257200155225,15.510257200155225,Low Risk
1670-SVOWZ,0.47671393179301963,47.671393179301965,Medium Risk
2227-JRSJX,0.3837874564951549,38.37874564951549,Medium Risk
9847-HNVGP,0.05614447981736451,5.6144479817364505,Low Risk
6696-YDAYZ,0.0024482966407116087,0.24482966407116089,Low Risk
8980-WQFWL,0.379915012303468,37.9915012303468,Medium Risk
1730-ZMAME,0.5372465866481632,53.72465866481632,Medium Risk
6506-EYCNH,0.07279271915599303,7.279271915599303,Low Risk
4634-JLRJT,0.24183226269817154,24.183226269817155,Low Risk
9501-UKKNL,0.13588379242374035,13.588379242374035,Low Risk
2560-QTSBS,0.013905928320802459,1.3905928320802459,Low Risk
7541-YLXCL,0.22674524615841063,22.67452461584106,Low Risk
4795-WRNVT,0.22791961525950638,22.791961525950637,Low Risk
6080-TCMYC,0.3699404412404078,36.994044124040784,Medium Risk
0260-ZDLGK,0.6243129842520077,62.431298425200765,High Risk
7860-UXCRM,0.000979918977223277,0.0979918977223277,Low Risk
6357-JJPQT,0.5861089533927858,58.61089533927858,Medium Risk
2292-XQWSV,0.09761617252235313,9.761617252235313,Low Risk
9552-TGUZV,0.3952479159024049,39.52479159024049,Medium Risk
5913-INRQV,0.1263233425876066,12.632334258760661,Low Risk
8722-NGNBH,0.23106348485418382,23.106348485418383,Low Risk
6210-KBBPI,0.7824097995017818,78.24097995017819,High Risk
9643-YBLUR,0.5346192321015126,53.46192321015126,Medium Risk
8734-FNWVH,0.2578250473486838,25.78250473486838,Low Risk
9447-YPTBX,0.020560317493593393,2.0560317493593394,Low Risk
0133-BMFZO,0.42939685293577196,42.9396852935772,Medium Risk
6128-CZOMY,0.5880111339189118,58.80111339189118,Medium Risk
9540-JYROE,0.655888052180595,65.58880521805949,High Risk
9026-LHEVG,0.3535339400728819,35.353394007288195,Medium Risk
2260-USTRB,0.6492839315067898,64.92839315067897,High Risk
3656-TKRVZ,0.4217648057365465,42.17648057365465,Medium Risk
7011-CVEUC,0.31982532474544956,31.982532474544957,Medium Risk
6185-TASNN,0.43855479936854386,43.85547993685439,Medium Risk
7925-PNRGI,0.15532605097995023,15.532605097995022,Low Risk
8623-TMRBY,0.5606843524523023,56.06843524523023,Medium Risk
1552-CZCLL,0.030122629663933528,3.0122629663933527,Low Risk
3038-PQIUY,0.1878951213161588,18.78951213161588,Low Risk
1501-SGHBW,0.5496084774009671,54.96084774009671,Medium Risk
9313-CDOGY,0.0593010618867597,5.93010618867597,Low Risk
8148-BPLZQ,0.2948092078079694,29.480920780796936,Low Risk
2623-DRYAM,0.24085275903801825,24.085275903801826,Low Risk
9987-LUTYD,0.0859794110528161,8.59794110528161,Low Risk
3208-YPIOE,0.4557766009540684,45.57766009540684,Medium Risk
4488-KQFDT,0.3034716758197072,30.34716758197072,Medium Risk
2612-RANWT,0.7279579016418825,72.79579016418825,High Risk
5693-PIPCS,0.008081170829479152,0.8081170829479153,Low Risk
0491-KAPQG,0.5480656953402849,54.80656953402849,Medium Risk
1925-LFCZZ,0.12304631845595079,12.304631845595079,Low Risk
8039-EQPIM,0.0008193110735977022,0.08193110735977022,Low Risk
6900-PXRMS,0.7403799460664471,74.0379946066447,High Risk
8707-RMEZH,0.08206959037452681,8.20695903745268,Low Risk
3346-BRMIS,0.6484608487522024,64.84608487522024,High Risk
3209-ZPKFI,0.21859517350383265,21.859517350383264,Low Risk
6479-VDGRK,0.0012184518415783688,0.12184518415783688,Low Risk
9373-WSLOY,0.24484537035679088,24.48453703567909,Low Risk
2933-FILNV,0.5168589773580219,51.685897735802186,Medium Risk
3569-JFODW,0.0016063495291615128,0.16063495291615126,Low Risk
9819-FBNSV,0.31672879006500165,31.672879006500164,Medium Risk
9544-PYPSJ,0.3804937588894621,38.04937588894621,Medium Risk
1591-XWLGB,0.00042719236446514536,0.042719236446514534,Low Risk
0396-UKGAI,0.1601752088752496,16.01752088752496,Low Risk
3243-ZHOHY,0.06345998361491706,6.345998361491706,Low Risk
5186-EJEGL,0.2806124857051484,28.06124857051484,Low Risk
7527-QNRUS,0.00405586299287835,0.405586299287835,Low Risk
9986-BONCE,0.11304325297678758,11.304325297678758,Low Risk
2722-JMONI,0.5426621721248197,54.26621721248197,Medium Risk
2203-GHNWN,0.6100420872170212,61.00420872170213,High Risk
3878-AVSOQ,0.6030078683640533,60.30078683640533,High Risk
3258-SYSWS,0.0035215876216541974,0.35215876216541975,Low Risk
5296-PSYVW,0.0007856814603561835,0.07856814603561835,Low Risk
6319-QSUSR,0.0917701007596289,9.17701007596289,Low Risk
4083-EUGRJ,0.22430036491030325,22.430036491030325,Low Risk
7579-OOPEC,0.45023598999712455,45.023598999712455,Medium Risk
0512-FLFDW,0.2762368708672354,27.623687086723542,Low Risk
1771-OADNZ,0.7337397445110437,73.37397445110437,High Risk
0487-CRLZF,0.004998138786219101,0.4998138786219101,Low Risk
2107-FBPTK,0.6976084951827177,69.76084951827177,High Risk
9451-WLYRI,0.015230317331700393,1.5230317331700394,Low Risk
8219-VYBVI,0.0017727273200553923,0.17727273200553922,Low Risk
1991-VOPLL,0.156036308905227,15.603630890522698,Low Risk
9738-QLWTP,0.09831047297285016,9.831047297285016,Low Risk
1016-DJTSV,0.5485974095980459,54.85974095980459,Medium Risk
9419-IPPBE,0.25200206456490554,25.200206456490555,Low Risk
0174-QRVVY,0.00044770132542339554,0.04477013254233955,Low Risk
5699-BNCAS,0.0015620844212111448,0.15620844212111448,Low Risk
2900-PHPLN,0.0008054268202949095,0.08054268202949096,Low Risk
0612-RTZZA,0.5073136500471755,50.73136500471755,Medium Risk
8106-GWQOK,0.002196506405463209,0.21965064054632089,Low Risk
8751-EDEKA,0.4288613526389016,42.88613526389016,Medium Risk
6878-GGDWG,0.05659300972343928,5.659300972343928,Low Risk
4039-PIMHX,0.007267423961661824,0.7267423961661824,Low Risk
8450-LUGUK,0.0015382030408163275,0.15382030408163275,Low Risk
3604-WLABM,0.2612426791016245,26.12426791016245,Low Risk
0795-GMVQO,0.1000177198460932,10.00177198460932,Low Risk
2259-OUUSZ,0.08454426681593305,8.454426681593304,Low Risk
1142-IHLOO,0.17023156004504464,17.023156004504465,Low Risk
6410-LEFEN,0.49586816471137746,49.586816471137745,Medium Risk
4633-MKHYU,0.758286701666997,75.8286701666997,High Risk
6257-RJOHI,0.32917515725601415,32.91751572560141,Medium Risk
1545-JFUML,0.006424651657002105,0.6424651657002105,Low Risk
3194-ORPIK,0.44672928390544037,44.67292839054404,Medium Risk
7826-VVKWT,0.03721131674828507,3.7211316748285066,Low Risk
1353-GHZOS,0.10588189617187532,10.588189617187533,Low Risk
2587-EKXTS,0.4073641831772252,40.736418317722524,Medium Risk
5442-BXVND,0.06364917429960161,6.364917429960161,Low Risk
8816-VXNZD,0.7104893486212231,71.04893486212231,High Risk
9378-FXTIZ,0.17150672457213262,17.15067245721326,Low Risk
1723-HKXJQ,0.6528929198294696,65.28929198294696,High Risk
7825-GKXMW,0.5316677539191883,53.16677539191883,Medium Risk
9753-OYLBX,0.19567457541195815,19.567457541195814,Low Risk
2364-UFROM,0.06679944869085974,6.679944869085974,Low Risk
6656-JWRQX,0.23455522612325466,23.455522612325467,Low Risk
6473-ULUHT,0.25397415921827393,25.397415921827392,Low Risk
1240-KNSEZ,0.22314118732704796,22.314118732704795,Low Risk
0836-SEYLU,0.3491669762929856,34.91669762929856,Medium Risk
4433-JCGCG,0.7025559402049907,70.25559402049907,High Risk
3716-BDVDB,0.6059709612172269,60.59709612172269,High Risk
7688-AWMDX,0.0005235281572254282,0.05235281572254282,Low Risk
2842-BCQGE,0.32268853060380215,32.268853060380216,Medium Risk
7244-QWYHG,0.023748820155384494,2.3748820155384496,Low Risk
5899-MQZZL,0.7012926376051619,70.1292637605162,High Risk
6849-OYAMU,0.25473521953204264,25.473521953204266,Low Risk
5312-UXESG,0.41545723013897934,41.545723013897934,Medium Risk
9488-HGMJH,0.7285718495870326,72.85718495870326,High Risk
6038-GCYEC,0.4872224995246864,48.72224995246864,Medium Risk
2150-WLKUW,0.13694932285379852,13.694932285379851,Low Risk
7159-FVYPK,0.5563679250214426,55.63679250214426,Medium Risk
7032-LMBHI,0.08474560653291682,8.474560653291682,Low Risk
1150-WFARN,0.0036646729126021487,0.3664672912602149,Low Risk
6088-BXMRG,0.5821037161525083,58.210371615250835,Medium Risk
3144-AUDBS,0.43511145659663253,43.511145659663256,Medium Risk
4821-SJHJV,0.30980403346004937,30.980403346004938,Medium Risk
7346-MEDWM,0.3555163086698218,35.55163086698218,Medium Risk
1137-DGOWI,0.09168144831922963,9.168144831922962,Low Risk
5616-PRTNT,0.185031751705116,18.5031751705116,Low Risk
3812-LRZIR,0.002277532446105008,0.2277532446105008,Low Risk
4818-QIUFN,0.5238677318082507,52.386773180825074,Medium Risk
9483-GCPWE,0.06431340520249922,6.431340520249922,Low Risk
4227-OJHAL,0.06195893206530427,6.195893206530427,Low Risk
9220-CXRSC,0.0007187513022063682,0.07187513022063682,Low Risk
4993-JCRGJ,0.3776848949032295,37.76848949032295,Medium Risk
9537-JALFH,0.0003571519019390521,0.035715190193905205,Low Risk
6698-OXETB,0.0031730089397186273,0.31730089397186273,Low Risk
2103-ZRXFN,0.5250572223915457,52.50572223915457,Medium Risk
3724-BSCVH,0.061690301792659566,6.169030179265957,Low Risk
4877-TSOFF,0.042859049265070635,4.2859049265070635,Low Risk
9209-NWPGU,0.04532233703502691,4.5322337035026905,Low Risk
6961-VCPMC,0.5793490358784372,57.93490358784372,Medium Risk
7306-YDSOI,0.0013879664627302769,0.13879664627302768,Low Risk
5288-AHOUP,0.704442170537134,70.4442170537134,High Risk
6688-UZPWD,0.7906033953442171,79.06033953442171,High Risk
0655-YDGFJ,0.2027430313625994,20.27430313625994,Low Risk
8468-EHYJA,0.3354574922033738,33.54574922033738,Medium Risk
6823-SIDFQ,0.026857862610289288,2.685786261028929,Low Risk
1097-FSPVW,0.11643857742320032,11.643857742320032,Low Risk
2839-RFSQE,0.19125090988193866,19.125090988193865,Low Risk
8328-SKJNO,0.02554430124701296,2.554430124701296,Low Risk
7010-ZMVBF,0.1179283430984877,11.79283430984877,Low Risk
5201-CBWYG,0.012183202644206437,1.2183202644206437,Low Risk
0968-GSIKN,0.7057330642915783,70.57330642915784,High Risk
1965-DDBWU,0.4217373616864181,42.17373616864181,Medium Risk
9057-SIHCH,0.7904882705085946,79.04882705085946,High Risk
6352-GIGGQ,0.049370578844347084,4.937057884434708,Low Risk
3635-QQRQD,0.000643368031645391,0.0643368031645391,Low Risk
6771-XWBDM,0.5561642938327795,55.61642938327795,Medium Risk
2897-DOVND,0.5979289720399691,59.79289720399691,Medium Risk
3082-YVEKW,0.004045406421547671,0.40454064215476715,Low Risk
0191-EQUUH,0.0011980791659244351,0.11980791659244351,Low Risk
7134-HBPBS,0.008713643014682386,0.8713643014682385,Low Risk
3489-HHPFY,0.6419299068168006,64.19299068168006,High Risk
2926-JEJJC,0.05701141677173303,5.701141677173303,Low Risk
8601-QACRS,0.5937001165404692,59.37001165404692,Medium Risk
4950-BDEUX,0.28498301978842305,28.498301978842306,Low Risk
5789-LDFXO,0.05123282068035942,5.123282068035942,Low Risk
0508-OOLTO,0.5015769260946921,50.15769260946921,Medium Risk
2984-TBYKU,0.002252135401810611,0.2252135401810611,Low Risk
9822-WMWVG,0.2577435088552114,25.77435088552114,Low Risk
2391-SOORI,0.26964707625500595,26.964707625500594,Low Risk
9040-KZVWO,0.15954929554634334,15.954929554634333,Low Risk
2645-QTLMB,0.7591473767913511,75.91473767913511,High Risk
4806-HIPDW,0.6672742905131807,66.72742905131807,High Risk
1548-ARAGG,0.4102571381879012,41.02571381879012,Medium Risk
6339-RZCBJ,0.0038348516356796146,0.3834851635679615,Low Risk
4424-TKOPW,0.8454518743547356,84.54518743547355,High Risk
4415-WNGVR,0.2228035168619016,22.280351686190162,Low Risk
2522-AHJXR,0.15975492356933152,15.975492356933152,Low Risk
0412-UCCNP,0.001726362103853585,0.1726362103853585,Low Risk
1816-FLZDK,0.2641298471701256,26.41298471701256,Low Risk
7096-UCLNH,0.1634983670244453,16.34983670244453,Low Risk
8443-ZRDBZ,0.6389012570174006,63.89012570174006,High Risk
9136-ALYBR,0.5134980092052663,51.34980092052663,Medium Risk
4615-PIVVU,0.0032603554520075923,0.3260355452007592,Low Risk
8885-QSQBX,0.21696304570367883,21.696304570367882,Low Risk
7479-NITWS,0.6683898596321034,66.83898596321033,High Risk
8617-ENBDS,0.5243377941156234,52.43377941156234,Medium Risk
9385-NXKDA,0.004194444903857363,0.41944449038573633,Low Risk
0430-IHCDJ,0.4727236593932567,47.272365939325674,Medium Risk
2959-MJHIC,0.6506117588600847,65.06117588600847,High Risk
6674-KVJHG,0.07477241624025475,7.477241624025475,Low Risk
1814-DKOLC,0.19675734994907687,19.675734994907685,Low Risk
4201-JMNGR,0.5633099860744714,56.330998607447135,Medium Risk
9351-HXDMR,0.003074235782970927,0.3074235782970927,Low Risk
3537-HPKQT,0.2779633990856743,27.79633990856743,Low Risk
2129-ALKBS,0.10075805163051485,10.075805163051484,Low Risk
5821-MMEIL,0.0005995467576641895,0.05995467576641895,Low Risk
5960-WPXQM,0.704970326298636,70.4970326298636,High Risk
0684-AOSIH,0.6580745092876331,65.80745092876332,High Risk
8260-NGFNY,0.48012884409309015,48.01288440930902,Medium Risk
1309-XGFSN,0.2830505233928647,28.30505233928647,Low Risk
1866-RZZQS,0.7321520561849253,73.21520561849253,High Risk
6968-URWQU,0.17632905213360897,17.632905213360896,Low Risk
4742-TXUEX,0.0007140924769846572,0.07140924769846572,Low Risk
9631-XEYKE,0.3235378817035669,32.35378817035669,Medium Risk
8631-NBHFZ,0.0028863879993705553,0.28863879993705555,Low Risk
1335-MXCSE,0.001815374565336931,0.1815374565336931,Low Risk
8873-TMKGR,0.042616976064996016,4.2616976064996015,Low Risk
8800-JOOCF,0.5810823962984929,58.10823962984929,Medium Risk
1469-LBJQJ,0.5110038669225898,51.10038669225898,Medium Risk
4958-XCBDQ,0.7466091424995741,74.66091424995741,High Risk
8337-UPOAQ,0.7891584534030045,78.91584534030045,High Risk
0064-YIJGF,0.3771273414546621,37.71273414546621,Medium Risk
2386-OWURY,0.2812724365608462,28.127243656084623,Low Risk
1725-IQNIY,0.005203054325457264,0.5203054325457264,Low Risk
0310-VQXAM,0.1412072571084069,14.12072571084069,Low Risk
6598-RFFVI,0.051066060728147726,5.106606072814772,Low Risk
3453-RTHJQ,0.5768491646308829,57.684916463088285,Medium Risk
6712-OAWRH,0.7082939424635243,70.82939424635242,High Risk
6278-FEPBZ,0.15390113009973835,15.390113009973835,Low Risk
4280-DLSHD,0.48165233739028696,48.16523373902869,Medium Risk
1508-DFXCU,0.5127708895041444,51.27708895041444,Medium Risk
8614-VGMMV,0.5768162563453612,57.68162563453612,Medium Risk
7868-BGSZA,0.18547140565929696,18.547140565929695,Low Risk
2800-QQUSO,0.3693435037419096,36.93435037419096,Medium Risk
2930-UOTMB,0.10826264936188215,10.826264936188215,Low Risk
7973-DZRKH,0.0018522355869147885,0.18522355869147886,Low Risk
5914-DVBWJ,0.6027852810380098,60.27852810380098,High Risk
7698-YFGEZ,0.16359453797654314,16.359453797654314,Low Risk
2533-QVMSK,0.007054125967402745,0.7054125967402746,Low Risk
9773-PEQBZ,0.4765994893244463,47.65994893244463,Medium Risk
8644-XLFBW,0.705721558091447,70.5721558091447,High Risk
0650-BWOZN,0.5528082227447406,55.28082227447406,Medium Risk
8625-AZYZY,0.7480797033316939,74.8079703331694,High Risk
7785-RDVIG,0.16147426075610294,16.147426075610294,Low Risk
9602-WCXPI,0.01488630991901165,1.488630991901165,Low Risk
2903-YYTBW,0.3543162168289649,35.43162168289649,Medium Risk
3620-MWJNE,0.23875761274647456,23.875761274647456,Low Risk
8573-JGCZW,0.04233842782877604,4.233842782877604,Low Risk
6837-HAEVO,0.013813463642397389,1.3813463642397388,Low Risk
6701-YVNQG,0.0021015914734755997,0.21015914734755997,Low Risk
9306-CPCBC,0.7045291113585653,70.45291113585654,High Risk
4304-XUMGI,0.005513679375978571,0.5513679375978571,Low Risk
9504-YAZWB,0.0011757068496568183,0.11757068496568183,Low Risk
8819-ZBYNA,0.004611958217643162,0.4611958217643162,Low Risk
6174-NRBTZ,0.034814128669311085,3.4814128669311084,Low Risk
9481-IEBZY,0.18812270281570787,18.812270281570786,Low Risk
1833-VGRUM,0.7727456762825149,77.27456762825149,High Risk
6137-NICCO,0.7591079205642,75.91079205642,High Risk
9065-ZCPQX,0.001141094405084168,0.11410944050841682,Low Risk
6402-EJMWF,0.5348824174596314,53.48824174596314,Medium Risk
3620-EHIMZ,0.001099176234569451,0.1099176234569451,Low Risk
6870-ECSHE,0.08619958122445155,8.619958122445155,Low Risk
8747-UDCOI,0.0004899273607373707,0.04899273607373707,Low Risk
8374-XGEJJ,0.7143815068145923,71.43815068145923,High Risk
2656-TABEH,0.8005150267816534,80.05150267816535,High Risk
6946-LMSQS,0.34151497513604573,34.151497513604575,Medium Risk
4626-OZDTJ,0.12004757342323787,12.004757342323787,Low Risk
9169-BSVIN,0.4413132494115674,44.13132494115674,Medium Risk
2325-ZUSFD,0.07134735900592423,7.134735900592423,Low Risk
8194-PEEBY,0.048671188077763446,4.867118807776345,Low Risk
6872-HXFNF,0.03702218576987111,3.702218576987111,Low Risk
3932-CMDTD,0.4464565822140256,44.64565822140256,Medium Risk
7714-YXSMB,0.5344924585163948,53.44924585163948,Medium Risk
8387-UGUSU,0.1261832332503111,12.618323325031112,Low Risk
1080-BWSYE,0.0008200963005532631,0.08200963005532631,Low Risk
4039-HEUNW,0.7533702093073946,75.33702093073946,High Risk
1194-HVAIF,0.4558588251589668,45.58588251589668,Medium Risk
0812-WUPTB,0.6972832761950791,69.72832761950791,High Risk
3594-UVONA,0.10527105453984882,10.527105453984882,Low Risk
0004-TLHLJ,0.6104225147209731,61.042251472097306,High Risk
1767-TGTKO,0.39802208060290684,39.80220806029068,Medium Risk
8439-LTUGF,0.10766493481046222,10.766493481046222,Low Risk
8805-JNRAZ,0.5070535462432885,50.70535462432885,Medium Risk
5089-IFSDP,0.014985466462491081,1.4985466462491082,Low Risk
6418-HNFED,0.0026820268001161787,0.26820268001161784,Low Risk
0206-OYVOC,0.0016737784060041954,0.16737784060041955,Low Risk
7291-CDTMJ,0.1251879912403286,12.518799124032858,Low Risk
7128-GGCNO,0.22904563478502482,22.90456347850248,Low Risk
0237-YFUTL,0.2039300832903811,20.39300832903811,Low Risk
7691-KGKGP,0.0912722097236735,9.12722097236735,Low Risk
6710-HSJRD,0.36252220302576604,36.2522203025766,Medium Risk
3675-EQOZA,0.10057856062508001,10.057856062508002,Low Risk
0840-DCNZE,0.05860717938813468,5.860717938813468,Low Risk
1732-FEKLD,0.1986970019296193,19.869700192961933,Low Risk
9862-KJTYK,0.18829498570867745,18.829498570867745,Low Risk
0479-HMSWA,0.017404092975302713,1.7404092975302714,Low Risk
5854-KSRBJ,0.0007807516623345182,0.07807516623345181,Low Risk
0365-BZUWY,0.7483769319486948,74.83769319486949,High Risk
4817-VYYWS,0.6869515980246355,68.69515980246355,High Risk
5701-SVCWR,0.22285232620746695,22.285232620746694,Low Risk
3129-AAQOU,0.0031994567892330793,0.31994567892330794,Low Risk
4922-CVPDX,0.015793613369977103,1.5793613369977102,Low Risk
1396-QWFBJ,0.4946558724124313,49.46558724124313,Medium Risk
1357-BIJKI,0.3073772361453116,30.73772361453116,Medium Risk
1099-BTKWT,0.06786777825599433,6.786777825599433,Low Risk
5299-SJCZT,0.7386879220059202,73.86879220059201,High Risk
2018-PZKMU,0.41358944942600756,41.35894494260076,Medium Risk
7340-KEFQE,0.0006110431383347783,0.061104313833477836,Low Risk
4570-QHXHL,0.41697560504424924,41.69756050442493,Medium Risk
2403-BCASL,0.4195627177713383,41.95627177713383,Medium Risk
7392-YYPYJ,0.6149337086001776,61.49337086001776,High Risk
2898-LSJGD,0.24743854794479475,24.743854794479475,Low Risk
2223-GDSHL,0.003003241431178375,0.3003241431178375,Low Risk
7359-PTSXY,0.5056607756605126,50.56607756605126,Medium Risk
9470-RTWDV,0.1662648121399086,16.62648121399086,Low Risk
2176-OSJUV,0.000723160197656725,0.0723160197656725,Low Risk
9348-YVOMK,0.3334319505174465,33.34319505174465,Medium Risk
8104-OSKWT,0.40524653901704266,40.52465390170427,Medium Risk
4521-YEEHE,0.5180395899234099,51.803958992340995,Medium Risk
4090-KPJIP,0.5722405328735343,57.22405328735343,Medium Risk
3786-WOVKF,0.14511391688885486,14.511391688885485,Low Risk
4503-BDXBD,0.5635709535861372,56.35709535861372,Medium Risk
6086-ESGRL,0.6072120171117644,60.72120171117644,High Risk
2592-HODOV,0.037462102372105066,3.746210237210507,Low Risk
3886-CERTZ,0.26059480988847217,26.059480988847216,Low Risk
7995-ZHHNZ,0.0518739695141713,5.1873969514171305,Low Risk
3824-RHKVR,0.08224096065493557,8.224096065493557,Low Risk
5816-SCGFC,0.5641637223337376,56.41637223337376,Medium Risk
5989-AXPUC,0.005074329942288866,0.5074329942288865,Low Risk
4979-HPRFL,0.0006521277012874014,0.06521277012874013,Low Risk
8590-OHDIW,0.0337019113149326,3.37019113149326,Low Risk
8015-IHCGW,0.004903969946023254,0.4903969946023254,Low Risk
2332-TODQS,0.02205328763937774,2.205328763937774,Low Risk
9278-VZKCD,0.4761230886454999,47.61230886454999,Medium Risk
8008-OTEZX,0.036651865877742475,3.6651865877742473,Low Risk
2773-OVBPK,0.006022267242071347,0.6022267242071346,Low Risk
5999-LCXAO,0.2429666774744222,24.296667747442218,Low Risk
5206-XZZQI,0.23125410697084017,23.125410697084018,Low Risk
4803-LBYPN,0.07571797216635173,7.571797216635173,Low Risk
5759-RCVCB,0.3474297576838836,34.74297576838836,Medium Risk
6372-RFVNS,0.6351573996996434,63.515739969964336,High Risk
2139-FQHLM,0.4191026821341806,41.910268213418064,Medium Risk
8261-GWDBQ,0.006706680447715985,0.6706680447715986,Low Risk
1093-YSWCA,0.0018349886295229878,0.18349886295229878,Low Risk
8938-UMKPI,0.6186304271907299,61.86304271907299,High Risk
0991-BRRFB,0.31035175971745643,31.035175971745645,Medium Risk
3882-IYOIJ,0.003379331558520411,0.3379331558520411,Low Risk
8749-TZYEC,0.00048294763216119406,0.048294763216119405,Low Risk
1755-FZQEC,0.03303932955790334,3.303932955790334,Low Risk
3115-JPJDD,0.06689029652943962,6.689029652943962,Low Risk
5600-KTXFM,0.5420589082349664,54.20589082349664,Medium Risk
3871-IKPYH,0.6629132940567823,66.29132940567824,High Risk
6319-IEJWJ,0.6203984213968561,62.03984213968561,High Risk
9025-AOMKI,0.7382396758330614,73.82396758330614,High Risk
6339-TBELP,0.0027672732875823197,0.27672732875823197,Low Risk
7964-YESJC,0.2963754528676411,29.637545286764112,Low Risk
6173-GOLSU,0.37426446391495627,37.426446391495624,Medium Risk
5275-SQEIZ,0.7466399647363936,74.66399647363936,High Risk
7716-YTYHG,0.41997681735592024,41.997681735592025,Medium Risk
9938-ZREHM,0.14427694894627308,14.427694894627308,Low Risk
7950-XWOVN,0.319523892750166,31.9523892750166,Medium Risk
4390-KYULV,0.1951801013146996,19.51801013146996,Low Risk
4647-MUZON,0.5253777412055963,52.53777412055963,Medium Risk
9702-AIUJO,0.06662207060808445,6.662207060808445,Low Risk
8849-PRIQJ,0.10044209281583319,10.044209281583319,Low Risk
8851-RAGOV,0.23568673945487065,23.568673945487063,Low Risk
1304-NECVQ,0.7860620623830439,78.6062062383044,High Risk
5396-IZEPB,0.09506162448197245,9.506162448197244,Low Risk
1729-VLAZJ,0.06528396884144465,6.528396884144465,Low Risk
8285-ABVLB,0.00043797185779450274,0.04379718577945028,Low Risk
0701-TJSEF,0.2118734486926309,21.18734486926309,Low Risk
5712-VBOXD,0.1321752349320378,13.217523493203782,Low Risk
6629-LADHQ,0.31721498982889323,31.721498982889322,Medium Risk
8945-GRKHX,0.6744921906948176,67.44921906948176,High Risk
1559-DTODC,0.19467860768526665,19.467860768526666,Low Risk
4797-MIWUM,0.10280256614030618,10.280256614030618,Low Risk
6959-UWKHF,0.5720020131046695,57.200201310466944,Medium Risk
8720-RQSBJ,0.5165472253367448,51.65472253367448,Medium Risk
4537-CIBHB,0.06768426997483662,6.768426997483662,Low Risk
3815-SLMEF,0.24316919538258905,24.316919538258905,Low Risk
5154-VEKBL,0.36028787800537737,36.028787800537735,Medium Risk
4324-AHJKS,0.24420291188394255,24.420291188394255,Low Risk
4355-CVPVS,0.1383927063051912,13.83927063051912,Low Risk
4495-LHSSK,0.271641209354031,27.1641209354031,Low Risk
5655-JSMZM,0.672787134645331,67.2787134645331,High Risk
5915-ANOEI,0.0020088574185344473,0.20088574185344474,Low Risk
9861-PDSZP,0.006530971017113809,0.6530971017113809,Low Risk
4505-EXZHB,0.6833360512375666,68.33360512375666,High Risk
7225-CBZPL,0.6883616403429442,68.83616403429443,High Risk
6704-UTUKK,0.39386952767215083,39.386952767215085,Medium Risk
4587-VVTOX,0.8037756344872999,80.37756344873,High Risk
2019-HDCZY,0.011747291885987821,1.174729188598782,Low Risk
4652-NNHNY,0.5350536099978859,53.505360999788586,Medium Risk
8788-DOXSU,0.08934491463291307,8.934491463291307,Low Risk
7404-JLKQG,0.480645618543417,48.0645618543417,Medium Risk
7421-ZLUPA,0.38992759563250173,38.992759563250175,Medium Risk
8972-HJWNV,0.8024165042057269,80.24165042057268,High Risk
3274-NSDWE,0.00047273531767624247,0.04727353176762425,Low Risk
2632-IVXVF,0.002588878879077827,0.2588878879077827,Low Risk
3692-JHONH,0.4568544185865233,45.68544185865233,Medium Risk
8915-NNTRC,0.0029263095967536146,0.29263095967536146,Low Risk
5914-GXMDA,0.04321276371425448,4.321276371425449,Low Risk
7463-IFMQU,0.00040397954795797403,0.0403979547957974,Low Risk
2920-RNCEZ,0.40413157904916824,40.41315790491682,Medium Risk
2541-YGPKE,0.0312797571458995,3.12797571458995,Low Risk
8515-OCTJS,0.0032303710327199705,0.32303710327199703,Low Risk
5382-TEMLV,0.10642041849025337,10.642041849025336,Low Risk
3441-CGZJH,0.044318397207123404,4.431839720712341,Low Risk
9592-ERDKV,0.1903107587607897,19.03107587607897,Low Risk
2860-RANUS,0.644077663181529,64.40776631815291,High Risk
5261-QSHQM,0.47643464764788196,47.6434647647882,Medium Risk
4778-IZARL,0.003168772985210274,0.31687729852102736,Low Risk
0432-CAJZV,0.6255296407307974,62.55296407307974,High Risk
7008-LZVOZ,0.0006655353223742323,0.06655353223742323,Low Risk
8868-WOZGU,0.7324513574700615,73.24513574700615,High Risk
1200-TUZHR,0.7304001795545415,73.04001795545415,High Risk
9365-CSLBQ,0.0007785516423708797,0.07785516423708798,Low Risk
1334-FJSVR,0.46557022926232333,46.557022926232335,Medium Risk
5884-FBCTL,0.00047350573219995663,0.04735057321999566,Low Risk
7130-CTCUS,0.25374443809093067,25.374443809093066,Low Risk
6242-FEGFD,0.002521447670534362,0.2521447670534362,Low Risk
7625-XCQRH,0.6630771026241875,66.30771026241875,High Risk
6194-HBGQN,0.05130346850394473,5.130346850394473,Low Risk
7634-WSWDB,0.2747574790675951,27.475747906759512,Low Risk
6986-IXNDM,0.5754617520048387,57.54617520048387,Medium Risk
1731-TVIUK,0.6279717197461427,62.79717197461427,High Risk
2987-BJXIK,0.005768501506511344,0.5768501506511344,Low Risk
9769-TSBZE,0.0011459988076101845,0.11459988076101846,Low Risk
0406-BPDVR,0.426914834630589,42.6914834630589,Medium Risk
0618-XWMSS,0.29813866548365603,29.813866548365603,Low Risk
1395-WSWXR,0.0022474458802442796,0.22474458802442795,Low Risk
6023-GSSXW,0.003786207278244239,0.3786207278244239,Low Risk
6752-APNJL,0.1488433146215467,14.884331462154671,Low Risk
5276-KQWHG,0.7288879428700471,72.88879428700471,High Risk
0420-HLGXF,0.6371706534416607,63.717065344166066,High Risk
7446-KQISO,0.00897438392517576,0.897438392517576,Low Risk
9823-EALYC,0.0012725124065435301,0.127251240654353,Low Risk
0582-AVCLN,0.0017331130881830942,0.17331130881830942,Low Risk
5803-NQJZO,0.0010432142309369518,0.10432142309369519,Low Risk
2565-JSLRY,0.3526236144715268,35.26236144715268,Medium Risk
2607-DHDAK,0.0004451568868834347,0.04451568868834347,Low Risk
1073-XXCZD,0.0007191189974424287,0.07191189974424288,Low Risk
0743-HRVFF,0.08582233944144906,8.582233944144905,Low Risk
4006-HKYHO,0.0019208222241829888,0.19208222241829886,Low Risk
3727-JEZTU,0.1777868480973948,17.77868480973948,Low Risk
8143-ETQTI,0.003009561021819865,0.3009561021819865,Low Risk
6689-KXGBO,0.554929128652814,55.4929128652814,Medium Risk
9667-TKTVZ,0.4707463044880817,47.07463044880817,Medium Risk
3657-COGMW,0.3464087365012093,34.64087365012093,Medium Risk
8570-KLJYJ,0.1099144362293802,10.99144362293802,Low Risk
7754-IXRMC,0.49392023706329374,49.392023706329375,Medium Risk
9473-CBZOP,0.14139419791732982,14.139419791732982,Low Risk
2969-WGHQO,0.18699322876942862,18.699322876942862,Low Risk
6615-NGGZJ,0.7676805459227651,76.76805459227651,High Risk
4334-HOWRP,0.0015401284984576085,0.15401284984576086,Low Risk
4255-DDUOU,0.30834870296877187,30.834870296877188,Medium Risk
5863-OOKCL,0.15341778020126828,15.341778020126828,Low Risk
1686-STUHN,0.017741694446688796,1.7741694446688796,Low Risk
1329-VHWNP,0.25790183623086105,25.790183623086104,Low Risk
2984-MIIZL,0.5647828681734998,56.478286817349975,Medium Risk
0266-GMEAO,0.0030661246756700424,0.3066124675670042,Low Risk
5590-YRFJT,0.3988697822514217,39.88697822514217,Medium Risk
5574-NXZIU,0.002593044186240091,0.2593044186240091,Low Risk
0019-GFNTW,0.0007091672451493104,0.07091672451493104,Low Risk
4256-ZWTZI,0.33268454330261005,33.26845433026101,Medium Risk
8309-PPCED,0.00638704916976235,0.638704916976235,Low Risk
4098-NAUKP,0.3378654654297964,33.78654654297964,Medium Risk
5196-WPYOW,0.021681619483663588,2.168161948366359,Low Risk
4608-LCIMN,0.2486176216253588,24.86176216253588,Low Risk
1485-YDHMM,0.22659342605768054,22.659342605768053,Low Risk
4054-CUMIA,0.14766858895056345,14.766858895056345,Low Risk
0603-TPMIB,0.0011599129196776627,0.11599129196776627,Low Risk
2525-GVKQU,0.0009713772802147805,0.09713772802147805,Low Risk
8161-QYMTT,0.6695256989957518,66.95256989957518,High Risk
9581-GVBXT,0.03299121506740835,3.2991215067408346,Low Risk
5862-BRIXZ,0.0018812154505756075,0.18812154505756076,Low Risk
5404-GGUKR,0.4228574275066508,42.28574275066508,Medium Risk
3308-JSGML,0.0018731687419928464,0.18731687419928464,Low Risk
2126-GSEGL,0.004032382400380868,0.40323824003808684,Low Risk
3677-TNKIO,0.5233414013738055,52.334140137380544,Medium Risk
0440-QEXBZ,0.35592910467289435,35.592910467289435,Medium Risk
2434-EEVDB,0.005294086958451426,0.5294086958451426,Low Risk
6762-QVYJO,0.0019332272426862238,0.19332272426862238,Low Risk
6199-IWKGC,0.2305428075873319,23.05428075873319,Low Risk
2675-DHUTR,0.5231660392897135,52.31660392897135,Medium Risk
8152-VETUR,0.010164945985565029,1.0164945985565028,Low Risk
9667-EQRXU,0.5143034096026032,51.430340960260324,Medium Risk
7446-YPODE,0.26877913398349623,26.877913398349623,Low Risk
9522-BNTHX,0.5128310091699837,51.28310091699837,Medium Risk
4676-WLUHT,0.0015001408182626146,0.15001408182626147,Low Risk
3329-WDIOK,0.6403886844679891,64.03886844679892,High Risk
7980-MHFLQ,0.0008325015914616597,0.08325015914616597,Low Risk
2873-ZLIWT,0.4066783523788843,40.667835237888426,Medium Risk
3415-TAILE,0.6916489420397252,69.16489420397252,High Risk
0757-WCUUZ,0.00464971088851831,0.46497108885183097,Low Risk
1629-DQQVB,0.17327533164456993,17.327533164456995,Low Risk
1915-IOFGU,0.6116775425033484,61.16775425033484,High Risk
3045-XETSH,0.7702766616823495,77.02766616823496,High Risk
0374-AACSZ,0.2834923114248218,28.34923114248218,Low Risk
7239-HZZCX,0.18071829814978574,18.071829814978575,Low Risk
4872-VXRIL,0.030057193794733445,3.0057193794733443,Low Risk
9140-CZQZZ,0.0017537253104417832,0.17537253104417833,Low Risk
3423-HHXAO,0.07758047794486866,7.758047794486867,Low Risk
9938-TKDGL,0.003190050510042966,0.3190050510042966,Low Risk
0531-ZZJWQ,0.3746698912042873,37.46698912042873,Medium Risk
6537-QLGEX,0.2996528973632421,29.96528973632421,Low Risk
2688-BHGOG,0.6203035963897771,62.03035963897771,High Risk
7683-CBDKJ,0.4460348512816464,44.603485128164635,Medium Risk
0946-CLJTI,0.6595016728161174,65.95016728161174,High Risk
3160-TYXLT,0.09346307477030619,9.346307477030619,Low Risk
1325-USMEC,0.004344141518744772,0.4344141518744772,Low Risk
0916-QOFDP,0.7058383680107564,70.58383680107563,High Risk
0628-CNQRM,0.06761918495782063,6.761918495782063,Low Risk
5606-AMZBO,0.33961816391172994,33.961816391172995,Medium Risk
6199-IPCAO,0.002496836219050833,0.2496836219050833,Low Risk
7665-TOALD,0.6679233682562602,66.79233682562602,High Risk
0112-QWPNC,0.12632436655951754,12.632436655951754,Low Risk
0324-BRPCJ,0.6349471131899326,63.49471131899326,High Risk
2777-PHDEI,0.6805227709891073,68.05227709891074,High Risk
5640-CAXOA,0.07354014144437282,7.354014144437282,Low Risk
2235-EZAIK,0.001232776403093516,0.1232776403093516,Low Risk
3847-BAERP,0.18405921808703127,18.405921808703127,Low Risk
1196-AMORA,0.612916826259186,61.2916826259186,High Risk
4282-YMKNA,0.6773428664962002,67.73428664962002,High Risk
1453-RZFON,0.30984712669755826,30.984712669755826,Medium Risk
8263-OKETD,0.3044636371770931,30.446363717709314,Medium Risk
0670-KDOMA,0.24208376407874121,24.20837640787412,Low Risk
2476-YGEFM,0.36295177437164006,36.29517743716401,Medium Risk
8687-BAFGU,0.32558911946705443,32.55891194670544,Medium Risk
0641-EVBOJ,0.2926597982160031,29.265979821600308,Low Risk
0829-XXPLX,0.3796860375635432,37.96860375635432,Medium Risk
9974-JFBHQ,0.1840039560469428,18.400395604694282,Low Risk
5356-RHIPP,0.3042197149746041,30.421971497460408,Medium Risk
6624-JDRDS,0.1441750520824733,14.41750520824733,Low Risk
0608-JDVEC,0.000971592797951272,0.0971592797951272,Low Risk
9780-FKVVF,0.2819233677741425,28.19233677741425,Low Risk
1919-RTPQD,0.3274677093076833,32.746770930768335,Medium Risk
5214-NLTIT,0.006127061803639232,0.6127061803639232,Low Risk
3345-PBBFH,0.3280646928615122,32.80646928615122,Medium Risk
5055-BRMNE,0.0023932073634466934,0.23932073634466933,Low Risk
9189-JWSHV,0.7929753043586041,79.29753043586041,High Risk
2190-PHBHR,0.0043775506010106935,0.43775506010106935,Low Risk
2650-GYRYL,0.026384322275920923,2.638432227592092,Low Risk
0746-JTRFU,0.4578510001699192,45.78510001699192,Medium Risk
5208-FVQKB,0.001479224796068233,0.14792247960682328,Low Risk
7184-LRUUR,0.1712563353386657,17.12563353386657,Low Risk
6627-CFOSN,0.23667044019642455,23.667044019642454,Low Risk
3982-JGSFD,0.027261649190263148,2.726164919026315,Low Risk
1574-DYCWE,0.0011169088264990688,0.11169088264990688,Low Risk
7247-XOZPB,0.03295772029592069,3.2957720295920687,Low Risk
2466-FCCPT,0.030793097901461692,3.0793097901461692,Low Risk
6211-WWLTF,0.004038060191921538,0.4038060191921538,Low Risk
4826-TZEVA,0.24728943898822106,24.728943898822106,Low Risk
6016-NXBNJ,0.04736785621150937,4.736785621150937,Low Risk
9138-EFSMO,0.18628634549726786,18.628634549726787,Low Risk
0576-WNXXC,0.6998212289690686,69.98212289690686,High Risk
4632-XJMEX,0.017853680680502863,1.7853680680502864,Low Risk
8910-LEDAG,0.28782458593366095,28.782458593366094,Low Risk
3452-GWUIN,0.7017129227903481,70.17129227903482,High Risk
2716-GFZOR,0.18313703566793232,18.313703566793233,Low Risk
3724-UCSHY,0.13885331139390894,13.885331139390894,Low Risk
8626-XHBIE,0.0014992443369679588,0.14992443369679587,Low Risk
4628-CTTLA,0.28880515001231,28.880515001231,Low Risk
3192-LNKRK,0.5196033959731055,51.96033959731054,Medium Risk
4439-YRNVD,0.18660356957532864,18.660356957532866,Low Risk
2876-VBBBL,0.3268799279854666,32.68799279854666,Medium Risk
6834-NXDCA,0.37284121032747536,37.284121032747535,Medium Risk
2208-UGTGR,0.404708162343866,40.4708162343866,Medium Risk
3005-TYFRD,0.42799724665388444,42.799724665388446,Medium Risk
8670-MEFCP,0.004644465569315433,0.4644465569315433,Low Risk
3079-BCHLN,0.015377342327483785,1.5377342327483785,Low Risk
7777-UNYHB,0.10483227990369108,10.483227990369109,Low Risk
5597-GLBUC,0.7400908035984808,74.00908035984808,High Risk
7278-CKDNC,0.540156974203805,54.015697420380505,Medium Risk
2748-MYRVK,0.18056718278803324,18.056718278803324,Low Risk
8450-UYIBU,0.35470191872495355,35.470191872495356,Medium Risk
2969-VAPYH,0.01572265233545984,1.5722652335459841,Low Risk
4822-YCXMX,0.6533968195462124,65.33968195462124,High Risk
7181-OQCUT,0.4963516317005596,49.63516317005596,Medium Risk
8474-UMLNT,0.15883657118945665,15.883657118945665,Low Risk
9821-POOTN,0.5290521337798205,52.90521337798205,Medium Risk
3836-FZSDJ,0.0006716252925489832,0.06716252925489832,Low Risk
9142-XMYJH,0.06318939419401426,6.318939419401426,Low Risk
6559-ILWKJ,0.006214235578033585,0.6214235578033585,Low Risk
0187-QSXOE,0.7754179926532137,77.54179926532136,High Risk
7733-UDMTP,0.34610805340749173,34.610805340749174,Medium Risk
2649-HWLYB,0.001212581727378507,0.1212581727378507,Low Risk
5214-CHIWJ,0.04496240271121442,4.496240271121442,Low Risk
4229-CZMLL,0.6314333273554005,63.14333273554005,High Risk
6904-JLBGY,0.0050580043213943136,0.5058004321394314,Low Risk
2465-BLLEU,0.22397424221773551,22.39742422177355,Low Risk
1685-VAYJF,0.2858301949699729,28.58301949699729,Low Risk
8874-EJNSR,0.0017412735203683606,0.17412735203683605,Low Risk
6917-YACBP,0.34105262089217514,34.10526208921751,Medium Risk
5049-MUBWG,0.06511953736008425,6.511953736008424,Low Risk
4223-WOZCM,0.5101152708751895,51.01152708751895,Medium Risk
0769-MURVM,0.0008284275203166231,0.0828427520316623,Low Risk
9253-VIFJQ,0.035608786048213825,3.5608786048213825,Low Risk
7030-FZTFM,0.003962935467709676,0.39629354677096756,Low Risk
9741-YLNTD,0.39356975417112067,39.35697541711207,Medium Risk
5917-RYRMG,0.03224853723950469,3.224853723950469,Low Risk
5120-ZBLAI,0.15743912552674186,15.743912552674185,Low Risk
1194-BHJYC,0.0022617563180456746,0.22617563180456746,Low Risk
3663-MITLP,0.7608527933937529,76.08527933937529,High Risk
0906-QVPMS,0.0025667786733239223,0.25667786733239223,Low Risk
9025-ZRPVR,0.1913656339643144,19.13656339643144,Low Risk
1905-OEILC,0.17964515728244354,17.964515728244354,Low Risk
7858-GTZSP,0.5994134116186152,59.941341161861516,Medium Risk
3285-UCQVC,0.13356106349869765,13.356106349869764,Low Risk
6248-BSHKG,0.016960226565097873,1.6960226565097873,Low Risk
4685-TFLLS,0.02968535149239147,2.968535149239147,Low Risk
3470-BTGQO,0.3047242473782366,30.472424737823662,Medium Risk
1209-VFFOC,0.0013659262292763355,0.13659262292763355,Low Risk
8224-DWCKX,0.5002436480232763,50.024364802327625,Medium Risk
5482-PLVPE,0.5056195467535868,50.56195467535868,Medium Risk
4553-DVPZG,0.4453390835952371,44.53390835952371,Medium Risk
4902-OHLSK,0.6194427010433385,61.94427010433385,High Risk
6917-IAYHD,0.22528349579762205,22.528349579762207,Low Risk
0495-ZBNGW,0.6759975460560982,67.59975460560982,High Risk
8620-RJPZN,0.17246577179375966,17.246577179375965,Low Risk
7572-KPVKK,0.008767393897500208,0.8767393897500207,Low Risk
2642-MAWLJ,0.0009364308609616233,0.09364308609616233,Low Risk
2357-COQEK,0.6963961991182658,69.63961991182657,High Risk
7103-ZGVNT,0.024029084493357368,2.4029084493357367,Low Risk
3737-GCSPV,0.39436184811777125,39.436184811777125,Medium Risk
2027-WKXMW,0.3435475753538017,34.35475753538017,Medium Risk
7137-NAXML,0.0282946108417196,2.8294610841719603,Low Risk
2428-ZMCTB,0.08644544469224073,8.644544469224073,Low Risk
2961-VNFKL,0.0007109775228395922,0.07109775228395922,Low Risk
1768-HNVGJ,0.22926687067640625,22.926687067640625,Low Risk
6963-KQYQB,0.0008855720766696377,0.08855720766696377,Low Risk
5934-RMPOV,0.5419953034513386,54.19953034513386,Medium Risk
1207-BLKSA,0.0014270255856455585,0.14270255856455585,Low Risk
4088-YLDSU,0.2908946868395611,29.08946868395611,Low Risk
8316-BBQAY,0.0010590329815382544,0.10590329815382545,Low Risk
1166-PQLGG,0.000370692089061843,0.0370692089061843,Low Risk
3146-JTQHR,0.038399317356458046,3.8399317356458047,Low Risk
4291-YZODP,0.07186102532661447,7.1861025326614465,Low Risk
4395-PZMSN,0.6551725909397694,65.51725909397695,High Risk
6427-FEFIG,0.00812926115294293,0.8129261152942929,Low Risk
0017-IUDMW,0.003338392746133738,0.3338392746133738,Low Risk
8706-HRADD,0.16028984846905714,16.028984846905715,Low Risk
9955-QOPOY,0.04429084822600902,4.429084822600902,Low Risk
4385-ZKVNW,0.10454322887479062,10.454322887479062,Low Risk
5446-DKWYW,0.19317894942487346,19.317894942487346,Low Risk
2034-CGRHZ,0.7494805062694219,74.94805062694219,High Risk
5797-APWZC,0.7376701116217104,73.76701116217103,High Risk
3683-QKIUE,0.3464472466321805,34.64472466321805,Medium Risk
4228-ZGYUW,0.7560961357066799,75.60961357066799,High Risk
9031-ZVQPT,0.008293507102136177,0.8293507102136176,Low Risk
2990-IAJSV,0.0015356000211962104,0.15356000211962104,Low Risk
8107-KNCIM,0.6589437517221297,65.89437517221297,High Risk
9027-YFHQJ,0.13395820621105606,13.395820621105607,Low Risk
5176-LDKUH,0.14985700577947442,14.985700577947442,Low Risk
4644-OBGFZ,0.01990898111463218,1.990898111463218,Low Risk
7926-IJOOU,0.11525455422306254,11.525455422306253,Low Risk
6480-YAGIY,0.07348709428406518,7.348709428406518,Low Risk
4029-HPFVY,0.6266418595788694,62.66418595788694,High Risk
7602-DBTOU,0.000731150345299102,0.0731150345299102,Low Risk
5345-BMKWB,0.14165880476813256,14.165880476813255,Low Risk
3519-ZKXGG,0.6662847054739646,66.62847054739646,High Risk
5457-COLHT,0.0010554250635929482,0.10554250635929482,Low Risk
6416-TVAIH,0.6300085848330457,63.00085848330457,High Risk
5451-YHYPW,0.005101865762646215,0.5101865762646215,Low Risk
5108-ADXWO,0.4797786915040216,47.97786915040216,Medium Risk
7998-WNZEM,0.00115838654406579,0.115838654406579,Low Risk
3066-RRJIO,0.708235348050536,70.8235348050536,High Risk
4664-NJCMS,0.0021885788598469506,0.21885788598469508,Low Risk
0307-BCOPK,0.06635743110976514,6.635743110976514,Low Risk
7629-WFGLW,0.08937716013779955,8.937716013779955,Low Risk
2542-HYGIQ,0.11347919921052922,11.347919921052922,Low Risk
6715-OFDBP,0.6998814854774473,69.98814854774473,High Risk
5016-LIPDW,0.01899283769037206,1.899283769037206,Low Risk
6481-LXPWL,0.048813695234116966,4.8813695234116965,Low Risk
1567-DSCIC,0.7523981826010764,75.23981826010764,High Risk
2150-UWTFY,0.36618268819478605,36.61826881947861,Medium Risk
6124-ACRHJ,0.19729822425984214,19.729822425984214,Low Risk
9362-MWODR,0.09848204641676452,9.848204641676451,Low Risk
9975-GPKZU,0.0006727005088385963,0.06727005088385962,Low Risk
9625-RZFUK,0.0007357193100166976,0.07357193100166975,Low Risk
5153-LXKDT,0.008384085104629322,0.8384085104629322,Low Risk
5161-UBZXI,0.002276648978828521,0.2276648978828521,Low Risk
1020-JPQOW,0.2037486807427238,20.374868074272378,Low Risk
7919-ZODZZ,0.3621100764915757,36.21100764915757,Medium Risk
0565-JUPYD,0.047464637690539664,4.746463769053967,Low Risk
6867-ACCZI,0.004594211296828477,0.45942112968284765,Low Risk
5939-XAIXZ,0.48078329292744126,48.07832929274413,Medium Risk
9054-FOWNV,0.5275630682419249,52.75630682419249,Medium Risk
2683-BPJSO,0.45924997375221216,45.92499737522122,Medium Risk
2157-MXBJS,0.5769512132279201,57.69512132279201,Medium Risk
8207-VVMYB,0.0007129438172738414,0.07129438172738414,Low Risk
9732-EQMWY,0.43102107806895684,43.10210780689568,Medium Risk
9360-AHGNL,0.3639062725737569,36.39062725737569,Medium Risk
1087-UDSIH,0.23418933322743593,23.418933322743595,Low Risk
5269-NRGDP,0.1112707694040042,11.12707694040042,Low Risk
6195-MELTI,0.06654764654711583,6.654764654711583,Low Risk
5485-WUYWF,0.4501892439613038,45.01892439613038,Medium Risk
2121-JAFOM,0.003688895980683586,0.36888959806835864,Low Risk
8818-DOPVL,0.627185203254898,62.7185203254898,High Risk
2632-UCGVD,0.3846257665689876,38.46257665689876,Medium Risk
5445-PZWGX,0.06670608328986839,6.670608328986839,Low Risk
1227-UDMZR,0.0022491203255557,0.22491203255557,Low Risk
5198-HQAEN,0.17175009912478212,17.175009912478213,Low Risk
9170-CCKOU,0.39734499524525424,39.734499524525425,Medium Risk
2167-FQSTQ,0.003294011860080585,0.3294011860080585,Low Risk
2819-GWENI,0.04335767903101073,4.335767903101074,Low Risk
1043-YCUTE,0.0016767902324244177,0.16767902324244177,Low Risk
3814-MLAXC,0.36555414396408875,36.55541439640888,Medium Risk
3572-UUHRS,0.01662737645039973,1.6627376450399731,Low Risk
2692-PFYTJ,0.25092582785681855,25.092582785681856,Low Risk
1226-UDFZR,0.654721857393916,65.47218573939159,High Risk
5955-EPOAZ,0.21713716037127076,21.713716037127075,Low Risk
6821-JPCDC,0.35185068388501095,35.185068388501094,Medium Risk
8815-LMFLX,0.08607371599123291,8.60737159912329,Low Risk
9135-HSWOC,0.0005340997008080919,0.053409970080809194,Low Risk
8582-KRHPJ,0.12235677730001497,12.235677730001496,Low Risk
5811-IWXYM,0.18870060969170074,18.870060969170073,Low Risk
7044-YAACC,0.6592911700982512,65.92911700982512,High Risk
8189-XRIKE,0.5411077609178833,54.110776091788324,Medium Risk
1506-YJTYT,0.0017613080941802828,0.17613080941802828,Low Risk
4123-DVHPH,0.473144977240624,47.3144977240624,Medium Risk
6425-YQLLO,0.2563004336795397,25.63004336795397,Low Risk
5442-UTCVD,0.6961634154527085,69.61634154527086,High Risk
2228-BZDEE,0.0011516877339652644,0.11516877339652644,Low Risk
7734-DBOAI,0.3508326300404473,35.08326300404473,Medium Risk
2789-CZANW,0.0027956121333020416,0.2795612133302042,Low Risk
2091-RFFBA,0.6530287692275141,65.30287692275141,High Risk
2114-MGINA,0.7710852542998231,77.10852542998231,High Risk
7596-LDUXP,0.19511663957055175,19.511663957055177,Low Risk
3740-RLMVT,0.024448589505603854,2.4448589505603855,Low Risk
4489-SNOJF,0.169926934240776,16.9926934240776,Low Risk
2192-OZITF,0.003397361307837111,0.3397361307837111,Low Risk
5651-CPDND,0.37101058459610947,37.10105845961095,Medium Risk
2186-QZEYA,0.2676996352383599,26.769963523835987,Low Risk
1131-ALZWV,0.03882926490063962,3.882926490063962,Low Risk
7729-XBTWX,0.0008891947559489334,0.08891947559489334,Low Risk
9134-WYRVP,0.11193548288793082,11.193548288793082,Low Risk
3284-SVCRO,0.001816004033991404,0.1816004033991404,Low Risk
9732-OUYRN,0.016885416930386296,1.6885416930386297,Low Risk
0559-CKHUS,0.0028291548282032984,0.28291548282032986,Low Risk
2931-SVLTV,0.21118134953259446,21.118134953259446,Low Risk
6899-PPEEA,0.7416124844133544,74.16124844133543,High Risk
7504-UWHNB,0.3941655253004284,39.41655253004284,Medium Risk
2582-FFFZR,0.49083416007473724,49.08341600747372,Medium Risk
8908-NMQTX,0.0010822973571972675,0.10822973571972674,Low Risk
2187-LZGPL,0.4763176040927142,47.631760409271415,Medium Risk
1431-AIDJQ,0.004680582172470822,0.46805821724708224,Low Risk
6288-LBEAR,0.3693448208402746,36.93448208402746,Medium Risk
4597-NUCQV,0.7852492220560183,78.52492220560183,High Risk
9019-QVLZD,0.675882868578935,67.5882868578935,High Risk
8413-YNHNV,0.002958506620287519,0.2958506620287519,Low Risk
5808-TOTXO,0.060293819035295716,6.029381903529572,Low Risk
4369-NYSCF,0.07562307807596882,7.562307807596882,Low Risk
6333-YDVLT,0.07375070705247985,7.375070705247985,Low Risk
5324-KTGCG,0.012324408805074077,1.2324408805074076,Low Risk
5599-HVLTW,0.5257375426745899,52.573754267458995,Medium Risk
7394-LWLYN,0.5258991705257947,52.58991705257947,Medium Risk
3707-LRWZD,0.3968716907690862,39.68716907690862,Medium Risk
6873-UDNLD,0.18757512055196335,18.757512055196337,Low Risk
2700-LUEVA,0.11324255524408695,11.324255524408695,Low Risk
1455-ESIQH,0.7662287116108928,76.62287116108928,High Risk
0958-YHXGP,0.5511482161144812,55.114821611448114,Medium Risk
1101-SSWAG,0.4262862352881987,42.62862352881987,Medium Risk
2979-SXESE,0.5366756486351136,53.667564863511366,Medium Risk
4013-TLDHQ,0.6091751971177808,60.91751971177808,High Risk
5743-KHMNA,0.0004853218815028624,0.04853218815028624,Low Risk
4194-FJARJ,0.001031380013950388,0.10313800139503881,Low Risk
5325-UWTWJ,0.15911017518337256,15.911017518337257,Low Risk
3969-GYXEL,0.3076613380440978,30.76613380440978,Medium Risk
9208-OLGAQ,0.7065908054799306,70.65908054799306,High Risk
3244-CQPHU,0.004724060779644197,0.4724060779644197,Low Risk
2674-MLXMN,0.40447441748959706,40.447441748959704,Medium Risk
9708-HPXWZ,0.22584173435932484,22.584173435932485,Low Risk
6992-TKNYO,0.08461210842898063,8.461210842898064,Low Risk
4468-YDOVK,0.20982876031696315,20.982876031696314,Low Risk
3754-DXMRT,0.6360777988245918,63.607779882459184,High Risk
5792-JALQC,0.003280662594717384,0.3280662594717384,Low Risk
7130-VTEWQ,0.7147344381021477,71.47344381021476,High Risk
2200-DSAAL,0.011060804768312378,1.1060804768312378,Low Risk
4302-ZYFEL,0.010591128755509119,1.0591128755509118,Low Risk
9351-LZYGF,0.0992310926111788,9.92310926111788,Low Risk
4366-CTOUZ,0.01243703718326008,1.243703718326008,Low Risk
6121-VZNQB,0.3304644993333102,33.04644993333102,Medium Risk
7903-CMPEY,0.6411288351396457,64.11288351396458,High Risk
1518-OMDIK,0.21507687542631257,21.507687542631256,Low Risk
6671-NGWON,0.17244563695658205,17.244563695658204,Low Risk
0595-ITUDF,0.1904582295810249,19.04582295810249,Low Risk
6996-KNSML,0.6865461571219589,68.65461571219589,High Risk
1955-IBMMB,0.0006740290983368545,0.06740290983368545,Low Risk
0096-BXERS,0.48070810285660964,48.07081028566096,Medium Risk
3806-YAZOV,0.17481370708881097,17.481370708881098,Low Risk
7998-ZLXWN,0.08404876847254138,8.404876847254137,Low Risk
6253-WRFHY,0.3098722047055544,30.98722047055544,Medium Risk
9133-AYJZG,0.5613378722681018,56.133787226810185,Medium Risk
2675-OTVVJ,0.37358966056147797,37.3589660561478,Medium Risk
8680-CGLTP,0.06533365672945515,6.533365672945515,Low Risk
8430-TWCBX,0.01666518591099941,1.666518591099941,Low Risk
5018-GWURO,0.2992169426084327,29.921694260843267,Low Risk
6741-QRLUP,0.0020965932674128517,0.20965932674128518,Low Risk
4737-HOBAX,0.003126888872087573,0.3126888872087573,Low Risk
0537-QYZZN,0.3809979438092722,38.09979438092722,Medium Risk
3340-QBBFM,0.07006200139134647,7.006200139134647,Low Risk
1704-NRWYE,0.7505202470392223,75.05202470392223,High Risk
2592-SEIFQ,0.3980354698801853,39.80354698801853,Medium Risk
8200-KLNYW,0.13525338962237457,13.525338962237457,Low Risk
3372-CDXFJ,0.0427129969420905,4.27129969420905,Low Risk
4781-ZXYGU,0.11560865807204539,11.56086580720454,Low Risk
7632-YUTXB,0.046603392195099555,4.6603392195099556,Low Risk
2718-YSKCS,0.00044551053295768236,0.044551053295768236,Low Risk
9896-UYMIE,0.07643797521287275,7.643797521287275,Low Risk
0853-NWIFK,0.20811034932117486,20.811034932117487,Low Risk
8212-CRQXP,0.41109317603331863,41.10931760333186,Medium Risk
6980-CDGFC,0.01316083243933163,1.316083243933163,Low Risk
7691-XVTZH,0.007576421940984572,0.7576421940984572,Low Risk
7481-ATQQS,0.5806149215369867,58.061492153698666,Medium Risk
2277-VWCNI,0.6206539062278085,62.065390622780846,High Risk
1088-CNNKB,0.03098915217264454,3.098915217264454,Low Risk
8642-GVWRF,0.5639609240746932,56.396092407469325,Medium Risk
1930-BZLHI,0.06505518843076528,6.505518843076528,Low Risk
3400-ESFUW,0.000778416802184649,0.0778416802184649,Low Risk
5868-YTYKS,0.18748703107056364,18.748703107056365,Low Risk
3525-DVKFN,0.0030001109385294515,0.30001109385294517,Low Risk
1482-OXZSY,0.34850201079505405,34.8502010795054,Medium Risk
0377-JBKKT,0.17602448710627241,17.602448710627243,Low Risk
5778-BVOFB,0.2739402965559272,27.39402965559272,Low Risk
3373-YZZYM,0.16615747512144904,16.615747512144903,Low Risk
2057-ZBLPD,0.6442095484488002,64.42095484488001,High Risk
0228-MAUWC,0.24503027180055287,24.503027180055287,Low Risk
5502-RLUYV,0.5675666614943002,56.756666149430025,Medium Risk
0023-HGHWL,0.5396906816133057,53.96906816133057,Medium Risk
7663-YJHSN,0.0025726297295422034,0.25726297295422035,Low Risk
4915-BFSXL,0.0017652432387686738,0.17652432387686737,Low Risk
3086-RUCRN,0.1354927024354987,13.549270243549872,Low Risk
5215-LNLDJ,0.31090431810487823,31.09043181048782,Medium Risk
7576-JMYWV,0.3796808916317777,37.96808916317777,Medium Risk
9039-RBEEE,0.08019163334819057,8.019163334819057,Low Risk
0257-KXZGU,0.23767313395126685,23.767313395126685,Low Risk
1307-ATKGB,0.5178786071608699,51.78786071608699,Medium Risk
8417-FMLZI,0.6231828864135984,62.31828864135984,High Risk
3714-XPXBW,0.16010089830153817,16.010089830153817,Low Risk
1850-AKQEP,0.13375884277164013,13.375884277164014,Low Risk
2824-DXNKN,0.002297511734999517,0.2297511734999517,Low Risk
5227-JSCFE,0.0006063473108325271,0.06063473108325271,Low Risk
0848-ZGQIJ,0.5334714063346283,53.34714063346283,Medium Risk
3621-CHYVB,0.05696551467212806,5.696551467212807,Low Risk
8042-RNLKO,0.012232873958901387,1.2232873958901387,Low Risk
1792-UXAFY,0.7583405441997029,75.83405441997029,High Risk
5372-FBKBN,0.1116337309248053,11.16337309248053,Low Risk
0420-TXVSG,0.002133003424197806,0.21330034241978058,Low Risk
6217-TOWGS,0.4949493853368757,49.494938533687574,Medium Risk
0515-YPMCW,0.6709584031028646,67.09584031028646,High Risk
0378-XSZPU,0.058503865983931695,5.850386598393169,Low Risk
1045-LTCYT,0.09556888307565434,9.556888307565433,Low Risk
1544-JJMYL,0.050597467971318165,5.059746797131816,Low Risk
4636-JGAAI,0.48877066886171566,48.87706688617157,Medium Risk
6874-SGLHU,0.26341992417129656,26.341992417129656,Low Risk
5951-AOFIH,0.2991341866644086,29.91341866644086,Low Risk
4729-XKASR,0.3924193046797634,39.24193046797634,Medium Risk
3059-NGMXB,0.36118915001112323,36.11891500111232,Medium Risk
8652-YHIYU,0.18113274168633484,18.113274168633485,Low Risk
5278-PNYOX,0.005901562300756498,0.5901562300756498,Low Risk
5449-FIBXJ,0.5722599257584565,57.22599257584565,Medium Risk
3486-HOOGQ,0.0011577147647895622,0.11577147647895622,Low Risk
5061-PBXFW,0.07017023281098875,7.017023281098875,Low Risk
8630-FJLIB,0.45000049656994845,45.00004965699485,Medium Risk
3891-NLXJB,0.0021144509368921788,0.21144509368921788,Low Risk
4749-OJKQU,0.664556276011542,66.4556276011542,High Risk
0577-WHMEV,0.370199713476552,37.0199713476552,Medium Risk
5453-AXEPF,0.4066479348747879,40.66479348747879,Medium Risk
3639-XJHKQ,0.2775453537042883,27.75453537042883,Low Risk
3716-LRGXK,0.008987237638370827,0.8987237638370827,Low Risk
2263-SFSQZ,0.0016804115041892465,0.16804115041892465,Low Risk
9950-MTGYX,0.0013830910640721544,0.13830910640721544,Low Risk
3397-AVTKU,0.009431884956716317,0.9431884956716317,Low Risk
4825-FUREZ,0.0011867460468930943,0.11867460468930943,Low Risk
9837-BMCLM,0.6981700783969772,69.81700783969772,High Risk
2672-OJQZP,0.44321233013465544,44.321233013465545,Medium Risk
0137-UDEUO,0.2694609471120954,26.94609471120954,Low Risk
3134-DSHVC,0.004497241408046682,0.4497241408046682,Low Risk
6161-UUUTA,0.7560050502791961,75.60050502791961,High Risk
7821-DPRQE,0.2135516811012532,21.35516811012532,Low Risk
6543-XRMYR,0.7867038279397381,78.67038279397381,High Risk
2001-EWBQU,0.015873461957565563,1.5873461957565564,Low Risk
4925-LMHOK,0.3601990942011493,36.019909420114935,Medium Risk
1608-GMEWB,0.5497119297650822,54.97119297650822,Medium Risk
6695-AMZUF,0.0014276576526651616,0.14276576526651616,Low Risk
1455-UGQVH,0.7857740300596219,78.57740300596218,High Risk
8410-BGQXN,0.1560504847424485,15.605048474244851,Low Risk
8280-MQRQN,0.5822247556988183,58.22247556988182,Medium Risk
1619-YWUBB,0.00077584267653717,0.07758426765371701,Low Risk
7611-YKYTC,0.1923987843140681,19.239878431406808,Low Risk
2037-SGXHH,0.6100698948060844,61.00698948060844,High Risk
3178-FESZO,0.772574331635222,77.25743316352221,High Risk
0365-GXEZS,0.2761011834804021,27.610118348040206,Low Risk
0082-OQIQY,0.38561447395142795,38.56144739514279,Medium Risk
6087-MVHJH,0.7358910309321125,73.58910309321125,High Risk
4603-JANFB,0.6433137154337257,64.33137154337257,High Risk
3018-TFTSU,0.2653431284593386,26.53431284593386,Low Risk
3606-SBKRY,0.22793758587822147,22.793758587822147,Low Risk
4806-KEXQR,0.6991681004940462,69.91681004940462,High Risk
0667-NSRGI,0.15211400551374257,15.211400551374258,Low Risk
7083-YNSKY,0.20768276239462022,20.768276239462022,Low Risk
6893-ODYYE,0.04750517842408234,4.750517842408234,Low Risk
8242-JSVBO,0.31557938136358055,31.557938136358054,Medium Risk
2479-BRAMR,0.39192027068202323,39.19202706820232,Medium Risk
9541-ZPSEA,0.0016730215020276317,0.16730215020276318,Low Risk
2665-NPTGL,0.6148198420637422,61.48198420637422,High Risk
1139-WUOAH,0.0020532771569352687,0.20532771569352687,Low Risk
4693-VWVBO,0.1673037237372606,16.73037237372606,Low Risk
7434-SHXLS,0.27497280920263506,27.497280920263506,Low Risk
6937-GCDGQ,0.0811562703785458,8.11562703785458,Low Risk
0988-JRWWP,0.509005616272756,50.9005616272756,Medium Risk
5075-JSDKI,0.0011196884032314007,0.11196884032314007,Low Risk
7908-QCBCA,0.7074579146155788,70.74579146155789,High Risk
8644-XYTSV,0.10475523521409076,10.475523521409077,Low Risk
6711-FLDFB,0.6855392224880441,68.55392224880441,High Risk
3873-WOSBC,0.0005444976307560827,0.05444976307560827,Low Risk
7465-ZZRVX,0.6018710345167545,60.18710345167545,High Risk
7975-JMZNT,0.0017615717013737635,0.17615717013737636,Low Risk
7251-XFOIL,0.420075735600521,42.0075735600521,Medium Risk
4116-IQRFR,0.052149778168950396,5.21497781689504,Low Risk
3714-JTVOV,0.347502264117056,34.7502264117056,Medium Risk
8259-DZLIZ,0.07361516609853966,7.3615166098539655,Low Risk
0442-ZXKVS,0.13727351569482435,13.727351569482435,Low Risk
7853-WNZSY,0.12788046522784965,12.788046522784965,Low Risk
3120-FAZKD,0.0008918368308928919,0.0891836830892892,Low Risk
8606-OEGQZ,0.0019645588405005966,0.19645588405005965,Low Risk
0225-ZORZP,0.5400457281706439,54.004572817064386,Medium Risk
4702-IOQDC,0.6663514819578714,66.63514819578714,High Risk
9489-JMTTN,0.0016395476268309152,0.1639547626830915,Low Risk
0575-CUQOV,0.30727113916647036,30.727113916647035,Medium Risk
0967-BMLBD,0.08238540456335887,8.238540456335887,Low Risk
6178-KFNHS,0.5358474492674223,53.58474492674223,Medium Risk
2830-LEWOA,0.08301805518833076,8.301805518833076,Low Risk
5006-MXVRN,0.0009929109479547482,0.09929109479547482,Low Risk
1264-BYWMS,0.5725515425666339,57.25515425666339,Medium Risk
9658-WYUFB,0.6099203360021926,60.992033600219266,High Risk
8327-WKMIE,0.02063424197540965,2.063424197540965,Low Risk
6917-FIJHC,0.0011738897002834892,0.11738897002834892,Low Risk
5329-KRDTM,0.002563357648847583,0.2563357648847583,Low Risk
7797-EJMDP,0.15709354186139168,15.70935418613917,Low Risk
3530-VWVGU,0.10883386121128678,10.883386121128678,Low Risk
2013-SGDXK,0.6955492728717719,69.5549272871772,High Risk
6368-NWMCE,0.19111837677819035,19.111837677819036,Low Risk
3633-CDBUW,0.1815558751899775,18.155587518997752,Low Risk
0707-HOVVN,0.003935506002408531,0.3935506002408531,Low Risk
8580-QVLOC,0.003851173983604335,0.3851173983604335,Low Risk
3956-MGXOG,0.47643537684125625,47.643537684125626,Medium Risk
9274-UARKJ,0.5402188006161178,54.02188006161178,Medium Risk
4077-HWUYD,0.0019169918247093024,0.19169918247093024,Low Risk
2012-NWRPA,0.8435491206917056,84.35491206917057,High Risk
8808-ELEHO,0.7377804653430132,73.77804653430132,High Risk
0103-CSITQ,0.1562644089522311,15.626440895223109,Low Risk
3506-LCJDC,0.15375808971858912,15.375808971858913,Low Risk
8671-KKKOS,0.1360297641481929,13.60297641481929,Low Risk
7305-ZWMAJ,0.024007389620484088,2.400738962048409,Low Risk
9518-XXBXE,0.35717970809528704,35.7179708095287,Medium Risk
3934-HXCFZ,0.576308443385569,57.6308443385569,Medium Risk
6578-KRMAW,0.3243050047977831,32.43050047977831,Medium Risk
4860-IJUDE,0.264814117701409,26.4814117701409,Low Risk
7666-WKRON,0.007761390987342799,0.7761390987342799,Low Risk
9688-YGXVR,0.36163843240564525,36.163843240564525,Medium Risk
0423-UDIJQ,0.32852157132487075,32.85215713248707,Medium Risk
1945-XISKS,0.0008111084841914771,0.08111084841914772,Low Risk
4910-AQFFX,0.5735053586174922,57.35053586174922,Medium Risk
2154-KVJFF,0.6707933474752812,67.07933474752812,High Risk
5360-LJCNJ,0.011618309183170455,1.1618309183170454,Low Risk
2607-FBDFF,0.1991684299164642,19.91684299164642,Low Risk
9647-ERGBE,0.7148957381164597,71.48957381164597,High Risk
3428-XZMAZ,0.6449371717596407,64.49371717596406,High Risk
1100-DDVRV,0.45762901106010817,45.762901106010816,Medium Risk
0378-TOVMS,0.547101451383958,54.7101451383958,Medium Risk
4355-HBJHH,0.008981990442487504,0.8981990442487504,Low Risk
6728-WYQBC,0.09956271274697533,9.956271274697533,Low Risk
9058-CBREO,0.6963046339256435,69.63046339256435,High Risk
9029-FEGVJ,0.5222508164550371,52.225081645503714,Medium Risk
7216-KAOID,0.016424346640777455,1.6424346640777454,Low Risk
0318-QUUOB,0.6979721266365885,69.79721266365885,High Risk
6145-NNPNO,0.3153128251309931,31.531282513099313,Medium Risk
5520-FVEWJ,0.6876386403394074,68.76386403394073,High Risk
5339-TJFEK,0.3277874829757774,32.77874829757774,Medium Risk
5572-ZDXHY,0.7096806015850402,70.96806015850402,High Risk
2074-GUHPQ,0.3633822675577023,36.33822675577023,Medium Risk
4625-XMOYM,0.0006125660771016733,0.06125660771016733,Low Risk
5827-MWCZK,0.20310963941436327,20.310963941436327,Low Risk
1385-TQOZW,0.11992416547146374,11.992416547146375,Low Risk
5914-XRFQB,0.0032175003650879775,0.32175003650879774,Low Risk
4329-YPDDQ,0.3183194086244601,31.83194086244601,Medium Risk
4804-NCPET,0.002281548029846983,0.22815480298469829,Low Risk
3750-CKVKH,0.6044032379224571,60.44032379224571,High Risk
5944-UGLLK,0.046254189106108845,4.625418910610884,Low Risk
8063-GBATB,0.7312483986936045,73.12483986936044,High Risk
7787-BNTZM,0.09112705516595299,9.112705516595298,Low Risk
2252-ISRNH,0.3958451851526052,39.58451851526052,Medium Risk
9415-TPKRV,0.4110718587468765,41.10718587468765,Medium Risk
5322-TEUJK,0.002667115097697212,0.2667115097697212,Low Risk
4547-KQRTM,0.6094284530197421,60.94284530197422,High Risk
4877-EVATK,0.25678415032985596,25.678415032985598,Low Risk
1866-DIOQZ,0.020232854734900937,2.023285473490094,Low Risk
8375-KVTHK,0.13007097354737762,13.007097354737763,Low Risk
2697-NQBPF,0.42743061181304143,42.74306118130414,Medium Risk
3709-OIJEA,0.16860219299418147,16.860219299418148,Low Risk
7639-SUPCW,0.29387673450287205,29.387673450287206,Low Risk
1386-ZIKUV,0.1818631099771994,18.18631099771994,Low Risk
0599-XNYDO,0.35264985332074167,35.26498533207417,Medium Risk
6377-WHAOX,0.47769715235817733,47.769715235817735,Medium Risk
6855-VLGOS,0.0004931114850320486,0.04931114850320486,Low Risk
8999-XXGNS,0.24560209016733242,24.560209016733243,Low Risk
8746-OQQRW,0.18411754808825406,18.411754808825407,Low Risk
3181-MIZBN,0.09712437820328257,9.712437820328256,Low Risk
0471-ARVMX,0.2391268437820115,23.91268437820115,Low Risk
7766-CLTIC,0.4409809351663896,44.09809351663896,Medium Risk
5650-YLIBA,0.4983351951023145,49.83351951023145,Medium Risk
0825-CPPQH,0.0004319783725733831,0.043197837257338306,Low Risk
9084-OAYKL,0.0009217306142989205,0.09217306142989205,Low Risk
6122-LJADA,0.001975834152254947,0.1975834152254947,Low Risk
2400-XIWIO,0.0026349791903499905,0.26349791903499903,Low Risk
7524-VRLPL,0.0016476221356321106,0.16476221356321105,Low Risk
1069-XAIEM,0.8072794920059724,80.72794920059724,High Risk
7569-NMZYQ,0.003279860520512443,0.3279860520512443,Low Risk
5201-USSQZ,0.23723855699364219,23.72385569936422,Low Risk
2105-PHWON,0.36725960316201056,36.72596031620105,Medium Risk
1494-EJZDW,0.0031893504894431827,0.3189350489443183,Low Risk
4884-TVUQF,0.0037462081863050734,0.37462081863050734,Low Risk
8003-EWNDZ,0.15757329357763628,15.757329357763627,Low Risk
1897-RCFUM,0.05414191849601112,5.414191849601112,Low Risk
9256-JTBNZ,0.09048115123835264,9.048115123835263,Low Risk
4658-HCOHW,0.6191165267282112,61.91165267282111,High Risk
2211-RMNHO,0.002919886741280616,0.29198867412806156,Low Risk
2432-TFSMK,0.3006690566205381,30.066905662053813,Medium Risk
3440-JPSCL,0.7156737850898673,71.56737850898674,High Risk
4929-ROART,0.26925961162767975,26.925961162767976,Low Risk
1834-ABKHQ,0.0773113928513768,7.7311392851376795,Low Risk
1741-WTPON,0.0056227330473352525,0.5622733047335252,Low Risk
3932-IJWDZ,0.3020965815173781,30.209658151737813,Medium Risk
1240-HCBOH,0.0013593994751246925,0.13593994751246924,Low Risk
3594-KADLU,0.1596824799642873,15.96824799642873,Low Risk
8065-BVEPF,0.3766553979283172,37.66553979283172,Medium Risk
3796-ENZGF,0.00393080205536922,0.393080205536922,Low Risk
1734-ZMNTZ,0.003931629644298109,0.39316296442981086,Low Risk
2853-CWQFQ,0.40427870002367894,40.4278700023679,Medium Risk
0813-TAXXS,0.008504012696312808,0.8504012696312808,Low Risk
2519-TWKFS,0.139098935455321,13.909893545532102,Low Risk
2889-FPWRM,0.1094732669840212,10.94732669840212,Low Risk
0626-QXNGV,0.000707161022415542,0.0707161022415542,Low Risk
6723-CEGQI,0.0019246021034952793,0.19246021034952793,Low Risk
6987-XQSJT,0.567636727306695,56.7636727306695,Medium Risk
4732-RRJZC,0.13500206132145381,13.500206132145381,Low Risk
9499-XPZXM,0.0007924481867718497,0.07924481867718497,Low Risk
4338-EYCER,0.2631451056679338,26.31451056679338,Low Risk
3007-FDPEA,0.13310395810170914,13.310395810170913,Low Risk
6350-XFYGW,0.72140973299713,72.140973299713,High Risk
4290-BSXUX,0.46163585035092797,46.163585035092794,Medium Risk
8513-OLYGY,0.0025490376284038746,0.25490376284038746,Low Risk
0311-QYWSS,0.313458586650449,31.3458586650449,Medium Risk
8705-DWKTI,0.2921890762311222,29.218907623112223,Low Risk
8755-IWJHN,0.335930248542141,33.5930248542141,Medium Risk
0325-XBFAC,0.7551908226553837,75.51908226553837,High Risk
4480-QQRHC,0.5096475368545124,50.964753685451235,Medium Risk
0929-PECLO,0.37289487833053236,37.289487833053236,Medium Risk
3680-CTHUH,0.08600741711125494,8.600741711125494,Low Risk
1202-KKGFU,0.1112935522593391,11.12935522593391,Low Risk
6112-KTHFQ,0.17755340328486144,17.755340328486145,Low Risk
1852-XEMDW,0.2896726997035841,28.967269970358412,Low Risk
2462-XIIJB,0.7386182683258209,73.8618268325821,High Risk
4760-XOHVN,0.26205044435191155,26.205044435191155,Low Risk
1820-DJFPH,0.0006245399563218142,0.06245399563218142,Low Risk
9426-SXNHE,0.11042867901442484,11.042867901442484,Low Risk
9068-FHQHD,0.000844753866452377,0.08447538664523771,Low Risk
1269-FOYWN,0.015113578877928958,1.5113578877928957,Low Risk
9470-YFUYI,0.030514594837898912,3.051459483789891,Low Risk
7817-BOQPW,0.7049841403321916,70.49841403321916,High Risk
7402-EYFXX,0.6548361956988455,65.48361956988455,High Risk
1853-UDXBW,0.5766178917180553,57.66178917180553,Medium Risk
9895-VFOXH,0.41808703856545576,41.80870385654558,Medium Risk
5458-CQJTA,0.0014278390343010403,0.14278390343010403,Low Risk
1230-QAJDW,0.5084258550620379,50.84258550620378,Medium Risk
5701-ZIKJE,0.3191751426716344,31.917514267163437,Medium Risk
5219-YIPTK,0.7353503045253004,73.53503045253004,High Risk
5032-MIYKT,0.5767012001956804,57.67012001956804,Medium Risk
7396-VJUZB,0.38310223700079715,38.31022370007972,Medium Risk
9717-QEBGU,0.499047920572674,49.9047920572674,Medium Risk
5172-RKOCB,0.0030605392564948255,0.30605392564948253,Low Risk
6509-TSGWN,0.09456180047384596,9.456180047384596,Low Risk
3540-RZJYU,0.41291657694009787,41.291657694009785,Medium Risk
3178-CIFOT,0.04192086691228185,4.192086691228185,Low Risk
2091-MJTFX,0.15729509100013486,15.729509100013486,Low Risk
4530-NDRKU,0.03444685104892148,3.444685104892148,Low Risk
5985-TBABQ,0.20209942404527692,20.20994240452769,Low Risk
9800-ONTFE,0.3720538051458065,37.205380514580646,Medium Risk
6743-HHQPF,0.1321323172163631,13.213231721636308,Low Risk
8455-HIRAQ,0.45309341031145234,45.30934103114524,Medium Risk
6616-AALSR,0.0064700614278994,0.64700614278994,Low Risk
0883-EIBTI,0.2746463204384246,27.464632043842457,Low Risk
9415-ZNBSX,0.0021761179301723957,0.21761179301723957,Low Risk
4018-KJYUY,0.06117027675337713,6.117027675337713,Low Risk
0722-TROQR,0.7599036215047975,75.99036215047975,High Risk
7571-YXDAD,0.5230179312068319,52.30179312068319,Medium Risk
3884-UEBXB,0.0007639321903933991,0.0763932190393399,Low Risk
8780-RSYYU,0.08789689026935439,8.78968902693544,Low Risk
5537-UXXVS,0.07457012735938441,7.4570127359384415,Low Risk
1791-PQHBB,0.3059128327364651,30.591283273646507,Medium Risk
8701-DGLVH,0.0011138280188175444,0.11138280188175444,Low Risk
8741-LQOBK,0.0637371944048214,6.373719440482139,Low Risk
3393-FMZPV,0.7479077061479141,74.79077061479141,High Risk
8082-GHXOP,0.34746467917038737,34.746467917038736,Medium Risk
6402-ZFPPI,0.7554110884090011,75.54110884090011,High Risk
0980-FEXWF,0.1574690025720269,15.74690025720269,Low Risk
7486-KSRVI,0.32195404164207647,32.195404164207645,Medium Risk
3011-WQKSZ,0.12297765193931294,12.297765193931294,Low Risk
8443-WVPSS,0.6303255638858023,63.03255638858023,High Risk
3006-XIMLN,0.7067491626445338,70.67491626445339,High Risk
8218-FFJDS,0.0020053965025736316,0.20053965025736314,Low Risk
1986-PHGZF,0.3278840436185137,32.78840436185137,Medium Risk
9965-YOKZB,0.7818495091919021,78.18495091919021,High Risk
0504-HHAPI,0.6354794437051732,63.547944370517314,High Risk
9360-OMDZZ,0.5899338548346426,58.99338548346426,Medium Risk
6305-YLBMM,0.15703592843919298,15.703592843919298,Low Risk
0345-XMMUG,0.01190971631204112,1.1909716312041119,Low Risk
8024-XNAFQ,0.0037281345931642895,0.37281345931642895,Low Risk
3647-GMGDH,0.623674254880382,62.367425488038194,High Risk
2988-GBIVW,0.28560228625611567,28.56022862561157,Low Risk
2832-SCUCO,0.17039842207145314,17.039842207145313,Low Risk
7036-ZZKBD,0.21037308443826064,21.037308443826063,Low Risk
3791-LGQCY,0.6034093389852402,60.34093389852402,High Risk
0265-PSUAE,0.3397173674541429,33.97173674541429,Medium Risk
0463-TXOAK,0.0007393359785022988,0.07393359785022988,Low Risk
0594-UFTUL,0.14939957719614858,14.939957719614858,Low Risk
9509-MPYOD,0.040002101691944195,4.000210169194419,Low Risk
9128-CPXKI,0.01277527354556045,1.277527354556045,Low Risk
0129-KPTWJ,0.3329983196821046,33.299831968210455,Medium Risk
8166-ZZTFS,0.010982816983111805,1.0982816983111805,Low Risk
5855-EIBDE,0.00341065157472391,0.341065157472391,Low Risk
5365-LLFYV,0.49133143309997174,49.13314330999717,Medium Risk
5956-YHHRX,0.7900181763930325,79.00181763930325,High Risk
6008-NAIXK,0.19846488886544883,19.846488886544883,Low Risk
2956-GGUCQ,0.46970736322042633,46.97073632204263,Medium Risk
1928-BXYIV,0.31907963921088295,31.907963921088296,Medium Risk
5760-FXFVO,0.38503870655364225,38.503870655364224,Medium Risk
6595-COKXZ,0.6389926342551447,63.89926342551448,High Risk
0961-ZWLVI,0.17775363252456494,17.775363252456494,Low Risk
5181-OABFK,0.002136700845989625,0.21367008459896253,Low Risk
4007-NHVHI,0.3646948833046544,36.46948833046544,Medium Risk
7816-VGHTO,0.006346698627609786,0.6346698627609786,Low Risk
5871-DGTXZ,0.03926632284067323,3.926632284067323,Low Risk
7550-WIQVA,0.21501595264577103,21.5015952645771,Low Risk
7544-ZVIKX,0.12114119642451776,12.114119642451776,Low Risk
0016-QLJIS,0.0042530764702121415,0.42530764702121415,Low Risk
7508-DQAKK,0.0029324702102838346,0.29324702102838346,Low Risk
5176-OLSKT,0.0017556475262217154,0.17556475262217155,Low Risk
9356-AXGMP,0.16148825238345108,16.148825238345108,Low Risk
3556-BVQGL,0.07533870416412092,7.533870416412092,Low Risk
0362-ZBZWJ,0.6036564027800769,60.365640278007696,High Risk
8979-CAMGB,0.17861467332132586,17.861467332132584,Low Risk
4211-MMAZN,0.17970541072424723,17.970541072424723,Low Risk
7581-EBBOU,0.06110127802036507,6.110127802036507,Low Risk
4274-OWWYO,0.6646166879266691,66.4616687926669,High Risk
5073-RZGBK,0.05290498854761813,5.290498854761813,Low Risk
1541-ETJZO,0.39701210490322303,39.7012104903223,Medium Risk
2192-CKRLV,0.0023478782103308485,0.23478782103308485,Low Risk
3154-HMWUU,0.0006441712938652567,0.06441712938652568,Low Risk
6119-SPUDB,0.0013514163452625068,0.13514163452625066,Low Risk
6522-OIQSX,0.0036795709536923283,0.3679570953692328,Low Risk
7813-ZGGAW,0.3513169922082887,35.13169922082887,Medium Risk
8748-HFWBO,0.04861634334820257,4.861634334820257,Low Risk
1052-QJIBV,0.00038913374787959045,0.038913374787959046,Low Risk
1319-YLZJG,0.37440715262046725,37.44071526204672,Medium Risk
4106-HADHQ,0.08273008763378516,8.273008763378515,Low Risk
0723-FDLAY,0.12777225122771513,12.777225122771513,Low Risk
3050-RLLXC,0.0016234109868724586,0.16234109868724586,Low Risk
9298-WGMRW,0.003714666766069252,0.37146667660692523,Low Risk
2369-UAPKZ,0.8088672483362681,80.88672483362681,High Risk
3088-LHEFH,0.3295978152190244,32.95978152190244,Medium Risk
2778-OCLGR,0.18483445051798797,18.483445051798796,Low Risk
6583-KQJLK,0.6940023611479246,69.40023611479246,High Risk
8544-JNBOX,0.0008372160014201171,0.0837216001420117,Low Risk
6681-ZSEXG,0.003635725114659236,0.36357251146592356,Low Risk
6139-ZZRBQ,0.0008251635436456124,0.08251635436456124,Low Risk
6116-RFVHN,0.5821956030500955,58.21956030500955,Medium Risk
0637-KVDLV,0.6795785620492532,67.95785620492532,High Risk
8884-FEEWR,0.020971277380558664,2.0971277380558666,Low Risk
3125-RAHBV,0.03050807577011182,3.050807577011182,Low Risk
6633-MPWBS,0.416754651356581,41.6754651356581,Medium Risk
0373-AIVNJ,0.11877130642851699,11.8771306428517,Low Risk
8785-EPNCG,0.17205280921947128,17.20528092194713,Low Risk
1682-VCOIO,0.048488065351646646,4.848806535164664,Low Risk
5729-KLZAR,0.6519782683703889,65.19782683703889,High Risk
2072-ZVJJX,0.0005162212945349317,0.05162212945349317,Low Risk
8849-AYPTR,0.4995886181893201,49.95886181893201,Medium Risk
9518-IMLHK,0.13376093298186167,13.376093298186168,Low Risk
1582-RAFML,0.4952831941979859,49.52831941979859,Medium Risk
3646-ITDGM,0.000623585128150963,0.0623585128150963,Low Risk
8740-CRYFY,0.7052640014187512,70.52640014187513,High Risk
3569-VLDHH,0.03733632251883007,3.733632251883007,Low Risk
8224-KDLKN,0.00042409611422502186,0.042409611422502186,Low Risk
7594-LZNWR,0.33364752036372,33.364752036371996,Medium Risk
4001-TSBTV,0.34692263897206604,34.6922638972066,Medium Risk
2962-XPMCQ,0.5594652946255497,55.94652946255497,Medium Risk
8727-XDPUD,0.003583119848541437,0.3583119848541437,Low Risk
1043-UXOVO,0.004064490413563282,0.4064490413563282,Low Risk
1064-FBXNK,0.04462746268764268,4.462746268764268,Low Risk
3996-ZNWYK,0.00048727550330749216,0.048727550330749214,Low Risk
2878-DHMIN,0.028264508460752076,2.8264508460752076,Low Risk
7762-ONLJY,0.07577133612731031,7.577133612731031,Low Risk
1678-FYZOW,0.7173761064971479,71.7376106497148,High Risk
5795-BKOYE,0.025236537224187634,2.5236537224187634,Low Risk
8627-EHGIP,0.3069813348581665,30.698133485816648,Medium Risk
7402-PWYJJ,0.15333308810534302,15.333308810534302,Low Risk
5480-TBGPH,0.660724171841252,66.0724171841252,High Risk
0018-NYROU,0.6056719234075073,60.56719234075073,High Risk
7501-VTYLJ,0.4372943718568552,43.72943718568552,Medium Risk
7608-RGIRO,0.0012832228158441356,0.12832228158441356,Low Risk
0480-BIXDE,0.599769103071261,59.9769103071261,Medium Risk
5895-QSXOD,0.45842041159370683,45.84204115937068,Medium Risk
9814-AOUDH,0.0006280133868593395,0.06280133868593395,Low Risk
6175-IRFIT,0.5589992390286715,55.89992390286716,Medium Risk
8760-ZRHKE,0.0782144297643678,7.82144297643678,Low Risk
1622-HSHSF,0.21746341643156844,21.746341643156843,Low Risk
8854-CCVSQ,0.6308326143507751,63.08326143507751,High Risk
6749-UTDVX,0.014465709224302301,1.44657092243023,Low Risk
5542-DHSXL,0.3273729020016537,32.73729020016537,Medium Risk
9102-OXKFY,0.0031834667503318785,0.31834667503318786,Low Risk
0511-JTEOY,0.6552489732709434,65.52489732709435,High Risk
5216-WASFJ,0.586539626866263,58.6539626866263,Medium Risk
7808-DVWEP,0.10486720949468419,10.486720949468419,Low Risk
7067-KSAZT,0.38534704665513436,38.53470466551344,Medium Risk
2284-VFLKH,0.14196535525030712,14.196535525030713,Low Risk
0366-NQSHS,0.16192673555312886,16.192673555312886,Low Risk
6532-YLWSI,0.025420447379775175,2.5420447379775175,Low Risk
3807-BPOMJ,0.17930418812160806,17.930418812160806,Low Risk
3892-NXAZG,0.003099181654913362,0.3099181654913362,Low Risk
4948-WBBKL,0.4011695136962183,40.11695136962183,Medium Risk
4182-BGSIQ,0.10703809738831506,10.703809738831506,Low Risk
9300-AGZNL,0.8479072554859065,84.79072554859066,High Risk
0988-AADSA,0.0011291720413290321,0.11291720413290321,Low Risk
9972-NKTFD,0.13864003464980615,13.864003464980614,Low Risk
3717-LNXKW,0.2056247738440393,20.56247738440393,Low Risk
5734-EJKXG,0.12478564293331382,12.478564293331381,Low Risk
2207-RYYRL,0.0012584753370352099,0.12584753370352098,Low Risk
6729-FZWSY,0.0211460344566914,2.11460344566914,Low Risk
9695-IDRZR,0.007657326237345501,0.7657326237345501,Low Risk
8144-DGHXP,0.00286353981890266,0.286353981890266,Low Risk
7814-LEEVE,0.13472243192661973,13.472243192661972,Low Risk
1112-CUNAO,0.711504510035938,71.1504510035938,High Risk
5175-AOBHI,0.6205657752858719,62.056577528587184,High Risk
5174-RNGBH,0.49356378436249376,49.35637843624938,Medium Risk
8631-WUXGY,0.542634341810439,54.2634341810439,Medium Risk
7270-BDIOA,0.5537034381323473,55.37034381323473,Medium Risk
9565-JSNFM,0.14746212470371778,14.746212470371777,Low Risk
5906-DVAPM,0.04267699534698573,4.267699534698573,Low Risk
6654-QGBZZ,0.1788173969195107,17.881739691951072,Low Risk
8348-JLBUG,0.05852593930845874,5.852593930845874,Low Risk
0607-DAAHE,0.0009800942816901449,0.09800942816901449,Low Risk
5641-DMBFJ,0.004339092109895659,0.43390921098956586,Low Risk
9200-NLNPD,0.05339666306544938,5.339666306544938,Low Risk
2664-XJZNO,0.0022231550306157483,0.22231550306157483,Low Risk
9732-KPKBW,0.2418577089181019,24.18577089181019,Low Risk
3339-EAQNV,0.21842455018303328,21.842455018303326,Low Risk
0921-OHLVP,0.48038379213898413,48.038379213898416,Medium Risk
3389-YGYAI,0.8612161890733544,86.12161890733545,High Risk
9560-ARGQJ,0.6432152715029711,64.32152715029711,High Risk
8350-NYMVI,0.08518004676223251,8.518004676223251,Low Risk
1600-DILPE,0.3564883414265825,35.648834142658245,Medium Risk
0536-ESJEP,0.003884102547090524,0.3884102547090524,Low Risk
4654-GGUII,0.07523234899694393,7.523234899694393,Low Risk
6478-HRRCZ,0.07387906245523526,7.387906245523526,Low Risk
8510-BBWMU,0.04508931035604042,4.508931035604042,Low Risk
6857-TKDJV,0.0004854460937727622,0.04854460937727622,Low Risk
2360-RDGRO,0.29944176145399587,29.944176145399588,Low Risk
0584-BJQGZ,0.1948104462254631,19.48104462254631,Low Risk
5134-IKDAY,0.6499811218903653,64.99811218903653,High Risk
1360-XFJMR,0.1333524849812953,13.335248498129529,Low Risk
3070-DVEYC,0.7229006098402304,72.29006098402304,High Risk
5730-RIITO,0.131591404401009,13.1591404401009,Low Risk
9058-MJLZC,0.44160826843470413,44.16082684347041,Medium Risk
5707-ORNDZ,0.47371020597440194,47.37102059744019,Medium Risk
0902-XKXPN,0.0003559585327145765,0.03559585327145765,Low Risk
5177-RVZNU,0.020309126394071685,2.0309126394071684,Low Risk
0056-EPFBG,0.001739487143812306,0.1739487143812306,Low Risk
8993-IZEUX,0.3383913776370597,33.83913776370597,Medium Risk
8696-JKZNU,0.5540066238486295,55.400662384862954,Medium Risk
5380-AFSSK,0.8333107091041955,83.33107091041954,High Risk
8190-ZTQFB,0.16620167906051536,16.620167906051535,Low Risk
0931-MHTEM,0.14160430320442788,14.160430320442789,Low Risk
2055-PDADH,0.6908946638599249,69.0894663859925,High Risk
7515-LODFU,0.0005680676288042861,0.05680676288042861,Low Risk
0440-UEDAI,0.11149404919079045,11.149404919079045,Low Risk
1337-BOZWO,0.11455960852987068,11.455960852987069,Low Risk
0868-VJRDR,0.0028591064510113304,0.28591064510113307,Low Risk
8714-EUHJO,0.5847603803734939,58.47603803734939,Medium Risk
6344-SFJVH,0.2035172258125243,20.351722581252428,Low Risk
3950-VPYJB,0.02781501651850604,2.781501651850604,Low Risk
8041-TMEID,0.008163011896611566,0.8163011896611566,Low Risk
7321-ZNSLA,0.0026007781310142517,0.2600778131014252,Low Risk
6941-KXRRV,0.16778599430871702,16.7785994308717,Low Risk
3721-CNEYS,0.6198486151861939,61.9848615186194,High Risk
8727-JQFHV,0.0008486671317395235,0.08486671317395235,Low Risk
9475-NNDGC,0.10583900799815482,10.583900799815481,Low Risk
1355-KUSBG,0.45611766539406595,45.611766539406595,Medium Risk
3688-FTHLT,0.4058164817421651,40.58164817421651,Medium Risk
0899-LIIBW,0.49801531759515455,49.801531759515456,Medium Risk
2568-OIADY,0.7014549010915178,70.14549010915178,High Risk
1384-RCUXW,0.5515120824485612,55.15120824485612,Medium Risk
5825-XJOCM,0.0628318648404684,6.2831864840468405,Low Risk
6848-YLDFR,0.06617454584100663,6.6174545841006625,Low Risk
8125-QPFJD,0.0020809306789277707,0.20809306789277707,Low Risk
2320-YKQBO,0.16159604029492028,16.159604029492026,Low Risk
1193-RTSLK,0.33813003626635557,33.813003626635556,Medium Risk
2302-ANTDP,0.4344079049288275,43.440790492882755,Medium Risk
5923-GXUOC,0.6633425847648955,66.33425847648955,High Risk
4973-RLZVI,0.05593709191776564,5.593709191776564,Low Risk
7869-ZYDST,0.31983739841063913,31.98373984106391,Medium Risk
4501-UYKBC,0.14046716731426723,14.046716731426724,Low Risk
1215-EXRMO,0.0011232356942322507,0.11232356942322506,Low Risk
2305-MRGLV,0.17708090655170874,17.708090655170874,Low Risk
8404-VIOMB,0.0014659334206312603,0.14659334206312602,Low Risk
5233-GEEAX,0.5299487353216654,52.994873532166544,Medium Risk
2359-KLTEK,0.3986577178271162,39.86577178271162,Medium Risk
5304-EFJLP,0.007400517529934579,0.7400517529934579,Low Risk
2673-ZALNP,0.08175626104316462,8.175626104316462,Low Risk
9184-GALIL,0.07530251195945463,7.530251195945463,Low Risk
4393-RYCRE,0.22869439807921083,22.869439807921083,Low Risk
9746-MDMBK,0.10247222022645529,10.247222022645529,Low Risk
3162-ZJZFU,0.21565861802288347,21.565861802288346,Low Risk
8404-GFGCZ,0.48502088366136104,48.50208836613611,Medium Risk
8875-AKBYH,0.6069379191360947,60.69379191360947,High Risk
4432-ADRLB,0.5538320416680969,55.38320416680968,Medium Risk
0533-UCAAU,0.16001646563866237,16.001646563866238,Low Risk
1394-SUIUH,0.20209235682911716,20.209235682911718,Low Risk
3521-MNKLV,0.3848441146696731,38.48441146696731,Medium Risk
2533-TIBIX,0.12783647241526458,12.783647241526458,Low Risk
8993-PHFWD,0.36657667883412526,36.65766788341253,Medium Risk
1565-RHDJD,0.5928889635102339,59.28889635102339,Medium Risk
7137-RYLPP,0.6543626840175518,65.43626840175519,High Risk
3765-JXVKY,0.6866131567639626,68.66131567639626,High Risk
5092-STPKP,0.08803096379029669,8.80309637902967,Low Risk
7330-WZLNC,0.7617154441755247,76.17154441755247,High Risk
0114-PEGZZ,0.5481590868167822,54.815908681678216,Medium Risk
3359-DSRKA,0.0012176713786566614,0.12176713786566613,Low Risk
8639-NHQEI,0.003662998948311487,0.36629989483114866,Low Risk
7161-DFHUF,0.0009462243710741653,0.09462243710741652,Low Risk
3957-LXOLK,0.8045216830072283,80.45216830072283,High Risk
3720-DBRWL,0.002680616528939805,0.2680616528939805,Low Risk
6635-MYYYZ,0.12421598838075407,12.421598838075406,Low Risk
8565-WUXZU,0.0016856390611469448,0.1685639061146945,Low Risk
5281-BUZGT,0.47316457454450217,47.316457454450216,Medium Risk
4994-OBRSZ,0.0031347324820042628,0.31347324820042627,Low Risk
0562-FGDCR,0.001743013447526058,0.1743013447526058,Low Risk
2436-QBZFP,0.27889569449222756,27.889569449222755,Low Risk
3420-YJLQT,0.5424525446910322,54.24525446910322,Medium Risk
6040-CGACY,0.13793806740323394,13.793806740323394,Low Risk
6582-PLFUU,0.0005932916868098541,0.059329168680985415,Low Risk
8242-PDSGJ,0.0005518400506104161,0.05518400506104161,Low Risk
0264-CNITK,0.00037652124604734975,0.03765212460473497,Low Risk
0089-IIQKO,0.3157229843648266,31.57229843648266,Medium Risk
7839-NUIAA,0.11779112385252934,11.779112385252933,Low Risk
6075-QMNRR,0.1021490804994481,10.21490804994481,Low Risk
5378-IKEEG,0.5537165508616088,55.37165508616088,Medium Risk
5966-EMAZU,0.12212718010558568,12.212718010558568,Low Risk
0440-EKDCF,0.0017921420526258944,0.17921420526258944,Low Risk
4774-HHGGS,0.001920466715371331,0.1920466715371331,Low Risk
2718-GAXQD,0.5742500786946618,57.425007869466185,Medium Risk
2055-BFOCC,0.05758938895692101,5.7589388956921015,Low Risk
8180-AKMJV,0.37125803778162414,37.125803778162414,Medium Risk
4298-OYIFC,0.522452301367889,52.2452301367889,Medium Risk
5566-SOEZD,0.1071001589095931,10.71001589095931,Low Risk
9842-EFSYY,0.5061122506538245,50.61122506538245,Medium Risk
2272-WUSPA,0.00977460469684151,0.9774604696841511,Low Risk
4584-LBNMK,0.02930820043465583,2.9308200434655833,Low Risk
3898-GUYTS,0.2985195852168266,29.851958521682658,Low Risk
0930-EHUZA,0.09986664589761686,9.986664589761686,Low Risk
6413-XKKPU,0.5181148257897605,51.811482578976054,Medium Risk
9975-SKRNR,0.16572169815245485,16.572169815245484,Low Risk
3703-KBKZP,0.47065273298269633,47.06527329826963,Medium Risk
1449-XQEMT,0.2967665037462026,29.676650374620262,Low Risk
2626-URJFX,0.5780510376390184,57.80510376390184,Medium Risk
4973-MGTON,0.001870794536498784,0.1870794536498784,Low Risk
3682-YEUWS,0.20707071646179492,20.707071646179493,Low Risk
1223-UNPKS,0.0022588097222612925,0.22588097222612924,Low Risk
2612-RRIDN,0.6863839644727197,68.63839644727196,High Risk
4735-ASGMA,0.6941852769648669,69.41852769648669,High Risk
3446-QDSZF,0.363389858521755,36.3389858521755,Medium Risk
3669-LVWZB,0.6503838953121429,65.03838953121429,High Risk
6892-EZDTG,0.7609553621137914,76.09553621137914,High Risk
5117-IFGPS,0.572326157205971,57.2326157205971,Medium Risk
7379-FNIUJ,0.4841803115875068,48.41803115875068,Medium Risk
1627-AFWVJ,0.0022105979758609115,0.22105979758609115,Low Risk
9725-SCPZG,0.7488914832988876,74.88914832988876,High Risk
5884-GCYMI,0.6367650360299287,63.676503602992874,High Risk
3217-FZDMN,0.7694255678681092,76.94255678681093,High Risk
4486-EFAEB,0.13766092326706114,13.766092326706115,Low Risk
0060-FUALY,0.2786714861237175,27.86714861237175,Low Risk
7853-GVUDZ,0.20854814780208497,20.854814780208496,Low Risk
7480-QNVZJ,0.670104493065499,67.0104493065499,High Risk
6954-OOYZZ,0.26880465818161875,26.880465818161873,Low Risk
7088-FBAWU,0.38482651573305093,38.48265157330509,Medium Risk
8313-AFGBW,0.009942625104220294,0.9942625104220294,Low Risk
3943-KDREE,0.5129130027063102,51.29130027063103,Medium Risk
9239-ZBZZV,0.636248041784533,63.624804178453296,High Risk
3097-IDVPU,0.24887540182937112,24.887540182937112,Low Risk
4398-HSCJH,0.5688423074450912,56.884230744509125,Medium Risk
2197-OMWGI,0.007767599294538088,0.7767599294538088,Low Risk
2303-PJYHN,0.10769031890435014,10.769031890435015,Low Risk
9795-VOWON,0.12815080294555775,12.815080294555775,Low Risk
1237-WIYYZ,0.16121999078199298,16.1219990781993,Low Risk
1987-AUELQ,0.0005508565453146887,0.05508565453146887,Low Risk
7852-LECYP,0.4111273990169436,41.11273990169436,Medium Risk
4430-UZIPO,0.38706994652396326,38.706994652396325,Medium Risk
4822-LPTYJ,0.009659362884649835,0.9659362884649836,Low Risk
8165-CBKXO,0.0034773501203531477,0.34773501203531476,Low Risk
6527-PZFPV,0.03287856303079375,3.287856303079375,Low Risk
4855-SNKMY,0.593351841475085,59.3351841475085,Medium Risk
9593-CVZKR,0.0016514742418716837,0.16514742418716838,Low Risk
8595-SIZNC,0.054033852835732726,5.4033852835732725,Low Risk
8008-HAWED,0.5635863398358794,56.358633983587936,Medium Risk
7124-UGSUR,0.3236426669277938,32.36426669277938,Medium Risk
1862-SKORY,0.4666313460405278,46.66313460405278,Medium Risk
5236-XMZJY,0.1167964324305796,11.67964324305796,Low Risk
4827-DPADN,0.0019388390173254685,0.19388390173254685,Low Risk
2694-CIUMO,0.3210747036115874,32.10747036115874,Medium Risk
5846-ABOBJ,0.00048152898182233996,0.048152898182234,Low Risk
1439-LCGVL,0.05001135245711568,5.001135245711568,Low Risk
0909-SDHNU,0.2418254313686483,24.18254313686483,Low Risk
4647-XXZAM,0.3978011464839506,39.780114648395056,Medium Risk
1502-XFCVR,0.27760470363407763,27.760470363407762,Low Risk
7740-KKCXF,0.11822000719529012,11.822000719529012,Low Risk
5360-XGYAZ,0.0009813120988940943,0.09813120988940943,Low Risk
9692-TUSXH,0.5479697416744819,54.796974167448184,Medium Risk
7912-SYRQT,0.5523702139574808,55.23702139574807,Medium Risk
3557-HTYWR,0.0036752151012231027,0.36752151012231027,Low Risk
4816-JBHOV,0.6342626145271886,63.426261452718855,High Risk
8920-NAVAY,0.18711085211916598,18.711085211916597,Low Risk
1699-TLDLZ,0.0027576384309086445,0.27576384309086444,Low Risk
5600-PDUJF,0.2202245642598405,22.02245642598405,Low Risk
8292-TYSPY,0.29300735110106607,29.300735110106608,Low Risk
0567-XRHCU,0.001463783448036543,0.1463783448036543,Low Risk
1867-BDVFH,0.5783875731531963,57.83875731531963,Medium Risk
2067-QYTCF,0.3315557146998135,33.155571469981346,Medium Risk
2359-QWQUL,0.17673794656008174,17.673794656008173,Low Risk
9103-TCIHJ,0.395676837146095,39.567683714609494,Medium Risk
7407-SUJIZ,0.10061435067008087,10.061435067008087,Low Risk
9150-KPBJQ,0.0023059479502156653,0.23059479502156652,Low Risk
0052-DCKON,0.059128369913231026,5.912836991323102,Low Risk
3654-ARMGP,0.003800259554244007,0.3800259554244007,Low Risk
9699-UBQFS,0.419247791508454,41.924779150845396,Medium Risk
9367-TCUYN,0.15484291192841504,15.484291192841503,Low Risk
1261-FWTTE,0.2945564283198953,29.455642831989532,Low Risk
3528-HFRIQ,0.1970635459015342,19.706354590153417,Low Risk
0708-SJDIS,0.27453390316627013,27.453390316627015,Low Risk
4140-WJAWW,0.17200728142416757,17.200728142416757,Low Risk
2073-QBVBI,0.05755593989511869,5.755593989511869,Low Risk
6928-ONTRW,0.00037923262356223713,0.03792326235622371,Low Risk
3320-VEOYC,0.7015452367126814,70.15452367126814,High Risk
5231-FIQPA,0.0021067669176038565,0.21067669176038564,Low Risk
6617-WLBQC,0.12350841259354044,12.350841259354043,Low Risk
2599-CIPQE,0.001926920700512885,0.1926920700512885,Low Risk
6653-CBBOM,0.6657217093250515,66.57217093250514,High Risk
8774-GSBUN,0.0008132854090513028,0.08132854090513028,Low Risk
7326-RIGQZ,0.46273850750508416,46.273850750508416,Medium Risk
1401-FTHFQ,0.03404274349165593,3.4042743491655933,Low Risk
3247-ZVOUO,0.7275335036839627,72.75335036839627,High Risk
0254-FNMCI,0.004252857332952545,0.42528573329525454,Low Risk
1848-LBZHY,0.2615040411720926,26.15040411720926,Low Risk
6101-IMRMM,0.7440142455781642,74.40142455781643,High Risk
8118-TJAFG,0.47538628976386055,47.53862897638606,Medium Risk
5429-LWCMV,0.6278364228824682,62.783642288246824,High Risk
7298-IZWLY,0.21782424416995094,21.782424416995095,Low Risk
9758-MFWGD,0.06237283120438007,6.237283120438007,Low Risk
3955-JBZZM,0.4271806124570526,42.71806124570526,Medium Risk
1268-ASBGA,0.7039916923465532,70.39916923465532,High Risk
8943-URTMR,0.7574216270795091,75.74216270795091,High Risk
4815-TUMEQ,0.09286930163094335,9.286930163094336,Low Risk
4713-LZDRV,0.7645561244987792,76.45561244987792,High Risk
9909-IDLEK,0.3872239059840753,38.72239059840753,Medium Risk
4092-OFQZS,0.052481479777071224,5.248147977707123,Low Risk
1561-BWHIN,0.04866006430697438,4.866006430697438,Low Risk
4325-NFSKC,0.6230795094251438,62.30795094251438,High Risk
9927-DSWDF,0.3199451991555042,31.994519915550416,Medium Risk
9500-LTVBP,0.19243565992428935,19.243565992428934,Low Risk
7252-NTGSS,0.4946057566835299,49.46057566835299,Medium Risk
8149-AIQCG,0.3059767639261251,30.59767639261251,Medium Risk
1360-JYXKQ,0.22624013142022864,22.624013142022864,Low Risk
2955-PSXOE,0.2179823176904341,21.79823176904341,Low Risk
7762-URZQH,0.010685325317240837,1.0685325317240837,Low Risk
0899-WZRSD,0.24659079362303007,24.659079362303007,Low Risk
3255-GRXMG,0.259160965525078,25.9160965525078,Low Risk
4828-FAZPK,0.4300677267650362,43.006772676503616,Medium Risk
6094-ZIVKX,0.036695038966502086,3.6695038966502085,Low Risk
6925-BAYGL,0.001213620859068497,0.1213620859068497,Low Risk
3262-EIDHV,0.0014920063054852126,0.14920063054852126,Low Risk
7354-OIJLX,0.5132224157103448,51.322241571034475,Medium Risk
1376-HHBDV,0.2659165800086451,26.59165800086451,Low Risk
6907-NZZIJ,0.7087858693834922,70.87858693834922,High Risk
6133-OZILE,0.20084762732901068,20.08476273290107,Low Risk
4135-FRWKJ,0.06499425641125374,6.499425641125374,Low Risk
2911-UREFD,0.29582837912090737,29.58283791209074,Low Risk
3744-ZRRDZ,0.6114807193765115,61.14807193765115,High Risk
5673-TIYIB,0.2973474173046422,29.734741730464222,Low Risk
6551-ZCOTS,0.049505002532432514,4.950500253243251,Low Risk
7191-ADRGF,0.004930655955163871,0.49306559551638707,Low Risk
5018-LXQQG,0.09388575495243101,9.388575495243101,Low Risk
6892-BOGQE,0.000537276121096247,0.0537276121096247,Low Risk
1602-IJQQE,0.645451639711001,64.5451639711001,High Risk
4628-WQCQQ,0.3675134926345234,36.75134926345234,Medium Risk
1746-TGTWV,0.4594988636679377,45.94988636679377,Medium Risk
5995-SNNEW,0.7008110044645055,70.08110044645055,High Risk
8050-WYBND,0.18171089713587996,18.171089713587996,Low Risk
2821-WARNZ,0.015533165464107983,1.5533165464107983,Low Risk
4879-GZLFH,0.4918621475040076,49.18621475040076,Medium Risk
1644-IRKSF,0.4804877305684495,48.04877305684495,Medium Risk
8314-HTWVE,0.0035449043458180354,0.3544904345818035,Low Risk
9402-ROUMJ,0.05427404588847365,5.427404588847365,Low Risk
2507-QZPQS,0.39568267038861915,39.56826703886192,Medium Risk
7159-NOKYQ,0.011926763877814458,1.192676387781446,Low Risk
5707-ZMDJP,0.002504360841977734,0.25043608419777336,Low Risk
8779-YIQQA,0.04632911519888061,4.6329115198880615,Low Risk
7136-IHZJA,0.16735866379159156,16.735866379159155,Low Risk
8966-OIQHG,0.028928135003374367,2.8928135003374367,Low Risk
7074-STDCN,0.1736303927104868,17.36303927104868,Low Risk
3705-PSNGL,0.03188202074451747,3.1882020744517474,Low Risk
8739-QOTTN,0.18964233629182678,18.96423362918268,Low Risk
1399-OUPJN,0.0005489572179010136,0.05489572179010136,Low Risk
0277-BKSQP,0.5027439914752768,50.27439914752768,Medium Risk
6502-HCJTI,0.6309012092423606,63.09012092423606,High Risk
2606-RMDHZ,0.31339112751289844,31.339112751289843,Medium Risk
5774-XZTQC,0.14761353266211613,14.761353266211612,Low Risk
2676-SSLTO,0.0035675243222239475,0.3567524322223947,Low Risk
6266-QHOJZ,0.06197633778006533,6.197633778006533,Low Risk
7269-JISCY,0.056429995407070256,5.6429995407070255,Low Risk
0363-SVHYR,0.0014998474862890688,0.14998474862890687,Low Risk
8547-NSBBO,0.24405486267111764,24.405486267111765,Low Risk
8258-GSTJK,0.7137222585352259,71.3722258535226,High Risk
6861-OKBCE,0.14326509090998932,14.326509090998933,Low Risk
9940-RHLFB,0.5847032640973657,58.47032640973657,Medium Risk
6591-QGOYB,0.25810673304322335,25.810673304322336,Low Risk
9070-BCKQP,0.0034226258420882115,0.34226258420882116,Low Risk
6421-SZVEM,0.14472491537981666,14.472491537981666,Low Risk
1328-EUZHC,0.00291259795820513,0.29125979582051303,Low Risk
2995-UPRYS,0.23576785748270535,23.576785748270535,Low Risk
8878-RYUKI,0.3074375168893773,30.74375168893773,Medium Risk
9633-DENPU,0.2410022353162543,24.10022353162543,Low Risk
7811-JIVPF,0.24696691238384705,24.696691238384705,Low Risk
7113-HIPFI,0.0011014980682092228,0.11014980682092228,Low Risk
8541-QVFKM,0.5526828598215906,55.26828598215906,Medium Risk
6686-YPGHK,0.4420372769099402,44.20372769099402,Medium Risk
1383-EZRWL,0.2522108935957074,25.22108935957074,Low Risk
9258-CNWAC,0.002788681911316356,0.2788681911316356,Low Risk
5371-VYLSX,0.368114504093759,36.8114504093759,Medium Risk
6374-AFWOX,0.001988396889307722,0.1988396889307722,Low Risk
4759-TRPLW,0.5867374583042585,58.67374583042585,Medium Risk
5317-FLPJF,0.0012941613483433705,0.12941613483433706,Low Risk
7621-VPNET,0.2484750888289888,24.84750888289888,Low Risk
6034-YMTOB,0.4260256204010145,42.602562040101446,Medium Risk
8563-IIOXK,0.22945890887614817,22.945890887614816,Low Risk
4903-CNOZC,0.17465705299102505,17.465705299102506,Low Risk
4353-HYOJD,0.3282062545599186,32.82062545599186,Medium Risk
8020-BWHYL,0.6175294685348254,61.75294685348254,High Risk
7267-FRMJW,0.0021819975463284085,0.21819975463284086,Low Risk
2982-VPSGI,0.7838014927528696,78.38014927528695,High Risk
4188-FRABG,0.19044502303392205,19.044502303392203,Low Risk
8199-ZLLSA,0.12011001967817081,12.01100196781708,Low Risk
4128-ETESU,0.6175826747333516,61.75826747333516,High Risk
0620-DLSLK,0.5808688146669972,58.08688146669972,Medium Risk
4625-EWPTF,0.3132384072859466,31.32384072859466,Medium Risk
5980-NOPLP,0.6470718721801287,64.70718721801288,High Risk
3850-OKINF,0.06054918435488554,6.0549184354885535,Low Risk
6892-XPFPU,0.7750616507662451,77.50616507662451,High Risk
8010-EZLOU,0.7123224694567915,71.23224694567915,High Risk
1156-ZFYDO,0.17433288392763457,17.43328839276346,Low Risk
3295-YVUSR,0.6765478516487542,67.65478516487542,High Risk
8016-NCFVO,0.3528606004681203,35.286060046812025,Medium Risk
4119-ZYPZY,0.010220031964576786,1.0220031964576786,Low Risk
5549-ZGHFB,0.001316839509843847,0.1316839509843847,Low Risk
7577-SWIFR,0.6493783885601335,64.93783885601336,High Risk
0303-WMMRN,0.1876329710889424,18.76329710889424,Low Risk
6408-OTUBZ,0.06117788992960774,6.117788992960774,Low Risk
5204-HMGYF,0.09452628612863505,9.452628612863505,Low Risk
1078-TDCRN,0.43116541120771,43.116541120771004,Medium Risk
3727-OVPRY,0.014640505577348478,1.4640505577348477,Low Risk
3797-FKOGQ,0.5065283053560173,50.65283053560174,Medium Risk
7622-NXQZR,0.10730426588043525,10.730426588043525,Low Risk
6196-HBOBZ,0.006957392158308598,0.6957392158308597,Low Risk
3970-XGJDU,0.0007212986385281547,0.07212986385281547,Low Risk
7017-VFULY,0.10734230078458992,10.734230078458992,Low Risk
5562-YJQGT,0.12230746403432696,12.230746403432697,Low Risk
8807-OPMBM,0.0009801709990879526,0.09801709990879526,Low Risk
5439-WIKXB,0.5531418898990178,55.31418898990178,Medium Risk
9874-QLCLH,0.6651526543835377,66.51526543835377,High Risk
8294-UIMBA,0.18046217110685556,18.046217110685557,Low Risk
8109-YUOHE,0.12620698637085867,12.620698637085868,Low Risk
5840-NVDCG,0.0031172951316991064,0.31172951316991065,Low Risk
8092-NLTGF,0.0004753452553950138,0.04753452553950138,Low Risk
5928-QLDHB,0.6099958440029275,60.99958440029275,High Risk
9840-EFJQB,0.49834651898596466,49.83465189859647,Medium Risk
0696-UKTOX,0.18170823738556705,18.170823738556706,Low Risk
4801-KFYKL,0.08209885404725287,8.209885404725286,Low Risk
3472-OAOOR,0.20386275589056166,20.386275589056165,Low Risk
6135-OZQVA,0.35592130841409286,35.592130841409286,Medium Risk
8062-YBDOE,0.7115535142111602,71.15535142111602,High Risk
2252-JHJGE,0.14550205617992357,14.550205617992356,Low Risk
4188-PCPIG,0.0016265812041027017,0.16265812041027017,Low Risk
6000-APYLU,0.6346804254303147,63.468042543031466,High Risk
7105-BENQF,0.1671593002213867,16.71593002213867,Low Risk
7721-DVEKZ,0.1793344009773745,17.93344009773745,Low Risk
3566-VVORZ,0.26289837326943855,26.289837326943854,Low Risk
9507-HSMMZ,0.0010349864561586628,0.10349864561586627,Low Risk
2480-SQIOB,0.3403581200964224,34.03581200964224,Medium Risk
0947-IDHRQ,0.7372503379705956,73.72503379705955,High Risk
7813-TKCVO,0.05690256571329251,5.690256571329251,Low Risk
0128-MKWSG,0.13173585565634852,13.173585565634852,Low Risk
3672-YITQD,0.6209455211478538,62.09455211478539,High Risk
4350-ZTLPI,0.16812106541534125,16.812106541534124,Low Risk
9048-JVYVF,0.4977843541574106,49.778435415741065,Medium Risk
0361-HJRDX,0.001074705830431079,0.1074705830431079,Low Risk
5727-MYATE,0.0018682928870033537,0.18682928870033538,Low Risk
3823-KYNQY,0.047279806142052794,4.727980614205279,Low Risk
8988-ECPJR,0.6034657250621613,60.346572506216134,High Risk
7570-WELNY,0.003242168724485485,0.3242168724485485,Low Risk
3021-VLNRJ,0.03927899136904401,3.927899136904401,Low Risk
3776-EKTKM,0.6265093173910602,62.65093173910602,High Risk
2080-CAZNM,0.6497295658937543,64.97295658937543,High Risk
1028-FFNJK,0.49298406174238163,49.29840617423816,Medium Risk
6907-FLBER,0.44131934467915707,44.131934467915706,Medium Risk
3001-UNBTL,0.6266418443733053,62.664184437330526,High Risk
5982-PSMKW,0.006612651902399092,0.6612651902399092,Low Risk
3507-GASNP,0.0008038416606865811,0.08038416606865811,Low Risk
7096-ZNBZI,0.0005268520227771404,0.05268520227771404,Low Risk
1902-XBTFB,0.5709968322133723,57.09968322133723,Medium Risk
1676-MQAOA,0.0011079049919056894,0.11079049919056894,Low Risk
0786-IVLAW,0.21655869638101283,21.655869638101283,Low Risk
7566-DSRLQ,0.009002716266320295,0.9002716266320295,Low Risk
0643-OKLRP,0.39296618719726883,39.29661871972689,Medium Risk
7245-JMTTQ,0.22999456374596158,22.999456374596157,Low Risk
6050-IJRHS,0.24424374802040025,24.424374802040024,Low Risk
6202-JVYEU,0.0728558017994637,7.28558017994637,Low Risk
8591-TKMZH,0.006158118442909026,0.6158118442909026,Low Risk
0734-OXWBT,0.39940626425954107,39.94062642595411,Medium Risk
4282-ACRXS,0.24383751737948592,24.383751737948593,Low Risk
0365-TRTPY,0.2132176859749287,21.32176859749287,Low Risk
7349-ALMUX,0.0014227205831273914,0.14227205831273915,Low Risk
9381-NDKME,0.4669760515155991,46.69760515155991,Medium Risk
6502-KUGLL,0.10555735527607162,10.555735527607162,Low Risk
1841-YSJGV,0.0030164036220398692,0.30164036220398693,Low Risk
2794-XIMMO,0.144521573464426,14.4521573464426,Low Risk
8382-SHQEH,0.7432695222564162,74.32695222564162,High Risk
3511-BFTJW,0.0007060016108404679,0.07060016108404679,Low Risk
7668-XCFYV,0.7982420904631466,79.82420904631466,High Risk
2983-ZANRP,0.5865892507811479,58.65892507811479,Medium Risk
7845-URHJN,0.1569871225935146,15.69871225935146,Low Risk
3034-ZBEQN,0.15230799373773607,15.230799373773607,Low Risk
5018-HEKFO,0.2212436196106242,22.12436196106242,Low Risk
3976-NLDEZ,0.162443454418759,16.2443454418759,Low Risk
2282-YGNOR,0.041907008658931426,4.190700865893143,Low Risk
5336-UFNZP,0.3255068200598954,32.55068200598954,Medium Risk
6854-EXGSF,0.3053191119896123,30.531911198961232,Medium Risk
1241-EZFMJ,0.0006167008006124246,0.061670080061242465,Low Risk
9233-PSYHO,0.385085557174578,38.508555717457796,Medium Risk
5376-PCKNB,0.1673004271435441,16.73004271435441,Low Risk
8044-BGWPI,0.12909100171452165,12.909100171452165,Low Risk
4060-LDNLU,0.7030895336002527,70.30895336002527,High Risk
3589-PPVKW,0.4863216036948381,48.63216036948381,Medium Risk
8327-LZKAS,0.4275821202716559,42.758212027165584,Medium Risk
5887-IKKYO,0.0036510747823137995,0.36510747823137996,Low Risk
1075-BGWOH,0.8156322349360345,81.56322349360346,High Risk
1755-RMCXH,0.148636682668124,14.863668266812398,Low Risk
0302-JOIVN,0.7413516363261013,74.13516363261013,High Risk
3858-XHYJO,0.1789964004126652,17.899640041266522,Low Risk
4299-SIMNS,0.3892605768169446,38.92605768169446,Medium Risk
7025-IWFHT,0.1534056112159027,15.340561121590271,Low Risk
6261-LHRTG,0.2984247166504024,29.842471665040236,Low Risk
7841-FCRQD,0.0766239319967218,7.662393199672179,Low Risk
2056-EVGZL,0.0706281962747074,7.0628196274707395,Low Risk
8777-MBMTS,0.007866384348256407,0.7866384348256407,Low Risk
7753-USQYQ,0.0838728978092645,8.38728978092645,Low Risk
5366-IJEQJ,0.6882647259412468,68.82647259412468,High Risk
7661-CPURM,0.15592020812974464,15.592020812974464,Low Risk
6233-HXJMX,0.4483067791225042,44.83067791225042,Medium Risk
5902-WBLSE,0.0005208605257456184,0.05208605257456184,Low Risk
1981-INRFU,0.7204490243378651,72.0449024337865,High Risk
4971-PUYQO,0.7622517702258532,76.22517702258533,High Risk
3239-TPHPZ,0.003647274345464071,0.3647274345464071,Low Risk
5115-GZDEL,0.0007636776365698456,0.07636776365698456,Low Risk
3338-CVVEH,0.5893154643410682,58.93154643410682,Medium Risk
8485-GJCDN,0.7555939033220207,75.55939033220207,High Risk
2615-YVMYX,0.3666014608590424,36.66014608590424,Medium Risk
2851-STERV,0.2154235245755875,21.54235245755875,Low Risk
4393-GEADV,0.002451185587864986,0.2451185587864986,Low Risk
8486-AYEQH,0.43302747476998094,43.30274747699809,Medium Risk
1527-SXDPN,0.00926352417963429,0.926352417963429,Low Risk
6029-WTIPC,0.7399248869295586,73.99248869295586,High Risk
8634-CILSZ,0.17386705479812417,17.386705479812417,Low Risk
5419-JKZNQ,0.4704660541705912,47.04660541705912,Medium Risk
2495-KZNFB,0.3803015660286527,38.030156602865276,Medium Risk
1409-PHXTF,0.01596723355270129,1.5967233552701288,Low Risk
4560-WQAQW,0.03189589809046842,3.189589809046842,Low Risk
9591-YVTEB,0.1739173866745083,17.39173866745083,Low Risk
9309-BZGNT,0.050680553514995945,5.068055351499594,Low Risk
4274-DRSQT,0.1508153342394144,15.08153342394144,Low Risk
2027-DNKIV,0.05899038561669081,5.899038561669081,Low Risk
8075-GXIUB,0.05480918023685322,5.480918023685321,Low Risk
2885-HIJDH,0.0013822666898992142,0.13822666898992142,Low Risk
5424-RLQLC,0.5195641856514681,51.95641856514681,Medium Risk
6682-QJDGB,0.19420833894577913,19.420833894577914,Low Risk
6507-DTJZV,0.3527601708518722,35.27601708518722,Medium Risk
8780-IXSTS,0.7598326079603405,75.98326079603405,High Risk
7673-BQGKU,0.0003966819461675434,0.03966819461675434,Low Risk
6723-WSNTY,0.1806363067634806,18.063630676348062,Low Risk
9530-EHPOH,0.5369404197897225,53.69404197897225,Medium Risk
2725-IWWBA,0.037922341065055945,3.7922341065055947,Low Risk
0345-HKJVM,0.7217170908370042,72.17170908370042,High Risk
1061-PNTHC,0.27008604625938437,27.00860462593844,Low Risk
0394-YONDK,0.0004601472717597344,0.04601472717597344,Low Risk
6574-MCOEH,0.20670284138629386,20.670284138629384,Low Risk
7399-QHBJS,0.0007231653943308363,0.07231653943308364,Low Risk
3049-SOLAY,0.8077762159952012,80.77762159952012,High Risk
0997-YTLNY,0.22998772820542715,22.998772820542715,Low Risk
3317-HRTNN,0.6283308466278321,62.833084662783214,High Risk
9479-HYNYL,0.003138734973415118,0.31387349734151176,Low Risk
3235-ETOOB,0.4875522195636711,48.75522195636711,Medium Risk
9708-KFDBY,0.10244601507023299,10.2446015070233,Low Risk
8058-INTPH,0.724777841125176,72.4777841125176,High Risk
3642-GKTCT,0.15081376931634172,15.081376931634171,Low Risk
0774-RMNUW,0.0007759977461075449,0.0775997746107545,Low Risk
1334-PDUKM,0.09524374033579708,9.524374033579708,Low Risk
0756-MPZRL,0.029363629413026223,2.9363629413026224,Low Risk
2242-MFOTG,0.09231989315809883,9.231989315809882,Low Risk
2927-CVULT,0.0037317940486464424,0.37317940486464424,Low Risk
2144-BFDSO,0.3853122280731303,38.53122280731303,Medium Risk
8745-PVESG,0.018508417843501577,1.8508417843501577,Low Risk
7647-GYYKX,0.000766023462174278,0.0766023462174278,Low Risk
5647-FXOTP,0.5545257440869826,55.45257440869826,Medium Risk
5569-OUICF,0.5871754126848646,58.717541268486464,Medium Risk
8821-XNHVZ,0.7034081976897516,70.34081976897517,High Risk
2082-OJVTK,0.6413354932092966,64.13354932092966,High Risk
9700-ISPUP,0.3563654717706641,35.636547177066404,Medium Risk
9839-ETQOE,0.12286146463136194,12.286146463136195,Low Risk
6078-VESFR,0.37524745258291003,37.524745258291006,Medium Risk
9027-TMATR,0.004850599286744654,0.4850599286744654,Low Risk
5940-NFXKV,0.6664567756241291,66.64567756241291,High Risk
1941-HOSAM,0.6278979503218021,62.78979503218021,High Risk
9110-HSGTV,0.0017627841869736513,0.17627841869736513,Low Risk
0704-VCUMB,0.000553847317834277,0.055384731783427704,Low Risk
6171-ZTVYB,0.06801125980115595,6.801125980115595,Low Risk
8053-WWDRO,0.10847823840112171,10.847823840112172,Low Risk
9564-KCLHR,0.4195869103605557,41.95869103605557,Medium Risk
1935-IMVBB,0.3742844960700286,37.42844960700286,Medium Risk
2535-PBCGC,0.0009780731009108852,0.09780731009108852,Low Risk
2082-CEFLT,0.5625562542320306,56.25562542320306,Medium Risk
1470-PSXNM,0.2511308392307946,25.11308392307946,Low Risk
1213-NGCUN,0.3501320708694054,35.01320708694054,Medium Risk
2498-XLDZR,0.004084366265237166,0.40843662652371665,Low Risk
9866-OCCKE,0.008101805308118076,0.8101805308118076,Low Risk
5338-YHWYT,0.0012075674365486914,0.12075674365486914,Low Risk
7718-UPSKJ,0.057793831869223926,5.779383186922392,Low Risk
8731-WBBMB,0.24644431467511083,24.644431467511083,Low Risk
1448-CYWKC,0.22900256382455145,22.900256382455144,Low Risk
7901-IIDQV,0.07473943122642251,7.473943122642251,Low Risk
2690-DVRVK,0.057091404004257475,5.709140400425747,Low Risk
5688-KZTSN,0.19929906866712577,19.929906866712578,Low Risk
1270-XKUCC,0.0019464007120012102,0.19464007120012103,Low Risk
0334-ZFJSR,0.033823051446388905,3.3823051446388903,Low Risk
2894-QOJRX,0.3558887022759156,35.58887022759156,Medium Risk
5747-PMBSQ,0.7006057607024552,70.06057607024552,High Risk
5583-EJXRD,0.0014954467100439374,0.14954467100439373,Low Risk
4565-EVZMJ,0.05609414327870283,5.609414327870283,Low Risk
3143-JQEGI,0.6802289839979375,68.02289839979375,High Risk
6386-SZZKH,0.01654570541728561,1.654570541728561,Low Risk
3327-YBAKM,0.1026477679763037,10.26477679763037,Low Risk
9441-QHEVC,0.16533331798855327,16.53333179885533,Low Risk
6705-LNMDD,0.21841818793301626,21.841818793301627,Low Risk
2580-ASVVY,0.00189236111326753,0.189236111326753,Low Risk
3370-GQEAL,0.4053866162676511,40.53866162676511,Medium Risk
5032-USPKF,0.13165336518557633,13.165336518557632,Low Risk
2982-IHMFT,0.8030398172359221,80.30398172359222,High Risk
3521-SYVOR,0.5626009961146966,56.26009961146966,Medium Risk
4254-QPEDE,0.0015059107822598243,0.15059107822598242,Low Risk
6283-GITPX,0.0010484308341590718,0.10484308341590719,Low Risk
9526-JAWYF,0.5803958091372726,58.039580913727264,Medium Risk
0771-CHWSK,0.0031254060967803817,0.31254060967803815,Low Risk
9788-HNGUT,0.003277292286401432,0.3277292286401432,Low Risk
9495-REDIY,0.0678517244192865,6.785172441928649,Low Risk
5375-XLDOF,0.0031716658197946885,0.31716658197946884,Low Risk
1172-VIYBP,0.0025877881193300174,0.25877881193300173,Low Risk
5649-VUKMC,0.585213328306457,58.5213328306457,Medium Risk
6559-PDZLR,0.4227343917165983,42.27343917165983,Medium Risk
8992-OBVDG,0.4125336274829206,41.25336274829206,Medium Risk
4273-MBHYA,0.6572941327859799,65.72941327859799,High Risk
4724-WXVWF,0.2216623076709428,22.16623076709428,Low Risk
5701-GUXDC,0.051624196901069036,5.162419690106904,Low Risk
1460-UZPRJ,0.0008725174683835556,0.08725174683835557,Low Risk
6082-GLJIX,0.11862130627322766,11.862130627322767,Low Risk
5143-EGQFK,0.39198335764332404,39.198335764332406,Medium Risk
4919-IKATY,0.4981484418818164,49.81484418818164,Medium Risk
2495-TTHBQ,0.09660830417944602,9.660830417944602,Low Risk
0485-ZBSLN,0.0005277585399377544,0.052775853993775435,Low Risk
3810-PJUHR,0.000779243691508927,0.07792436915089271,Low Risk
9050-QLROH,0.572361166337338,57.2361166337338,Medium Risk
0847-HGRML,0.0004351786860306115,0.04351786860306115,Low Risk
8232-CTLKO,0.0028807130939678743,0.28807130939678743,Low Risk
9227-YBAXE,0.002248797516036403,0.22487975160364032,Low Risk
6168-WFVVF,0.7229417039652016,72.29417039652016,High Risk
9860-LISIZ,0.09304981258264218,9.304981258264219,Low Risk
0112-QAWRZ,0.4597666511745081,45.97666511745081,Medium Risk
0877-SDMBN,0.2527239168988905,25.27239168988905,Low Risk
2786-GCDPI,0.453954787999598,45.3954787999598,Medium Risk
4043-MKDTV,0.006523246778575822,0.6523246778575822,Low Risk
8065-YKXKD,0.6729942143020604,67.29942143020604,High Risk
9637-EIHEQ,0.4558074507826996,45.580745078269956,Medium Risk
9229-RQABD,0.06925079640665009,6.925079640665009,Low Risk
8313-KTIHG,0.34327039217598965,34.327039217598966,Medium Risk
5320-BRKGK,0.002457151809252405,0.2457151809252405,Low Risk
6284-KMNUF,0.1954603583762454,19.54603583762454,Low Risk
9689-PTNPG,0.6971719661974097,69.71719661974097,High Risk
9465-RWMXL,0.5005282139385818,50.05282139385818,Medium Risk
6229-UOLQL,0.03395122818310339,3.395122818310339,Low Risk
2362-IBOOY,0.604182691931126,60.41826919311259,High Risk
3137-LUPIX,0.5320347709556643,53.203477095566434,Medium Risk
0843-WTBXE,0.366157130208982,36.6157130208982,Medium Risk
6143-JQKEA,0.3051426863042142,30.51426863042142,Medium Risk
8676-OOQEJ,0.1763768330702245,17.63768330702245,Low Risk
5515-IDEJJ,0.2408756741732608,24.08756741732608,Low Risk
9701-CDXHR,0.28921917876504627,28.921917876504626,Low Risk
7450-NWRTR,0.8280455622325857,82.80455622325857,High Risk
8124-NZVGJ,0.2282492128163516,22.82492128163516,Low Risk
2162-FRZAA,0.0008233758165023406,0.08233758165023405,Low Risk
5376-DEQCP,0.6266942143393353,62.66942143393352,High Risk
5118-MUEYH,0.3101667239312541,31.01667239312541,Medium Risk
9095-HFAFX,0.6295490940299701,62.954909402997004,High Risk
5627-TVBPP,0.028816897087060877,2.8816897087060878,Low Risk
2379-ENZGV,0.6997376280929403,69.97376280929403,High Risk
3936-QQFLL,0.16115391536264592,16.115391536264593,Low Risk
2589-AYCRP,0.016096239433260794,1.6096239433260793,Low Risk
4067-HLYQI,0.29852111796295955,29.852111796295954,Low Risk
5124-EOGYE,0.0018616103615697408,0.18616103615697407,Low Risk
5057-RKGLH,0.0033423659599153836,0.3342365959915384,Low Risk
0292-WEGCH,0.2819482328353659,28.19482328353659,Low Risk
8910-ICHIU,0.12516805260060065,12.516805260060066,Low Risk
4097-YODCF,0.2571851361306385,25.71851361306385,Low Risk
9715-WZCLW,0.006839318072005661,0.683931807200566,Low Risk
9786-YWNHU,0.0013683515892759064,0.13683515892759063,Low Risk
6407-GSJNL,0.0009085828716884627,0.09085828716884628,Low Risk
6005-OBZPH,0.7463026474822411,74.6302647482241,High Risk
4049-ZPALD,0.005812383687276107,0.5812383687276107,Low Risk
7932-WPTDS,0.5638487214165274,56.38487214165274,Medium Risk
3733-UOCWF,0.0914134983544749,9.14134983544749,Low Risk
6833-JMZYP,0.635787637357642,63.5787637357642,High Risk
2722-VOJQL,0.19203466534216151,19.20346653421615,Low Risk
1310-QRITU,0.4178975566736138,41.789755667361376,Medium Risk
8961-QDZZJ,0.2406121042719676,24.061210427196762,Low Risk
9715-SBVSU,0.006889027181050588,0.6889027181050589,Low Risk
8490-BXHEO,0.5634961659567329,56.34961659567329,Medium Risk
7173-TETGO,0.002962373826948407,0.2962373826948407,Low Risk
7929-SKFGK,0.0027303771730450635,0.2730377173045063,Low Risk
2300-RQGOI,0.0017389844241923658,0.17389844241923658,Low Risk
3563-SVYLG,0.0006487925127121906,0.06487925127121906,Low Risk
5228-EXCET,0.611906047709903,61.1906047709903,High Risk
6435-VWCCY,0.006184576519393244,0.6184576519393244,Low Risk
4998-IKFSE,0.6330366199353874,63.30366199353874,High Risk
8630-QSGXK,0.004697962120482788,0.46979621204827876,Low Risk
2455-USLMV,0.27083377691056837,27.083377691056835,Low Risk
7394-FKDNK,0.7067872694369445,70.67872694369444,High Risk
9488-FVZCC,0.001493332138075052,0.1493332138075052,Low Risk
6331-LWDTQ,0.5582572359408595,55.82572359408595,Medium Risk
5995-WWKKG,0.042678990431975705,4.267899043197571,Low Risk
1597-FZREH,0.5576841426200057,55.76841426200056,Medium Risk
7879-CGSFV,0.18542609646144542,18.54260964614454,Low Risk
9921-EZKBY,0.2851329861957056,28.51329861957056,Low Risk
7432-FFVAR,0.08727426609732762,8.727426609732762,Low Risk
7246-ZGQDF,0.1780086381924095,17.80086381924095,Low Risk
7000-WCEVQ,0.7291594448575649,72.91594448575648,High Risk
0727-IWKVK,0.6455091601472597,64.55091601472597,High Risk
5959-BELXA,0.6718967297931218,67.18967297931218,High Risk
4456-RHSNB,0.2894282172561406,28.94282172561406,Low Risk
3512-IZIKN,0.0015544220103592382,0.15544220103592382,Low Risk
2481-SBOYW,0.0008582126585871615,0.08582126585871615,Low Risk
7109-MFBYV,0.26210995212366117,26.210995212366118,Low Risk
1833-TCXKK,0.4290063634117095,42.90063634117095,Medium Risk
1832-PEUTS,0.0074548190382777955,0.7454819038277796,Low Risk
6141-OOXUQ,0.257724333363228,25.7724333363228,Low Risk
8660-BUETV,0.48350084408231153,48.350084408231154,Medium Risk
0580-PIQHM,0.1526718625622972,15.26718625622972,Low Risk
5696-CEIQJ,0.0034893566984260257,0.34893566984260255,Low Risk
7503-ZGUZJ,0.7785309584862755,77.85309584862755,High Risk
1696-HXOWK,0.10957399957492413,10.957399957492413,Low Risk
3026-ATZYV,0.09037592355031558,9.037592355031558,Low Risk
4012-YCFAI,0.0016658665966342771,0.16658665966342773,Low Risk
2506-TNFCO,0.7305981126897486,73.05981126897485,High Risk
9970-QBCDA,0.1033272539495396,10.33272539495396,Low Risk
8718-PTMEZ,0.450470419932275,45.0470419932275,Medium Risk
9496-IVVRP,0.18091400292412443,18.091400292412445,Low Risk
2207-OBZNX,0.45752680363568554,45.75268036356855,Medium Risk
2657-VPXTA,0.6149994315159438,61.49994315159438,High Risk
6551-VLJMV,0.0010027761283498272,0.10027761283498272,Low Risk
1221-GHZEP,0.0023907097807981505,0.23907097807981506,Low Risk
9289-LBQVU,0.0985967697384626,9.859676973846259,Low Risk
6142-VSJQO,0.48598471597252413,48.59847159725241,Medium Risk
3458-IDMFK,0.002810461607309042,0.28104616073090416,Low Risk
6933-FHBZC,0.24047539143426586,24.047539143426587,Low Risk
0221-NAUXK,0.04768408834388195,4.768408834388195,Low Risk
9770-KXGQU,0.17281786531770085,17.281786531770084,Low Risk
6437-UKHMV,0.6999991080220272,69.99991080220272,High Risk
6538-POCHL,0.3235665514212821,32.35665514212821,Medium Risk
6726-NNFWD,0.007049589923636704,0.7049589923636703,Low Risk
3002-WQZWT,0.4489998090247207,44.899980902472066,Medium Risk
4277-UDIEF,0.15194064112139136,15.194064112139136,Low Risk
1208-NBVFH,0.3766723838164278,37.66723838164278,Medium Risk
4912-PIGUY,0.6478188943939625,64.78188943939625,High Risk
1114-CENIM,0.2756819221455778,27.56819221455778,Low Risk
6060-DRTNL,0.8138042329876004,81.38042329876004,High Risk
2725-TTRIQ,0.0019270318176219804,0.19270318176219803,Low Risk
3374-TTZTK,0.0061155506334102765,0.6115550633410276,Low Risk
8990-ZXLSU,0.4388886800158483,43.88886800158483,Medium Risk
2275-RBYQS,0.4976934776324379,49.769347763243786,Medium Risk
8473-VUVJN,0.7550215228262892,75.50215228262893,High Risk
6289-CPNLD,0.28310850627783574,28.310850627783573,Low Risk
5536-SLHPM,0.4900080620258587,49.00080620258587,Medium Risk
4419-UJMUS,0.0071154991555928875,0.7115499155592887,Low Risk
7794-JASDG,0.35077865001680947,35.07786500168095,Medium Risk
7609-YBPXG,0.002156580360709777,0.21565803607097772,Low Risk
5519-TEEUH,0.04512072011386991,4.512072011386991,Low Risk
7856-GANIL,0.17555747597341845,17.555747597341846,Low Risk
0804-XBFBV,0.2508310193593145,25.083101935931452,Low Risk
2676-OXPPQ,0.23384275986423225,23.384275986423226,Low Risk
3703-TTEPD,0.18985275548515831,18.98527554851583,Low Risk
2799-TSLAG,0.0007420581894161686,0.07420581894161686,Low Risk
0196-VULGZ,0.8059665710438384,80.59665710438384,High Risk
8837-VVWLQ,0.5242840170154592,52.42840170154592,Medium Risk
2696-NARTR,0.46914906506289766,46.91490650628977,Medium Risk
2208-NKVVH,0.0016004302576067134,0.16004302576067134,Low Risk
7614-QVWQL,0.15301191951998167,15.301191951998167,Low Risk
1976-CFOCS,0.6027913203523246,60.279132035232465,High Risk
4631-OACRM,0.681200057352207,68.1200057352207,High Risk
7139-JZFVG,0.0013137673876353322,0.13137673876353323,Low Risk
4987-GQWPO,0.17002487623276752,17.002487623276753,Low Risk
3755-JBMNH,0.5515150059534287,55.151500595342874,Medium Risk
1757-TCATG,0.01919830670066022,1.919830670066022,Low Risk
6345-ULYRW,0.3565318536726922,35.65318536726922,Medium Risk
4776-XSKYQ,0.057526791854785216,5.752679185478522,Low Risk
8048-DSDFQ,0.1632101240956728,16.321012409567278,Low Risk
5753-QQWPW,0.07273920804451471,7.273920804451471,Low Risk
6010-DDPPW,0.0004939545043971823,0.049395450439718235,Low Risk
1809-DMJHQ,0.4430505790747034,44.30505790747034,Medium Risk
6693-FRIRW,0.46663888255136804,46.663888255136804,Medium Risk
6586-MYGKD,0.0018789386151766357,0.18789386151766357,Low Risk
3173-NVMPX,0.5128795541477756,51.287955414777564,Medium Risk
0248-PGHBZ,0.002910061261163436,0.29100612611634363,Low Risk
0623-GDISB,0.2623224504642976,26.23224504642976,Low Risk
2892-GESUL,0.0026314387287785885,0.26314387287785884,Low Risk
6923-EFPNL,0.4542674452421221,45.42674452421221,Medium Risk
7472-EQOAV,0.06133418896747698,6.133418896747698,Low Risk
9574-RKJIF,0.5051330800232054,50.51330800232054,Medium Risk
2043-WVTQJ,0.34975447047645636,34.97544704764564,Medium Risk
8034-RYTVV,0.09343218498860101,9.3432184988601,Low Risk
3863-QSTYI,0.15678970238737802,15.678970238737802,Low Risk
2619-WFQWU,0.7076476877594535,70.76476877594536,High Risk
5044-LRQAQ,0.41315754539060373,41.31575453906037,Medium Risk
1716-LSAMB,0.0009136145935141989,0.0913614593514199,Low Risk
1333-PBMXB,0.021660265380024017,2.1660265380024017,Low Risk
6546-OPBBH,0.03658572571407006,3.658572571407006,Low Risk
5985-BEHZK,0.22014705283393432,22.014705283393432,Low Risk
9127-QRZMH,0.030812034447270854,3.0812034447270853,Low Risk
5919-VCZYM,0.16058982308478953,16.058982308478953,Low Risk
9644-KVCNC,0.15875042572565162,15.875042572565162,Low Risk
2137-DQMEV,0.03516086965293936,3.516086965293936,Low Risk
8174-LNWMW,0.0012130912583607424,0.12130912583607424,Low Risk
9279-CJEOJ,0.700394543717307,70.0394543717307,High Risk
7964-VEXDG,0.2773724122980623,27.73724122980623,Low Risk
2404-JIBFC,0.002811614688961532,0.2811614688961532,Low Risk
0778-NELLA,0.3503472742152954,35.03472742152954,Medium Risk
8029-XYPWT,0.004552824213055115,0.4552824213055115,Low Risk
4614-NUVZD,0.7295188808207725,72.95188808207726,High Risk
4632-PAOYU,0.04522915036023077,4.522915036023077,Low Risk
3803-KMQFW,0.2590813024908879,25.90813024908879,Low Risk
6804-GDMOI,0.018181134431540114,1.8181134431540114,Low Risk
2990-OGYTD,0.0032845530897576457,0.3284553089757646,Low Risk
6646-JPPHA,0.3924995375359745,39.24995375359745,Medium Risk
9572-MTILT,0.2746755147116292,27.46755147116292,Low Risk
7658-UYUQS,0.419320705519545,41.932070551954496,Medium Risk
7880-XSOJX,0.1432549972479718,14.325499724797181,Low Risk
9611-CTWIH,0.753479738944861,75.3479738944861,High Risk
4589-IUAJB,0.0004967636346527232,0.049676363465272315,Low Risk
0329-GTIAJ,0.6928737852687865,69.28737852687865,High Risk
8746-BFOAJ,0.04061071319591173,4.061071319591173,Low Risk
8457-XIGKN,0.08814855390268442,8.814855390268441,Low Risk
6072-NUQCB,0.02625484936305026,2.625484936305026,Low Risk
6629-CZTTH,0.6808244841585596,68.08244841585595,High Risk
8838-GPHZP,0.0011809040487370946,0.11809040487370946,Low Risk
8750-QWZAJ,0.00038823814854802583,0.03882381485480258,Low Risk
5364-EVNIB,0.5701537362198464,57.015373621984644,Medium Risk
6918-UMQCG,0.519999174126248,51.9999174126248,Medium Risk
0675-NCDYU,0.0033657660823020125,0.33657660823020125,Low Risk
6339-DKLMK,0.31557747157026056,31.557747157026057,Medium Risk
1346-PJWTK,0.14141848453197892,14.141848453197891,Low Risk
5088-QZLRL,0.13870983347860494,13.870983347860493,Low Risk
8023-QHAIO,0.2327336520402483,23.273365204024827,Low Risk
4397-FRLTA,0.1690415699873052,16.90415699873052,Low Risk
3057-VJJQE,0.0050459695894592635,0.5045969589459264,Low Risk
5087-SUURX,0.49657127632056325,49.65712763205632,Medium Risk
2302-OUZXB,0.004548354725787194,0.4548354725787194,Low Risk
8133-ANHHJ,0.09739081349785088,9.739081349785089,Low Risk
2270-CHBFN,0.15014776163472757,15.014776163472757,Low Risk
0013-EXCHZ,0.7087577591974967,70.87577591974967,High Risk
5982-FPVQN,0.5108741263568093,51.08741263568093,Medium Risk
9107-UKCKY,0.2160064344181041,21.600643441810412,Low Risk
4654-ULTTN,0.0014748209388013162,0.14748209388013162,Low Risk
5550-VFRLC,0.7321855642125077,73.21855642125077,High Risk
5546-BYZSM,0.0666070575075946,6.66070575075946,Low Risk
1492-KGETH,0.023852106667315628,2.3852106667315627,Low Risk
4929-BSTRX,0.7000755868366475,70.00755868366475,High Risk
4163-HFTUK,0.021237735755710377,2.123773575571038,Low Risk
8215-NGSPE,0.0014096450274149006,0.14096450274149006,Low Risk
2225-ZRGSG,0.002438983546423784,0.24389835464237838,Low Risk
8859-YSTWS,0.01521948293874143,1.5219482938741429,Low Risk
5271-YNWVR,0.005156607107592306,0.5156607107592306,Low Risk
7601-DHFWZ,0.001022687103204751,0.10226871032047509,Low Risk
2657-ALMWY,0.6629741256597405,66.29741256597404,High Risk
6330-JKLPC,0.5751524839714476,57.51524839714476,Medium Risk
4667-OHGKG,0.2250485601029,22.504856010290002,Low Risk
1998-VHJHK,0.049560351619265815,4.9560351619265814,Low Risk
1707-HABPF,0.26179507434374144,26.179507434374145,Low Risk
1660-HSOOQ,0.6348491309028284,63.48491309028284,High Risk
7253-UVNDW,0.0038048019248493182,0.3804801924849318,Low Risk
0487-VVUVK,0.12199620460412805,12.199620460412804,Low Risk
7228-OMTPN,0.7568117757502187,75.68117757502188,High Risk
5063-IUOKK,0.002961536421261509,0.2961536421261509,Low Risk
4508-OEBEY,0.0642646931139977,6.42646931139977,Low Risk
0027-KWYKW,0.5266426313678536,52.66426313678536,Medium Risk
2308-STERM,0.17675360220316852,17.67536022031685,Low Risk
5982-XMDEX,0.0006211114315998643,0.06211114315998643,Low Risk
6284-AHOOQ,0.4459028203683135,44.590282036831354,Medium Risk
6051-PTVNS,0.013159259309621082,1.315925930962108,Low Risk
2344-JMOGN,0.6296574967024607,62.965749670246076,High Risk
3799-ISUZQ,0.5097641597847687,50.97641597847687,Medium Risk
2877-VDUER,0.07465211890661315,7.4652118906613145,Low Risk
9152-AMKAK,0.012436626451831814,1.2436626451831814,Low Risk
1794-HBQTJ,0.391005981010706,39.1005981010706,Medium Risk
9432-VOFYX,0.4253068921711858,42.53068921711858,Medium Risk
8049-WJCLQ,0.48029862871277557,48.02986287127756,Medium Risk
6586-PSJOX,0.07538698677314049,7.5386986773140485,Low Risk
2460-FPSYH,0.4178593270491332,41.78593270491332,Medium Risk
9705-ZJBCG,0.04685208291997416,4.685208291997416,Low Risk
4818-DRBQT,0.49120677005930913,49.120677005930915,Medium Risk
1320-HTRDR,0.6702906147531584,67.02906147531584,High Risk
6847-KJLTS,0.3528080600177514,35.28080600177514,Medium Risk
9670-BPNXF,0.03375480670852434,3.375480670852434,Low Risk
3913-FCUUW,0.0010348685534298404,0.10348685534298403,Low Risk
3301-VKTGC,0.05681092109739958,5.681092109739958,Low Risk
1493-AMTIE,0.140558704767147,14.055870476714698,Low Risk
9555-SAHUZ,0.1510318934415931,15.10318934415931,Low Risk
0816-TSPHQ,0.1592697503056851,15.92697503056851,Low Risk
9932-WBWIK,0.13497466891620868,13.497466891620869,Low Risk
4619-EVPHY,0.37566583030119594,37.566583030119595,Medium Risk
5286-YHCVC,0.00954567771458608,0.954567771458608,Low Risk
6424-ELEYH,0.624602467615174,62.4602467615174,High Risk
4391-RESHN,0.6683858936167386,66.83858936167385,High Risk
9115-YQHGA,0.16006731401479943,16.006731401479943,Low Risk
4462-CYWMH,0.3490345321527127,34.90345321527127,Medium Risk
8963-MQVYN,0.1255111895363069,12.551118953630692,Low Risk
2458-EOMRE,0.2801540006699795,28.015400066997948,Low Risk
9334-GWGOW,0.5998193929193182,59.981939291931816,Medium Risk
6821-BUXUX,0.5654442221774126,56.544422217741264,Medium Risk
5028-HTLJB,0.32069268135827306,32.06926813582731,Medium Risk
9801-GDWGV,0.7173541328275845,71.73541328275846,High Risk
6542-LWGXJ,0.37433265586256076,37.43326558625608,Medium Risk
5567-GZKQY,0.0005432646866323373,0.05432646866323373,Low Risk
1222-LRYKO,0.17970194135593395,17.970194135593395,Low Risk
2320-JRSDE,0.2717146403496776,27.171464034967762,Low Risk
2087-QAREY,0.4373933484202962,43.73933484202962,Medium Risk
0601-WZHJF,0.4791717430601067,47.917174306010665,Medium Risk
4423-JWZJN,0.1170703573768029,11.70703573768029,Low Risk
5143-WMWOG,0.22303684895333506,22.303684895333507,Low Risk
6490-FGZAT,0.14808409737333272,14.808409737333273,Low Risk
5393-RXQSZ,0.6623064485089889,66.23064485089888,High Risk
7452-FOLON,0.021961889344973298,2.19618893449733,Low Risk
2320-TZRRH,0.05832774150596643,5.832774150596643,Low Risk
0231-LXVAP,0.5097221953810093,50.97221953810093,Medium Risk
9444-JTXHZ,0.6027668420806432,60.276684208064324,High Risk
4942-VZZOM,0.055556359143811095,5.555635914381109,Low Risk
5510-BOIUJ,0.24492622311477008,24.492622311477007,Low Risk
7502-BNYGS,0.33504069631686156,33.50406963168616,Medium Risk
4291-HYEBC,0.221013896617119,22.101389661711902,Low Risk
6147-CBCRA,0.09218185896291164,9.218185896291164,Low Risk
6047-SUHPR,0.07005124313452005,7.005124313452004,Low Risk
4471-KXAUH,0.4147081584200146,41.470815842001464,Medium Risk
9752-ZNQUT,0.4773083306387476,47.73083306387476,Medium Risk
7638-QVMVY,0.7020335935548607,70.20335935548607,High Risk
1576-PFZIW,0.005147261785132709,0.5147261785132708,Low Risk
5666-MBJPT,0.000743576880950197,0.0743576880950197,Low Risk
7312-XSBAT,0.3029821403132104,30.29821403132104,Medium Risk
3096-GKWEB,0.6133676715646573,61.33676715646573,High Risk
2371-JQHZZ,0.5907820705034748,59.07820705034747,Medium Risk
0674-GCDXG,0.0017648070740447618,0.1764807074044762,Low Risk
1121-QSIVB,0.29000804478407893,29.000804478407893,Low Risk
4396-KLSEH,0.16239976892979965,16.239976892979964,Low Risk
3244-DCJWY,0.6278163122719458,62.78163122719458,High Risk
2824-MYYBN,0.6079382314442934,60.79382314442934,High Risk
0875-CABNR,0.7099171171977477,70.99171171977477,High Risk
6345-HOVES,0.1516845528126663,15.16845528126663,Low Risk
8318-LCNBW,0.07535333130301257,7.5353331303012565,Low Risk
6469-QJKZW,0.14341235064147573,14.341235064147572,Low Risk
0147-ESWWR,0.47670411346959046,47.67041134695905,Medium Risk
1217-VASWC,0.29339072905606123,29.339072905606123,Low Risk
7812-FZHPE,0.23634294769655825,23.634294769655824,Low Risk
6370-ZVHDV,0.0006889451510200157,0.06889451510200156,Low Risk
5915-DGNVC,0.11666726070791163,11.666726070791162,Low Risk
6260-XLACS,0.07977886945211686,7.977886945211686,Low Risk
3566-CAAYU,0.0019199116584761645,0.19199116584761644,Low Risk
4983-CCWMC,0.5451800849857655,54.518008498576556,Medium Risk
9103-CXVOK,0.13062458563905707,13.062458563905707,Low Risk
2896-TBNBE,0.16766535374636402,16.7665353746364,Low Risk
4797-AXPXK,0.34367863385733816,34.36786338573381,Medium Risk
5229-PRWKT,0.7202089108711576,72.02089108711576,High Risk
6982-UQZLY,0.3932802853183717,39.32802853183717,Medium Risk
2522-WLNSF,0.10277575409509662,10.277575409509662,Low Risk
3841-CONLJ,0.45779675333742736,45.77967533374274,Medium Risk
5057-LCOUI,0.4705765656669473,47.057656566694725,Medium Risk
0193-ESZXP,0.16204572573426457,16.204572573426457,Low Risk
4475-NVTLU,0.0010207316801731003,0.10207316801731003,Low Risk
4369-HTUIF,0.5504472833407011,55.044728334070115,Medium Risk
9386-LDCZR,0.05466377205719562,5.466377205719562,Low Risk
9585-KKMFD,0.0017001010115381774,0.17001010115381773,Low Risk
5399-ZIMKF,0.5087917105919649,50.879171059196494,Medium Risk
0336-KXKFK,0.0010401711910375212,0.10401711910375212,Low Risk
5619-XZZKR,0.07531607033336576,7.531607033336576,Low Risk
3948-FVVRP,0.2600833030906162,26.008330309061623,Low Risk
5327-XOKKY,0.0083951044119142,0.8395104411914199,Low Risk
0983-TATYJ,0.11256888802543798,11.256888802543799,Low Risk
1813-JYWTO,0.002087630849900273,0.2087630849900273,Low Risk
0156-FVPTA,0.2306486143572092,23.06486143572092,Low Risk
1984-FCOWB,0.2673787979903308,26.73787979903308,Low Risk
0654-HMSHN,0.7023289534100944,70.23289534100944,High Risk
6719-OXYBR,0.46767990975870477,46.767990975870475,Medium Risk
3312-ZWLGF,0.3658645313890513,36.58645313890513,Medium Risk
6476-YHMGA,0.2919718573411692,29.19718573411692,Low Risk
5287-QWLKY,0.3735147223542293,37.351472235422925,Medium Risk
0795-XCCTE,0.0006561102793039645,0.06561102793039646,Low Risk
0168-XZKBB,0.6438488054321179,64.38488054321179,High Risk
3785-NRHYR,0.18092140876716867,18.09214087671687,Low Risk
5196-SGOAK,0.6406779489665261,64.06779489665261,High Risk
4537-DKTAL,0.3881297191510466,38.81297191510466,Medium Risk
7072-MBHEV,0.6183797998561874,61.83797998561874,High Risk
5602-BVFMK,0.07026709480562757,7.026709480562757,Low Risk
6297-NOOPG,0.009336464932562707,0.9336464932562707,Low Risk
1891-UAWWU,0.7174423319487379,71.74423319487379,High Risk
8204-TIFGJ,0.0927776053399187,9.27776053399187,Low Risk
8050-DVOJX,0.002763188925829709,0.27631889258297093,Low Risk
6108-OQZDQ,0.811103629764382,81.1103629764382,High Risk
0363-QJVFX,0.2978233513836252,29.78233513836252,Low Risk
8903-XEBGX,0.4797409141458655,47.97409141458655,Medium Risk
8169-SAEJD,0.0020081190353532044,0.20081190353532044,Low Risk
9840-DVNDC,0.5512235527623411,55.12235527623412,Medium Risk
1089-XZWHH,0.002934608306746668,0.2934608306746668,Low Risk
2325-WINES,0.3539244354326639,35.39244354326639,Medium Risk
6064-ZATLR,0.003399188233739487,0.3399188233739487,Low Risk
3096-JRDSO,0.4701714316148084,47.01714316148084,Medium Risk
7824-PANSQ,0.11378870861928635,11.378870861928634,Low Risk
8042-JVNFH,0.6817252977628273,68.17252977628273,High Risk
9648-BCHKM,0.0026095840465084692,0.2609584046508469,Low Risk
2888-ADFAO,0.0009100706177197294,0.09100706177197294,Low Risk
8707-HOEDG,0.008644137129109436,0.8644137129109436,Low Risk
3374-LXDEV,0.44581768701264735,44.581768701264735,Medium Risk
4072-IPYLT,0.108297300866601,10.8297300866601,Low Risk
7167-PCEYD,0.0009630025517979018,0.09630025517979018,Low Risk
4936-YPJNK,0.18608264134695993,18.608264134695993,Low Risk
1580-BMCMR,0.44003801619307814,44.003801619307815,Medium Risk
4817-KEQSP,0.00037721639451515474,0.03772163945151547,Low Risk
6408-WHTEF,0.0032376012061584736,0.32376012061584736,Low Risk
9251-AWQGT,0.00120895500289676,0.120895500289676,Low Risk
8749-CLJXC,0.1634983670244453,16.34983670244453,Low Risk
7989-VCQOH,0.20283098515918893,20.283098515918894,Low Risk
5049-GLYVG,0.17899903092836472,17.89990309283647,Low Risk
4199-QHJNM,0.006088578306937614,0.6088578306937614,Low Risk
8882-TLVRW,0.000677074660912448,0.0677074660912448,Low Risk
5883-GTGVD,0.7510990928154642,75.10990928154642,High Risk
5135-GRQJV,0.00788858299132444,0.7888582991324441,Low Risk
2384-OVPSA,0.0024131152702202177,0.24131152702202177,Low Risk
1371-WEPDS,0.17918805996580092,17.918805996580094,Low Risk
3580-GICBM,0.0014529060886539046,0.14529060886539047,Low Risk
4817-QRJSX,0.6121397429259161,61.21397429259161,High Risk
9730-DRTMJ,0.06243529646323167,6.243529646323167,Low Risk
4686-UXDML,0.6487760195135603,64.87760195135604,High Risk
3349-ANQNH,0.35901696683314366,35.90169668331436,Medium Risk
2398-YPMUR,0.6794351908049844,67.94351908049843,High Risk
0932-YIXYU,0.0008102293414186943,0.08102293414186942,Low Risk
7480-SPLEF,0.000593564828450477,0.0593564828450477,Low Risk
7636-XUHWW,0.12535387743185245,12.535387743185245,Low Risk
1431-CYWMH,0.06606244914162898,6.6062449141628985,Low Risk
5937-EORGB,0.5195309955319405,51.95309955319405,Medium Risk
6349-JDHQP,0.0006963594615699217,0.06963594615699217,Low Risk
5539-HIVAK,0.16556347206669783,16.556347206669784,Low Risk
5847-MXBEO,0.05090116659307144,5.090116659307144,Low Risk
9985-MWVIX,0.7076476877594535,70.76476877594536,High Risk
4583-PARNH,0.4669881191265402,46.69881191265402,Medium Risk
1116-FRYVH,0.001240741414576464,0.12407414145764639,Low Risk
1421-HCERK,0.2688905343539287,26.889053435392867,Low Risk
9633-XQABV,0.520640013397005,52.0640013397005,Medium Risk
0716-BQNDX,0.004575045825731008,0.4575045825731008,Low Risk
1265-XTECC,0.2009620843616611,20.096208436166112,Low Risk
1183-CANVH,0.0877732405411722,8.777324054117221,Low Risk
1972-XMUWV,0.0021559209971324113,0.21559209971324114,Low Risk
8679-LZBMD,0.19985010931207797,19.985010931207796,Low Risk
3407-JMJQQ,0.005983245246489369,0.5983245246489368,Low Risk
6252-DFGTK,0.0397047175247081,3.9704717524708095,Low Risk
1539-LNKHM,0.1450463375176171,14.50463375176171,Low Risk
8645-KOMJQ,0.0034906568691835276,0.34906568691835277,Low Risk
0289-IVARM,0.1849568122076525,18.49568122076525,Low Risk
9761-XUJWD,0.32795983010130364,32.795983010130364,Medium Risk
4057-FKCZK,0.005693738041871485,0.5693738041871484,Low Risk
4291-TPNFG,0.0014325649042310074,0.14325649042310074,Low Risk
6087-YPWHO,0.0013928457153954306,0.13928457153954305,Low Risk
3090-QFUVD,0.11298545502187593,11.298545502187594,Low Risk
2237-ZFSMY,0.18067594498762224,18.067594498762222,Low Risk
1722-LDZJS,0.01236967938487166,1.2369679384871661,Low Risk
1818-ESQMW,0.3783163934485079,37.83163934485079,Medium Risk
4871-JTKJF,0.7327388471699741,73.2738847169974,High Risk
1415-YFWLT,0.8327232948705369,83.27232948705368,High Risk
7401-RUBNK,0.2820206475342305,28.202064753423052,Low Risk
0506-YLVKJ,0.001492753516334713,0.1492753516334713,Low Risk
8661-BOYNW,0.002159895628391347,0.2159895628391347,Low Risk
6711-VTNRE,0.3938553245434182,39.38553245434182,Medium Risk
4815-GBTCD,0.3355613389769793,33.55613389769793,Medium Risk
2805-AUFQN,0.0014309416131743388,0.14309416131743388,Low Risk
0980-PVMRC,0.31341267358079605,31.341267358079605,Medium Risk
7233-DRTRF,0.45070562326320807,45.070562326320804,Medium Risk
3500-RMZLT,0.5689337855741083,56.893378557410834,Medium Risk
3873-NFTGI,0.35255669158509567,35.25566915850957,Medium Risk
1162-ECVII,0.007582794859325661,0.7582794859325661,Low Risk
7048-GXDAY,0.40952999702495535,40.95299970249553,Medium Risk
8571-ZCMCX,0.003633106992320379,0.3633106992320379,Low Risk
1169-WCVAK,0.19788882065145988,19.788882065145987,Low Risk
4548-SDBKE,0.7480115334275617,74.80115334275617,High Risk
8066-POXGX,0.5084059108734874,50.84059108734874,Medium Risk
7129-CAKJW,0.38163319441102883,38.163319441102885,Medium Risk
8695-ARGXZ,0.5419360729657572,54.19360729657572,Medium Risk
3570-YUEKJ,0.28131990650577754,28.131990650577755,Low Risk
4143-OOBWZ,0.6829719659593927,68.29719659593927,High Risk
1555-HAPSU,0.0005052168005489256,0.05052168005489256,Low Risk
1697-NVVGY,0.2685423773402126,26.854237734021257,Low Risk
7854-EKTJL,0.19699565677580044,19.699565677580043,Low Risk
8464-EETCQ,0.0005688656913352378,0.05688656913352377,Low Risk
2419-FSORS,0.008248484621588002,0.8248484621588001,Low Risk
8132-YPVBX,0.6477949788160762,64.77949788160761,High Risk
9102-IAYHT,0.692141577846014,69.21415778460141,High Risk
6754-LZUKA,0.006104681623019435,0.6104681623019436,Low Risk
3422-LYEPQ,0.6216889194295318,62.168891942953174,High Risk
8099-MZPUJ,0.004139468127880041,0.4139468127880041,Low Risk
0787-LHDYT,0.09473692739531603,9.473692739531604,Low Risk
2642-DTVCO,0.7788800093449939,77.88800093449939,High Risk
0374-IOEGQ,0.3868319014212256,38.683190142122555,Medium Risk
4361-JEIVL,0.5517934212824065,55.17934212824065,Medium Risk
3197-NNYNB,0.008952154645804603,0.8952154645804603,Low Risk
3396-DKDEL,0.003569447857226738,0.3569447857226738,Low Risk
1752-OZXFY,0.07868160935817899,7.868160935817898,Low Risk
9066-QRSDU,0.023774894647592235,2.3774894647592233,Low Risk
9112-WSNPU,0.43949938949301853,43.94993894930185,Medium Risk
9867-NNXLC,0.14820697406815792,14.82069740681579,Low Risk
5321-NTRKC,0.004917626603984881,0.4917626603984881,Low Risk
1363-TXLSL,0.7071337888459258,70.71337888459259,High Risk
9507-EXLTT,0.6000863881750794,60.00863881750794,High Risk
3161-GETRM,0.39536278428312677,39.53627842831268,Medium Risk
0402-OAMEN,0.00047497781054223827,0.04749778105422383,Low Risk
6933-VLYFX,0.057935621549783115,5.793562154978312,Low Risk
6754-WKSHP,0.027902787213766867,2.7902787213766866,Low Risk
9846-GKXAS,0.6774116316799362,67.74116316799362,High Risk
6017-PPLPX,0.5352290466807779,53.522904668077786,Medium Risk
4976-LNFVV,0.2871778879765544,28.71778879765544,Low Risk
5055-MGMGF,0.31948296446769653,31.948296446769653,Medium Risk
4641-FROLU,0.0019573982193218306,0.19573982193218306,Low Risk
2862-JVEOY,0.07287074236134246,7.287074236134246,Low Risk
2969-QWUBZ,0.4467010297665484,44.67010297665484,Medium Risk
9822-BIIGN,0.09295887352903905,9.295887352903904,Low Risk
2077-MPJQO,0.6951925454662718,69.51925454662718,High Risk
1534-OULXE,0.03432049299225431,3.432049299225431,Low Risk
7136-RVDTZ,0.19156911612264896,19.156911612264896,Low Risk
2971-SGAFL,0.4885469678953753,48.85469678953753,Medium Risk
1480-IVEVR,0.23101490265891678,23.101490265891677,Low Risk
2905-KFQUV,0.43840752212720924,43.84075221272092,Medium Risk
4581-SSPWD,0.7000047606624062,70.00047606624062,High Risk
3370-HXOPH,0.5102002226445984,51.02002226445984,Medium Risk
9391-YZEJW,0.1976566397065782,19.76566397065782,Low Risk
9958-MEKUC,0.0017395828414515041,0.1739582841451504,Low Risk
0281-CNTZX,0.0006010996579085584,0.06010996579085584,Low Risk
6927-WTFIV,0.48698231901163674,48.69823190116367,Medium Risk
4118-CEVPF,0.22307683716498133,22.307683716498133,Low Risk
3398-ZOUAA,0.6240769630392743,62.40769630392743,High Risk
9114-VEPUF,0.10572353128434914,10.572353128434914,Low Risk
7876-BEUTG,0.5380666750341745,53.80666750341745,Medium Risk
2338-BQEZT,0.10008755939186162,10.008755939186162,Low Risk
9873-MNDKV,0.45248835480909994,45.248835480909996,Medium Risk
0378-NHQXU,0.6587075910898181,65.87075910898182,High Risk
8241-JUIQO,0.012249438755587552,1.2249438755587552,Low Risk
2194-IIQOF,0.0018331700393337776,0.18331700393337777,Low Risk
4512-ZUIYL,0.456078560631094,45.607856063109395,Medium Risk
9631-RXVJM,0.0017051687747022034,0.17051687747022035,Low Risk
9584-EXCDZ,0.31528259122504765,31.528259122504764,Medium Risk
7969-AULMZ,0.7410267800881362,74.10267800881361,High Risk
5093-FEGLU,0.0007787471925682338,0.07787471925682338,Low Risk
2621-UDNLU,0.16892110923414563,16.892110923414563,Low Risk
7526-IVLYU,0.19326219541330597,19.326219541330598,Low Risk
2428-HYUNX,0.0014186260598969156,0.14186260598969155,Low Risk
9214-EKVXR,0.5026839297018986,50.26839297018986,Medium Risk
3410-MHHUM,0.27470184152883964,27.470184152883963,Low Risk
0568-ONFPC,0.20584140604650794,20.584140604650795,Low Risk
0733-VUNUW,0.21146286934821698,21.1462869348217,Low Risk
4550-EVXNY,0.653157931100323,65.3157931100323,High Risk
2122-YWVYA,0.33110372419979545,33.11037241997955,Medium Risk
2968-SSGAA,0.8003677253065166,80.03677253065166,High Risk
2296-DKZFP,0.0020026997429077476,0.20026997429077475,Low Risk
4844-JJWUY,0.8004143974778961,80.04143974778961,High Risk
6777-TGHTM,0.17996128735590902,17.9961287355909,Low Risk
8909-BOLNL,0.07573976986125826,7.5739769861258255,Low Risk
6603-YRDCJ,0.003202027913614527,0.3202027913614527,Low Risk
3538-WZPHD,0.4765950410441052,47.65950410441052,Medium Risk
3229-USWAR,0.08459293966469407,8.459293966469406,Low Risk
2138-VFAPZ,0.0038641949256709935,0.38641949256709934,Low Risk
6131-JLWZM,0.17550818877425214,17.550818877425215,Low Risk
4785-QRJHC,0.10045555931660896,10.045555931660896,Low Risk
0269-XFESX,0.055651522276013256,5.565152227601326,Low Risk
1709-EJDOX,0.0012428968904124563,0.12428968904124563,Low Risk
4316-XCSLJ,0.2672192325689072,26.72192325689072,Low Risk
8610-WFCJF,0.6122298420867139,61.22298420867139,High Risk
9693-XMUOB,0.2909054593231564,29.090545932315642,Low Risk
0383-CLDDA,0.0023522987158489414,0.23522987158489414,Low Risk
4905-JEFDW,0.2537511138012179,25.37511138012179,Low Risk
2709-UQGNP,0.3083325693266999,30.83325693266999,Medium Risk
3549-ZTMNH,0.0025796536665307346,0.25796536665307346,Low Risk
7881-INRLC,0.5633595778738494,56.33595778738494,Medium Risk
8033-ATFAS,0.3794180125809454,37.941801258094536,Medium Risk
1635-NZATJ,0.000682782055020565,0.0682782055020565,Low Risk
0562-HKHML,0.0004527726357225196,0.04527726357225196,Low Risk
8277-RVRSV,0.02960745207340018,2.9607452073400182,Low Risk
9943-VSZUV,0.3598251962071623,35.98251962071623,Medium Risk
0117-LFRMW,0.12842410008320723,12.842410008320723,Low Risk
6172-FECYY,0.4575736132786685,45.75736132786685,Medium Risk
7054-ENNGU,0.41868712587995754,41.86871258799575,Medium Risk
1455-HFBXA,0.002438167764866613,0.2438167764866613,Low Risk
9402-CXWPL,0.2063926986114856,20.63926986114856,Low Risk
1628-BIZYP,0.6034169238450793,60.34169238450793,High Risk
1965-AKTSX,0.7406544605026264,74.06544605026264,High Risk
0082-LDZUE,0.4754048541841366,47.54048541841366,Medium Risk
4786-UKSNZ,0.25624789674062004,25.624789674062004,Low Risk
5343-SGUBI,0.2355447047763345,23.554470477633448,Low Risk
0856-NAOES,0.47737216508840996,47.737216508840994,Medium Risk
1976-AZZPJ,0.21879168600280857,21.879168600280856,Low Risk
7248-VZQLC,0.5319565089974706,53.19565089974706,Medium Risk
6156-UZDLF,0.07822590586151486,7.8225905861514855,Low Risk
3099-OONVS,0.10675413212170733,10.675413212170733,Low Risk
9500-WBGRP,0.0009198971349756342,0.09198971349756342,Low Risk
5183-KLYEM,0.003874956872854565,0.38749568728545647,Low Risk
5144-PQCDZ,0.21000931336538317,21.00093133653832,Low Risk
8514-VZHEB,0.0008174537033484433,0.08174537033484433,Low Risk
6625-IUTTT,0.0016334745513650096,0.16334745513650095,Low Risk
9355-NPPFS,0.5682438778215642,56.824387782156414,Medium Risk
0068-FIGTF,0.20864072463473485,20.864072463473484,Low Risk
5965-GGPRW,0.0037166492270058506,0.37166492270058504,Low Risk
8035-PWSEV,0.4761179775256957,47.611797752569565,Medium Risk
2236-HILPA,0.00043701291249373636,0.043701291249373636,Low Risk
1840-BIUOG,0.19509724319393298,19.5097243193933,Low Risk
1356-MKYSK,0.21052434863882577,21.052434863882578,Low Risk
6080-LNESI,0.0014306281482000525,0.14306281482000524,Low Risk
1830-IPXVJ,0.0005082834669115783,0.05082834669115783,Low Risk
5828-DWPIL,0.272860693643524,27.2860693643524,Low Risk
8398-TBIYD,0.0015819216594364592,0.15819216594364593,Low Risk
0011-IGKFF,0.8075315647860767,80.75315647860766,High Risk
4192-GORJT,0.7646812728645072,76.46812728645071,High Risk
6496-SLWHQ,0.8616476620188256,86.16476620188256,High Risk
9912-GVSEQ,0.7696278348694409,76.96278348694409,High Risk
2931-FSOHN,0.5315213031772174,53.152130317721735,Medium Risk
9418-RUKPH,0.002042809584434132,0.2042809584434132,Low Risk
5383-MMTWC,0.8001750676091596,80.01750676091596,High Risk
9971-ZWPBF,0.5830130201587178,58.301302015871784,Medium Risk
4712-AUQZO,0.18669748110822604,18.669748110822603,Low Risk
9711-FJTBX,0.10178521062520561,10.178521062520561,Low Risk
2908-ZTPNF,0.11365946440423151,11.365946440423151,Low Risk
7240-ETPTR,0.6167792189910426,61.67792189910426,High Risk
2202-CUYXZ,0.720968563320806,72.0968563320806,High Risk
5995-OIGLP,0.25394729968865143,25.394729968865143,Low Risk
8421-WZOOW,0.2544384014263078,25.44384014263078,Low Risk
6261-RCVNS,0.07713247604703688,7.713247604703688,Low Risk
7951-QKZPL,0.0052517763396817685,0.5251776339681768,Low Risk
1414-YADCW,0.0009387087945302299,0.093870879453023,Low Risk
8756-RDDLT,0.08305220524274885,8.305220524274885,Low Risk
2862-PFNIK,0.31532423385205216,31.532423385205217,Medium Risk
5816-QVHRX,0.29020175469607085,29.020175469607086,Low Risk
4430-YHXGG,0.22839350184694188,22.839350184694187,Low Risk
6888-SBYAI,0.35094035027809484,35.09403502780948,Medium Risk
7395-XWZOY,0.11778888950969002,11.778888950969002,Low Risk
7169-YWAMK,0.000699709584218098,0.0699709584218098,Low Risk
3640-PHQXK,0.670650458503317,67.0650458503317,High Risk
6877-LGWXO,0.6578672533734218,65.78672533734218,High Risk
6859-RKMZJ,0.35364703241974316,35.36470324197432,Medium Risk
2729-VNVAP,0.0010478050976419824,0.10478050976419824,Low Risk
2957-JIRMN,0.21635416251892148,21.63541625189215,Low Risk
2049-BAFNW,0.2500714954338442,25.007149543384422,Low Risk
3842-QTGDL,0.21588923016530293,21.58892301653029,Low Risk
7163-OCEQI,0.26230216637409737,26.230216637409736,Low Risk
9782-LGXMC,0.048951516889116434,4.8951516889116435,Low Risk
5975-BAICR,0.08838803261064247,8.838803261064248,Low Risk
8019-ENHXU,0.4869086362496345,48.69086362496345,Medium Risk
5167-GBFRE,0.4344814110825552,43.44814110825552,Medium Risk
9033-EOXWV,0.4013835089281448,40.13835089281448,Medium Risk
4673-KKSLS,0.15796368483660758,15.796368483660759,Low Risk
4853-OITSN,0.48868507762756047,48.868507762756046,Medium Risk
9800-OUIGR,0.0003983408033948907,0.03983408033948907,Low Risk
1324-NLTJE,0.3777794283877777,37.777942838777776,Medium Risk
2324-EFHVG,0.01151720388994569,1.151720388994569,Low Risk
7094-MSZAO,0.0993039850616733,9.93039850616733,Low Risk
1522-VVDMG,0.4846162650866125,48.46162650866125,Medium Risk
6907-CQGPN,0.12567362360090886,12.567362360090886,Low Risk
0780-XNZFN,0.0005393340256485741,0.05393340256485741,Low Risk
0239-OXEXL,0.2683728982581718,26.83728982581718,Low Risk
2675-IJRGJ,0.0006070764077149793,0.06070764077149793,Low Risk
7049-GKVZY,0.09201586029603,9.201586029603,Low Risk
8577-QSOCG,0.0020350089614917266,0.20350089614917266,Low Risk
3721-CNZHX,0.05898389454394248,5.898389454394248,Low Risk
0212-ISBBF,0.41245156529568083,41.245156529568085,Medium Risk
9185-TQCVP,0.6969491043270468,69.69491043270469,High Risk
3585-YNADK,0.062099816735476376,6.209981673547638,Low Risk
5271-DBYSJ,0.52999162603033,52.999162603033,Medium Risk
1099-GODLO,0.0039651164022263844,0.39651164022263846,Low Risk
6828-HMKWP,0.0015357758448952426,0.15357758448952427,Low Risk
5567-WSELE,0.8395278971542599,83.952789715426,High Risk
1472-TNCWL,0.4881920198146331,48.81920198146331,Medium Risk
8063-RJYNF,0.5952406170026011,59.52406170026011,Medium Risk
0687-ZVTHB,0.08263094698577755,8.263094698577756,Low Risk
2080-GKCWQ,0.4652027754512929,46.52027754512929,Medium Risk
9661-ACXBS,0.5656591075341344,56.56591075341344,Medium Risk
2193-SFWQW,0.0017485691597643274,0.17485691597643274,Low Risk
5656-JAMLX,0.0004791349640063571,0.04791349640063571,Low Risk
3462-BJQQA,0.6431059439278305,64.31059439278305,High Risk
0442-TDYUO,0.0015564993713109317,0.15564993713109318,Low Risk
6733-LRIZX,0.009872445579822978,0.9872445579822978,Low Risk
9503-XJUME,0.012867895143013893,1.2867895143013892,Low Risk
4367-NHWMM,0.3979467366027461,39.79467366027461,Medium Risk
3727-RJMEO,0.6997873576571318,69.97873576571318,High Risk
3779-OSWCF,0.001744939777455202,0.1744939777455202,Low Risk
6736-DHUQI,0.0430159854929348,4.301598549293479,Low Risk
3915-ODIYG,0.1255881723257387,12.55881723257387,Low Risk
1360-RCYRT,0.10664314953895024,10.664314953895024,Low Risk
2724-FJDYW,0.056514154883099,5.6514154883099,Low Risk
4451-RWASJ,0.0685502945399924,6.85502945399924,Low Risk
6646-VRFOL,0.6411150400274888,64.11150400274887,High Risk
3460-TJBWI,0.00262359305540575,0.26235930554057496,Low Risk
5917-HBSDW,0.06734812503235886,6.734812503235886,Low Risk
5685-IIXLY,0.7228161385780906,72.28161385780906,High Risk
5671-UUNXD,0.25778633662728173,25.778633662728172,Low Risk
0956-ACVZC,0.20890787973453617,20.890787973453616,Low Risk
2325-NBPZG,0.4000832018439493,40.00832018439493,Medium Risk
4250-ZBWLV,0.14361253801952387,14.361253801952387,Low Risk
4482-FTFFX,0.2550265242836543,25.50265242836543,Low Risk
8859-DZTGQ,0.0017716135775549284,0.17716135775549283,Low Risk
0440-MOGPM,0.30773534211624276,30.773534211624277,Medium Risk
0020-JDNXP,0.06893415314785878,6.893415314785878,Low Risk
3752-CQSJI,0.16235273377091158,16.235273377091158,Low Risk
5025-GOOKI,0.0979909665717132,9.79909665717132,Low Risk
4698-KVLLG,0.0010203734701660693,0.10203734701660692,Low Risk
5095-AESKG,0.7076985444868013,70.76985444868012,High Risk
2887-JPYLU,0.1509493612600646,15.094936126006461,Low Risk
4770-QAZXN,0.09554939388137457,9.554939388137457,Low Risk
4896-CPRPF,0.0010935768595018967,0.10935768595018967,Low Risk
1871-MOWRM,0.21898483181306527,21.898483181306528,Low Risk
9714-EDSUC,0.3851042401084654,38.51042401084654,Medium Risk
2027-OAQQC,0.36932486596264713,36.93248659626471,Medium Risk
0282-NVSJS,0.2859596729440446,28.595967294404463,Low Risk
9090-SGQXL,0.6307228382067094,63.07228382067094,High Risk
6595-YGXIT,0.7302743033445555,73.02743033445554,High Risk
7353-YOWFP,0.07757811598784173,7.757811598784173,Low Risk
9835-ZIITK,0.3237396803141744,32.37396803141744,Medium Risk
8008-ESFLK,0.09735628339905383,9.735628339905384,Low Risk
7537-CBQUZ,0.35698535369585077,35.69853536958508,Medium Risk
1555-DJEQW,0.006117141557430326,0.6117141557430327,Low Risk
5649-TJHOV,0.3427459814617487,34.274598146174874,Medium Risk
0519-XUZJU,0.6563742990834054,65.63742990834054,High Risk
3363-EWLGO,0.18086518109359123,18.086518109359123,Low Risk
4750-UKWJK,0.05223085235001501,5.223085235001501,Low Risk
6338-AVWCY,0.5382297925258527,53.82297925258527,Medium Risk
1689-YQBYY,0.5061520765613727,50.61520765613727,Medium Risk
4487-ZYJZK,0.02026402903342663,2.026402903342663,Low Risk
2959-FENLU,0.5077029824497318,50.770298244973176,Medium Risk
0708-LGSMF,0.36680550278372775,36.68055027837278,Medium Risk
9253-QXKBE,0.7548251464169984,75.48251464169984,High Risk
7634-HLQJR,0.0007288546808179169,0.0728854680817917,Low Risk
0487-RPVUM,0.09488145804393278,9.488145804393277,Low Risk
4079-ULGFR,0.12246962833066279,12.246962833066279,Low Risk
2516-XSJKX,0.0034890014620702903,0.348900146207029,Low Risk
0057-QBUQH,0.001986599795741906,0.1986599795741906,Low Risk
9445-SZLCH,0.4617519584651346,46.17519584651346,Medium Risk
6599-SFQVE,0.5032406834247144,50.32406834247144,Medium Risk
8331-ZXFOE,0.035612035974627185,3.5612035974627183,Low Risk
4003-FUSHP,0.21652210326968208,21.65221032696821,Low Risk
0356-ERHVT,0.2927533926918343,29.27533926918343,Low Risk
7325-ENZFI,0.02750287856073807,2.7502878560738067,Low Risk
4884-ZTHVF,0.6505034707315955,65.05034707315956,High Risk
3920-HIHMQ,0.41263670042287026,41.263670042287025,Medium Risk
3055-OYMSE,0.30732186661596467,30.732186661596465,Medium Risk
0613-WUXUM,0.0008995397413890484,0.08995397413890484,Low Risk
7568-PODML,0.6506617558333305,65.06617558333305,High Risk
4458-KVRBJ,0.0011633754446589378,0.11633754446589378,Low Risk
5349-IECLD,0.7324722105046675,73.24722105046675,High Risk
1397-XKKWR,0.11389991414647638,11.389991414647637,Low Risk
3945-GFWQL,0.5251515774576432,52.51515774576432,Medium Risk
8097-OMULG,0.05843543422026437,5.843543422026437,Low Risk
6013-BHCAW,0.003730627592337214,0.3730627592337214,Low Risk
0401-WDBXM,0.004778775378058148,0.4778775378058148,Low Risk
3387-PLKUI,0.13351949835981664,13.351949835981664,Low Risk
6096-EGVTU,0.022399428132870956,2.2399428132870955,Low Risk
3797-VTIDR,0.4654399463752413,46.54399463752413,Medium Risk
5081-NWSUP,0.20487378958196142,20.487378958196143,Low Risk
2580-ATZSQ,0.027775898854742114,2.7775898854742116,Low Risk
8085-MSNLK,0.006085902372548995,0.6085902372548995,Low Risk
9691-HKOVS,0.09904970172648238,9.904970172648238,Low Risk
9881-VCZEP,0.352237549013834,35.223754901383394,Medium Risk
9526-BIHHD,0.3380957955901511,33.80957955901511,Medium Risk
8757-TFHHJ,0.2797162759591363,27.971627595913628,Low Risk
4523-WXCEF,0.5449322230218876,54.49322230218876,Medium Risk
1468-DEFNC,0.0009572659479487933,0.09572659479487933,Low Risk
5119-KEPFY,0.4371461599182199,43.714615991821994,Medium Risk
8364-TRMMK,0.6709784271126262,67.09784271126263,High Risk
0916-KNFAJ,0.0055445404492227394,0.5544540449222739,Low Risk
8319-QBEHW,0.12230795083939743,12.230795083939743,Low Risk
3063-QFSZL,0.6054329274237026,60.543292742370255,High Risk
8775-LHDJH,0.82444770589943,82.44477058994299,High Risk
9625-QNLUX,0.004718911770296397,0.47189117702963973,Low Risk
3097-NQYSN,0.797612664606028,79.7612664606028,High Risk
4024-CSNBY,0.0018717622680557713,0.18717622680557713,Low Risk
7110-BDTWG,0.002081213488643891,0.2081213488643891,Low Risk
7493-GVFIO,0.0005587690359894579,0.055876903598945794,Low Risk
0690-SRQID,0.21074925873921976,21.074925873921977,Low Risk
9605-WGJVW,0.6065503557943144,60.65503557943144,High Risk
9114-DPSIA,0.0010383410456743993,0.10383410456743992,Low Risk
4700-UBQMV,0.1598542278783606,15.98542278783606,Low Risk
7711-GQBZC,0.0004888667994987275,0.04888667994987275,Low Risk
3565-UNOCC,0.7236434301937826,72.36434301937827,High Risk
4627-MIHJH,0.0039434295784377855,0.39434295784377854,Low Risk
9795-NREXC,0.002584641424326817,0.25846414243268173,Low Risk
8573-CGOCC,0.07605566115752077,7.605566115752077,Low Risk
7356-AYNJP,0.0877882872177143,8.77882872177143,Low Risk
9249-FXSCK,0.16693041352822094,16.693041352822092,Low Risk
5493-SDRDQ,0.5077370588837966,50.77370588837966,Medium Risk
6286-SUUWT,0.16369075393308014,16.369075393308012,Low Risk
4819-HJPIW,0.2910249892471059,29.10249892471059,Low Risk
8654-DHAOW,0.5663474560803012,56.63474560803012,Medium Risk
5438-QMDDL,0.5090882475816519,50.908824758165196,Medium Risk
9812-GHVRI,0.33458664464736654,33.45866446473666,Medium Risk
5553-AOINX,0.3604675128737877,36.04675128737877,Medium Risk
1228-ZLNBX,0.4496153125373625,44.96153125373625,Medium Risk
4226-KKDON,0.3449891935497818,34.49891935497818,Medium Risk
3831-YCPUO,0.0027326313569310807,0.27326313569310806,Low Risk
7445-WMRBW,0.10065566297001485,10.065566297001485,Low Risk
3308-DGHKL,0.0005278643315020765,0.05278643315020765,Low Risk
9924-JPRMC,0.0046941981870841825,0.46941981870841826,Low Risk
0080-EMYVY,0.15546479459577556,15.546479459577556,Low Risk
6218-KNUBD,0.4903516454831055,49.03516454831055,Medium Risk
7337-CINUD,0.0019288450877965884,0.19288450877965885,Low Risk
7609-NRNCA,0.06417964200375328,6.417964200375328,Low Risk
0623-EJQEG,0.059993587851569614,5.999358785156962,Low Risk
7153-CHRBV,0.04079560185234635,4.079560185234635,Low Risk
0871-URUWO,0.6992927483177032,69.92927483177031,High Risk
9190-MFJLN,0.7033354139746627,70.33354139746628,High Risk
6198-PNNSZ,0.13196667011994165,13.196667011994165,Low Risk
3317-VLGQT,0.6374193065615414,63.741930656154146,High Risk
4132-POCZS,0.1257760500311952,12.57760500311952,Low Risk
5614-DNZCE,0.0013018324234872426,0.13018324234872425,Low Risk
1095-JUDTC,0.5325344524424078,53.25344524424078,Medium Risk
3896-RCYYE,0.10469258684642184,10.469258684642185,Low Risk
9638-JIQYA,0.2556608740215349,25.566087402153492,Low Risk
3258-SANFR,0.3893292050018432,38.93292050018432,Medium Risk
3726-TBHQT,0.003078119189479859,0.30781191894798593,Low Risk
3190-ITQXP,0.0007216410511369767,0.07216410511369767,Low Risk
0870-VEMYL,0.2120040433203424,21.20040433203424,Low Risk
4833-QTJNO,0.141036774686392,14.1036774686392,Low Risk
3039-MJSLN,0.0902218013736047,9.022180137360468,Low Risk
0178-CIIKR,0.17249759462587316,17.249759462587317,Low Risk
5385-SUIRI,0.568158217227546,56.8158217227546,Medium Risk
3982-XWFZQ,0.43728148176658205,43.7281481766582,Medium Risk
5774-QPLTF,0.02918335944215761,2.918335944215761,Low Risk
2322-VCZHZ,0.5147503393911553,51.475033939115534,Medium Risk
5010-IPEAQ,0.0006864901310760486,0.06864901310760485,Low Risk
4009-ALQFH,0.7288060708826908,72.88060708826907,High Risk
6383-ZTSIW,0.2777396645667386,27.77396645667386,Low Risk
8990-YOZLV,0.0019294801432303119,0.1929480143230312,Low Risk
3069-SSVSN,0.1948923741264588,19.48923741264588,Low Risk
5222-IMUKT,0.509781842178559,50.978184217855905,Medium Risk
3627-FCRDW,0.5727512204465445,57.275122044654445,Medium Risk
7562-GSUHK,0.6252385055045147,62.52385055045146,High Risk
6685-XSHHU,0.0005845053040916106,0.05845053040916107,Low Risk
8901-UPRHR,0.005640625533583135,0.5640625533583135,Low Risk
4903-UYAVB,0.24007845269383432,24.00784526938343,Low Risk
0118-JPNOY,0.34860344604497673,34.86034460449767,Medium Risk
6776-TLWOI,0.24911245243903993,24.91124524390399,Low Risk
3845-FXCYS,0.16830885682914368,16.830885682914367,Low Risk
5857-XRECV,0.04722347214112854,4.722347214112855,Low Risk
0725-CXOTM,0.09362952207027857,9.362952207027856,Low Risk
4343-EJVQB,0.4035661206850709,40.35661206850709,Medium Risk
9000-PLFUZ,0.006286834130652375,0.6286834130652375,Low Risk
3427-GGZZI,0.5927565606575237,59.27565606575237,Medium Risk
7779-ORAEL,0.0028242506946655923,0.2824250694665592,Low Risk
0644-OQMDK,0.5648369979408328,56.48369979408328,Medium Risk
4077-CROMM,0.5938957560456075,59.389575604560754,Medium Risk
3154-CFSZG,0.21637921142066038,21.637921142066038,Low Risk
2868-MZAGQ,0.7135500148330943,71.35500148330944,High Risk
4847-QNOKA,0.5023985200340755,50.23985200340755,Medium Risk
2220-IAHLS,0.11425884747873895,11.425884747873894,Low Risk
1658-XUHBX,0.42330067202075694,42.330067202075696,Medium Risk
6379-RXJRQ,0.598277508484247,59.8277508484247,Medium Risk
2378-HTWFW,0.2906024211974167,29.06024211974167,Low Risk
8650-RHRKE,0.47187038292405775,47.187038292405774,Medium Risk
4377-VDHYI,0.1758125838635533,17.58125838635533,Low Risk
0475-RIJEP,0.5244056235571574,52.440562355715734,Medium Risk
1260-TTRXI,0.5734380548468765,57.34380548468765,Medium Risk
3719-TDVQB,0.002087186946589593,0.20871869465895931,Low Risk
6328-ZPBGN,0.7468752687901192,74.68752687901193,High Risk
0201-MIBOL,0.00807471301332488,0.807471301332488,Low Risk
4937-QPZPO,0.24691945908238866,24.691945908238864,Low Risk
2925-VDZHY,0.0014874235930072215,0.14874235930072216,Low Risk
6981-TDRFT,0.09167405507243089,9.167405507243089,Low Risk
3413-CSSTH,0.25026605326560536,25.026605326560535,Low Risk
8033-VCZGH,0.2389760854715953,23.89760854715953,Low Risk
4789-KWMXN,0.16676609734997494,16.676609734997495,Low Risk
0224-NIJLP,0.0030090945472570686,0.30090945472570685,Low Risk
7542-CYDDM,0.11753096866277771,11.75309686627777,Low Risk
4718-WXBGI,0.0018538384392634258,0.18538384392634258,Low Risk
2867-UIMSS,0.6174317292375482,61.74317292375482,High Risk
8495-PRWFH,0.3694081912741712,36.94081912741712,Medium Risk
0439-IFYUN,0.5488170454987159,54.88170454987159,Medium Risk
5716-LIBJC,0.487149171440867,48.7149171440867,Medium Risk
2868-LLSKM,0.06099297636910475,6.099297636910475,Low Risk
8111-RKSPX,0.5530842536839073,55.308425368390736,Medium Risk
2988-QRAJY,0.006287313581466146,0.6287313581466146,Low Risk
1585-MQSSU,0.3407349883381039,34.07349883381039,Medium Risk
0071-NDAFP,0.0014752439360909376,0.14752439360909375,Low Risk
2856-NNASM,0.7029014196736959,70.29014196736959,High Risk
7328-ZJAJO,0.0005363581561915394,0.05363581561915394,Low Risk
6458-CYIDZ,0.42772221163236973,42.77222116323697,Medium Risk
8559-CIZFV,0.16502547374598164,16.502547374598166,Low Risk
1090-PYKCI,0.05350733517626104,5.350733517626104,Low Risk
3058-WQDRE,0.258438057237481,25.843805723748098,Low Risk
7547-EKNFS,0.5165776244181022,51.65776244181022,Medium Risk
2279-AXJJK,0.22053317507126335,22.053317507126337,Low Risk
6769-DYBQN,0.3098709305804382,30.98709305804382,Medium Risk
0909-SELIE,0.0018953802041434167,0.18953802041434167,Low Risk
3417-TSCIC,0.13585578002455806,13.585578002455806,Low Risk
1042-HFUCW,0.08374235076578161,8.374235076578161,Low Risk
4439-JMPMT,0.5647444035413716,56.47444035413716,Medium Risk
6537-OTKMY,0.21091730806217435,21.091730806217434,Low Risk
8999-EXMNO,0.0025426112093539367,0.25426112093539366,Low Risk
6725-TPKJO,0.0013358264348613468,0.1335826434861347,Low Risk
2446-BEGGB,0.8591396590001349,85.9139659000135,High Risk
7162-WPHPM,0.001010671553923254,0.10106715539232539,Low Risk
1599-MMYRQ,0.05114040715771583,5.1140407157715835,Low Risk
8821-KVZKQ,0.04365162428918805,4.365162428918805,Low Risk
1496-GGSUK,0.6101657047635289,61.016570476352896,High Risk
6434-TTGJP,0.0026700891053469725,0.2670089105346973,Low Risk
0042-JVWOJ,0.034171544526311555,3.4171544526311557,Low Risk
0130-SXOUN,0.22896116267312572,22.89611626731257,Low Risk
2575-GFSOE,0.6258391108665431,62.58391108665431,High Risk
2330-PQGDQ,0.06161341058856743,6.161341058856743,Low Risk
1452-UZOSF,0.0021117768162326705,0.21117768162326706,Low Risk
2097-YVPKN,0.0009857970514033597,0.09857970514033597,Low Risk
2842-JTCCU,0.41110663988864493,41.110663988864495,Medium Risk
8597-CTXVJ,0.015114534057402068,1.5114534057402067,Low Risk
6631-HMANX,0.003546989522657448,0.3546989522657448,Low Risk
9962-BFPDU,0.16612298564656935,16.612298564656935,Low Risk
3296-SILRA,0.7384997778078373,73.84997778078373,High Risk
9681-OXGVC,0.8164222455398094,81.64222455398094,High Risk
6394-HHHZM,0.15648225871309115,15.648225871309116,Low Risk
5995-LFTLE,0.0009119073216509714,0.09119073216509714,Low Risk
5180-UCIIQ,0.3665120296335066,36.65120296335066,Medium Risk
1932-UEDCX,0.5476394120204464,54.76394120204464,Medium Risk
7153-OANIO,0.5882874197238982,58.82874197238982,Medium Risk
5188-HGMLP,0.25089382876406036,25.089382876406034,Low Risk
0665-XHDJU,0.013956305797721067,1.3956305797721067,Low Risk
6521-YYTYI,0.7714832214601927,77.14832214601927,High Risk
8878-HMWBV,0.5803027154860637,58.03027154860637,Medium Risk
8265-HKSOW,0.0018551543423064247,0.18551543423064246,Low Risk
3544-FBCAS,0.003784159724297811,0.3784159724297811,Low Risk
5331-RGMTT,0.5251359812908738,52.51359812908738,Medium Risk
4759-PXTAN,0.139708522782595,13.9708522782595,Low Risk
7054-DMVAS,0.0027317568448972387,0.27317568448972385,Low Risk
3428-MMGUB,0.01210129229066843,1.210129229066843,Low Risk
6549-BTYPG,0.002150615873124189,0.21506158731241892,Low Risk
7823-JSOAG,0.48947146971469313,48.947146971469316,Medium Risk
3705-RHRFR,0.004416152891036298,0.4416152891036298,Low Risk
9374-YOLBJ,0.14400478564782304,14.400478564782304,Low Risk
9074-KGVOX,0.0853805659273441,8.53805659273441,Low Risk
6128-DAFVY,0.18954301088000142,18.954301088000143,Low Risk
9933-QRGTX,0.004929918079102422,0.49299180791024216,Low Risk
4476-OSWTN,0.14392207377721433,14.392207377721434,Low Risk
3751-KTZEL,0.5579126760564757,55.79126760564756,Medium Risk
1977-STDKI,0.7533990737095452,75.33990737095452,High Risk
5066-GFJMM,0.20762383705311593,20.762383705311592,Low Risk
2661-GKBTK,0.0022063796320724665,0.22063796320724666,Low Risk
0458-HEUZG,0.005542086194910403,0.5542086194910403,Low Risk
7268-WNTCP,0.000426994821021143,0.0426994821021143,Low Risk
0824-VWDPO,0.12231032366111472,12.23103236611147,Low Risk
8409-WQJUX,0.1418247894676164,14.18247894676164,Low Risk
2578-JQPHZ,0.00577040764178989,0.577040764178989,Low Risk
3278-FSIXX,0.49349675730446674,49.34967573044668,Medium Risk
5813-UECBU,0.5034611588501259,50.34611588501259,Medium Risk
0328-GRPMV,0.6663514819578714,66.63514819578714,High Risk
9746-UGFAC,0.03194958326607786,3.194958326607786,Low Risk
2946-KIQSP,0.17956047369424327,17.956047369424326,Low Risk
0625-AFOHS,0.0019660025769375044,0.19660025769375045,Low Risk
6726-WEXXK,0.2367823788137319,23.67823788137319,Low Risk
4636-OLWOE,0.06095170322598543,6.095170322598543,Low Risk
4342-HENTK,0.6953829594483546,69.53829594483545,High Risk
4685-ERGHK,0.1988136508410672,19.88136508410672,Low Risk
0885-HMGPY,0.001013147272267744,0.1013147272267744,Low Risk
5003-OKNNK,0.03547073871973146,3.547073871973146,Low Risk
4195-SMMNX,0.25179696236814764,25.179696236814763,Low Risk
7208-PSIHR,0.005916678725399126,0.5916678725399126,Low Risk
4012-ZTHBR,0.37369285117395695,37.3692851173957,Medium Risk
0489-WMEMG,0.11439857404208242,11.439857404208242,Low Risk
7435-ZNUYY,0.07150446614424566,7.150446614424566,Low Risk
1354-YZFNB,0.0019688705481527412,0.19688705481527413,Low Risk
6956-SMUCM,0.5685494835118374,56.854948351183744,Medium Risk
2985-FMWYF,0.7133055210513085,71.33055210513085,High Risk
2812-ENYMO,0.046036728172180935,4.603672817218094,Low Risk
2717-HVIZY,0.14709442664133093,14.709442664133093,Low Risk
3223-WZWJM,0.6517084938199369,65.17084938199369,High Risk
3422-GALYP,0.5738454323630852,57.38454323630852,Medium Risk
9053-JZFKV,0.005074270198030083,0.5074270198030083,Low Risk
2530-ENDWQ,0.016206664400722427,1.6206664400722426,Low Risk
2890-WFBHU,0.03834233258415683,3.834233258415683,Low Risk
0327-WFZSY,0.323623761296255,32.362376129625495,Medium Risk
7977-HXJKU,0.002215856224438701,0.22158562244387012,Low Risk
6615-ZGEDR,0.25758988608214184,25.758988608214185,Low Risk
7033-CLAMM,0.0006880834506727167,0.06880834506727167,Low Risk
4023-RTIQM,0.11456351104468951,11.45635110446895,Low Risk
0864-FVJNJ,0.09217547159020081,9.217547159020082,Low Risk
7356-IWLFW,0.26858940560519756,26.858940560519756,Low Risk
9541-PWTWO,0.005650666377736559,0.565066637773656,Low Risk
3967-VQOGC,0.0012363140867429653,0.12363140867429653,Low Risk
7872-RDDLZ,0.22901826858788113,22.901826858788112,Low Risk
9250-WYPLL,0.6402792613559493,64.02792613559492,High Risk
6308-CQRBU,0.007213778823011283,0.7213778823011283,Low Risk
2754-XBHTB,0.6166483264603729,61.66483264603729,High Risk
1597-LHYNC,0.6493130757448112,64.93130757448112,High Risk
0186-CAERR,0.06800310928807249,6.8003109288072485,Low Risk
3043-SUDUA,0.05690867405124094,5.690867405124094,Low Risk
5442-BHQNG,0.5568467522825941,55.68467522825941,Medium Risk
2169-RRLFW,0.0005470167774486124,0.054701677744861246,Low Risk
5872-OEQNH,0.06171545363112253,6.171545363112253,Low Risk
3162-KKZXO,0.37489662673275265,37.48966267327526,Medium Risk
7055-VKGDA,0.12189904509258387,12.189904509258387,Low Risk
0754-UKWQP,0.7741111602713505,77.41111602713505,High Risk
8873-GLDMH,0.6921685064304904,69.21685064304904,High Risk
5696-JVVQY,0.0037735115075651546,0.3773511507565155,Low Risk
8946-BFWSG,0.0009367080712643492,0.09367080712643493,Low Risk
7493-TPUWZ,0.7087629199470652,70.87629199470652,High Risk
0547-HURJB,0.07563892450856698,7.563892450856698,Low Risk
8904-OPDCK,0.13461568361132112,13.461568361132112,Low Risk
8845-LWKGE,0.13769014146135988,13.769014146135989,Low Risk
1577-HKTFG,0.10039878781045372,10.039878781045372,Low Risk
8752-STIVR,0.714419043949779,71.4419043949779,High Risk
0691-NIKRI,0.22417488339068342,22.417488339068342,Low Risk
5022-JNQEQ,0.40681406024966443,40.68140602496644,Medium Risk
4558-FANTW,0.3292664160958782,32.92664160958782,Medium Risk
3249-VHRIP,0.00360487378447702,0.360487378447702,Low Risk
3736-BLEPA,0.1369383075219586,13.69383075219586,Low Risk
4701-LKOZD,0.0019122293520216782,0.19122293520216782,Low Risk
6603-QWSPR,0.00863388724427624,0.8633887244276239,Low Risk
9921-QFQUL,0.5629413770691489,56.294137706914896,Medium Risk
1929-ZCBHE,0.021882263897286442,2.1882263897286442,Low Risk
4378-MYPGO,0.004470099540917927,0.44700995409179267,Low Risk
8651-ENBZX,0.3568482468756083,35.68482468756083,Medium Risk
4129-LYCOI,0.00861848533957934,0.861848533957934,Low Risk
7798-JVXYM,0.40094146501124295,40.09414650112429,Medium Risk
8647-SDTWQ,0.2822151736182405,28.22151736182405,Low Risk
2696-ECXKC,0.17174127992967275,17.174127992967275,Low Risk
2081-KJSQF,0.19843302604507973,19.843302604507972,Low Risk
7623-TRNQN,0.3679076300359824,36.790763003598244,Medium Risk
3323-CPBWR,0.32209680844219546,32.20968084421955,Medium Risk
9330-IJWIO,0.6755890067212399,67.55890067212398,High Risk
3384-CTMSF,0.5209859738281498,52.09859738281498,Medium Risk
0902-RFHOF,0.03406157584511389,3.4061575845113894,Low Risk
9286-DOJGF,0.44628400933136336,44.628400933136334,Medium Risk
6048-QBXKL,0.5751303330678585,57.51303330678586,Medium Risk
9661-MHUMO,0.41003978186462536,41.00397818646254,Medium Risk
7718-RXDGG,0.35440257405511777,35.44025740551178,Medium Risk
1025-FALIX,0.33757456259382873,33.75745625938287,Medium Risk
3451-VAWLI,0.0009982229141830294,0.09982229141830294,Low Risk
3407-QGWLG,0.18150983183174288,18.150983183174286,Low Risk
1842-EZJMK,0.4212250769902738,42.12250769902738,Medium Risk
2347-WKKAE,0.33840975752062863,33.84097575206286,Medium Risk
8735-DCXNF,0.13255324040568398,13.255324040568398,Low Risk
3214-IYUUQ,0.04028334210252295,4.028334210252295,Low Risk
1936-UAFEH,0.0029151087509060054,0.29151087509060053,Low Risk
3587-PMCOY,0.38563225058737943,38.56322505873794,Medium Risk
8079-XRJRS,0.1345999017253279,13.459990172532791,Low Risk
1027-LKKQQ,0.0014784525028474162,0.1478452502847416,Low Risk
7148-XZPHA,0.13810410709669776,13.810410709669776,Low Risk
8073-IJDCM,0.32672452200128876,32.67245220012887,Medium Risk
5309-TAIKL,0.26684025491766267,26.684025491766267,Low Risk
6856-RAURS,0.7095850925131062,70.95850925131062,High Risk
8778-LMWTJ,0.37191582651509886,37.19158265150988,Medium Risk
9717-IOAAF,0.0018249037542981432,0.1824903754298143,Low Risk
8884-ADFVN,0.8358562547418809,83.58562547418809,High Risk
2845-KDHVX,0.0047186657326240625,0.4718665732624062,Low Risk
0848-SOMKO,0.000605079918477723,0.0605079918477723,Low Risk
2720-WGKHP,0.8451441586040943,84.51441586040943,High Risk
6734-FQAJX,0.005630672121062665,0.5630672121062665,Low Risk
2869-ADAWR,0.5185037537536743,51.85037537536743,Medium Risk
1535-VTJOQ,0.001850561540692231,0.1850561540692231,Low Risk
6368-TZZDT,0.0019719144705185685,0.19719144705185684,Low Risk
0943-ZQPXH,0.36652354796633124,36.65235479663313,Medium Risk
1293-BSEUN,0.0008365723544445752,0.08365723544445752,Low Risk
9894-EZEWG,0.6119296590432924,61.19296590432924,High Risk
1302-TPUBN,0.00043365011832642656,0.04336501183264266,Low Risk
7851-FLGGQ,0.4797960126462216,47.97960126462216,Medium Risk
0637-UBJRP,0.47070027800641506,47.070027800641505,Medium Risk
0940-OUQEC,0.5819508792754595,58.195087927545956,Medium Risk
2378-VTKDH,0.5103744947252875,51.03744947252875,Medium Risk
0927-CNGRH,0.15451236656482498,15.451236656482498,Low Risk
8608-OZTLB,0.054940987688985,5.4940987688985,Low Risk
2335-GSODA,0.0021722968840239857,0.21722968840239856,Low Risk
1952-DVVSW,0.07469310381650239,7.469310381650239,Low Risk
0702-PGIBZ,0.7876017000676658,78.76017000676659,High Risk
6656-GULJQ,0.0017892913752484395,0.17892913752484393,Low Risk
9853-JFZDU,0.1624101578586818,16.24101578586818,Low Risk
1963-VAUKV,0.19589047635008824,19.589047635008825,Low Risk
3777-XROBG,0.0005475319153887732,0.054753191538877324,Low Risk
6994-FGRHH,0.11857701181790677,11.857701181790677,Low Risk
4000-VGMQP,0.17764776887406036,17.764776887406036,Low Risk
3999-WRNGR,0.23308635937093544,23.308635937093545,Low Risk
3466-RITXD,0.38350076862912735,38.350076862912736,Medium Risk
2680-XKKNJ,0.06220062203007068,6.220062203007068,Low Risk
3058-HJCUY,0.3410727266798915,34.10727266798915,Medium Risk
2974-GGUXS,0.48399667264357843,48.399667264357845,Medium Risk
7994-XIRTR,0.0631962345679302,6.31962345679302,Low Risk
3259-FDWOY,0.015714608669663895,1.5714608669663894,Low Risk
2101-RANCD,0.37600018759540926,37.60001875954092,Medium Risk
7921-BEPCI,0.001416619545238516,0.1416619545238516,Low Risk
0807-ZABDG,0.3574256664078255,35.742566640782556,Medium Risk
8510-TMWYB,0.004877015814260465,0.48770158142604647,Low Risk
3258-ZKPAI,0.0029096841641552576,0.29096841641552573,Low Risk
1428-IEDPR,0.006928158867460027,0.6928158867460027,Low Risk
5298-GSTLM,0.16968310644759046,16.968310644759047,Low Risk
4450-YOOHP,0.2649058642578485,26.49058642578485,Low Risk
6728-CZFEI,0.2603787258945058,26.03787258945058,Low Risk
5748-RNCJT,0.009495228019734184,0.9495228019734184,Low Risk
3653-NCRDJ,0.035091320250229915,3.5091320250229914,Low Risk
6121-TNHBO,0.04333081946238735,4.333081946238735,Low Risk
5119-NZPTV,0.5158558460786568,51.58558460786568,Medium Risk
6519-ZHPXP,0.0026801828822741606,0.2680182882274161,Low Risk
7739-LAXOG,0.5611846680124035,56.11846680124035,Medium Risk
3472-QPRCH,0.0009961734155804819,0.09961734155804819,Low Risk
8224-UAXBZ,0.05908168619250134,5.908168619250135,Low Risk
9610-WCESF,0.0008480536692484741,0.08480536692484741,Low Risk
9776-CLUJA,0.44000660432827743,44.00066043282774,Medium Risk
2486-WYVVE,0.23936869979034686,23.936869979034686,Low Risk
3865-ZYKAD,0.1698880824247394,16.98880824247394,Low Risk
1422-DGUBX,0.156945308861469,15.694530886146902,Low Risk
2999-AANRQ,0.002930781317517303,0.2930781317517303,Low Risk
8668-KNZTI,0.053459656085893016,5.345965608589301,Low Risk
0480-KYJVA,0.0004923682396079212,0.04923682396079211,Low Risk
6034-ZRYCV,0.009711974849449204,0.9711974849449203,Low Risk
9746-YKGXB,0.0321872915706063,3.21872915706063,Low Risk
3926-YZVVX,0.0460609145736632,4.60609145736632,Low Risk
6000-UKLWI,0.0014508780142287272,0.14508780142287273,Low Risk
2079-FBMZK,0.6381426509682507,63.814265096825075,High Risk
6332-FBZRI,0.023943990436397857,2.3943990436397855,Low Risk
2096-XOTMO,0.1298906267915115,12.98906267915115,Low Risk
3266-FTKHB,0.0027025083297215393,0.2702508329721539,Low Risk
8221-EQDGL,0.19157490980653755,19.157490980653755,Low Risk
2346-LOCWC,0.000542790478791857,0.0542790478791857,Low Risk
6608-QQLVK,0.517754387365522,51.7754387365522,Medium Risk
0298-XACET,0.0025740862168900248,0.25740862168900247,Low Risk
7560-QJAVJ,0.001330348307942874,0.1330348307942874,Low Risk
2995-YWTCD,0.002459003726097343,0.24590037260973427,Low Risk
3551-HUAZH,0.7530655690366856,75.30655690366856,High Risk
9137-UIYPG,0.2693446170611311,26.93446170611311,Low Risk
2809-ZMYOQ,0.591419921215129,59.1419921215129,Medium Risk
5084-OOVCJ,0.1182323716132751,11.82323716132751,Low Risk
0254-WWRKD,0.042302914755384995,4.2302914755384995,Low Risk
7727-SHVZV,0.09515923410337017,9.515923410337017,Low Risk
6302-JGYRJ,0.3397002298683046,33.970022986830465,Medium Risk
5339-PXDVH,0.5117306510439437,51.17306510439437,Medium Risk
2205-LPVGL,0.05677021481103537,5.677021481103537,Low Risk
8782-NUUOL,0.05711986376560168,5.7119863765601675,Low Risk
3685-YLCMQ,0.2798756901456002,27.98756901456002,Low Risk
7601-WFVZV,0.16446210258267221,16.44621025826722,Low Risk
4609-KNNWG,0.0020805550712742543,0.20805550712742543,Low Risk
4868-AADLV,0.13048040684288947,13.048040684288948,Low Risk
9529-OFXHY,0.35219089348529864,35.21908934852986,Medium Risk
8634-MPHTR,0.7013013434343155,70.13013434343155,High Risk
2669-QVCRG,0.2408233435994263,24.08233435994263,Low Risk
2478-EEWWM,0.21802939434367227,21.80293943436723,Low Risk
9174-IHETN,0.0046015062421773,0.46015062421773,Low Risk
2233-TXSIU,0.0694368891340367,6.94368891340367,Low Risk
9644-UMGQA,0.27660150692072205,27.660150692072204,Low Risk
3256-EZDBI,0.1570736752704372,15.70736752704372,Low Risk
8761-NSOBC,0.4133625505099055,41.33625505099055,Medium Risk
0419-YAAPX,0.28789141401101326,28.789141401101325,Low Risk
8413-VONUO,0.7298587734130974,72.98587734130973,High Risk
0872-CASZJ,0.06216700011509601,6.216700011509601,Low Risk
4726-DLWQN,0.21268979028958207,21.268979028958206,Low Risk
8164-OCKUJ,0.0009019482430122451,0.09019482430122451,Low Risk
3094-JOJAI,0.5359435049630622,53.59435049630622,Medium Risk
9494-MRNYX,0.45356907303245964,45.35690730324596,Medium Risk
2599-CZABP,0.18636550941264934,18.636550941264936,Low Risk
7945-PRBVF,0.0009447035836532094,0.09447035836532094,Low Risk
4544-RXFMG,0.2522459340669452,25.224593406694517,Low Risk
0859-YGKFW,0.02897613840741062,2.8976138407410623,Low Risk
1150-FTQGN,0.07757773754177215,7.757773754177215,Low Risk
9223-UCPVT,0.7577712573838324,75.77712573838325,High Risk
7196-LIWRH,0.00392487191527756,0.392487191527756,Low Risk
5448-VWNAM,0.2818737104207804,28.18737104207804,Low Risk
1177-XZBJL,0.02259873538500297,2.259873538500297,Low Risk
3518-FSTWG,0.007858164081153913,0.7858164081153912,Low Risk
9330-VOFSZ,0.00802853474579228,0.8028534745792281,Low Risk
4351-QLCSU,0.5737688478664154,57.37688478664153,Medium Risk
0939-EREMR,0.2727002738827233,27.27002738827233,Low Risk
9389-ACWBI,0.4182355464664009,41.82355464664009,Medium Risk
5419-JPRRN,0.8108484041271568,81.08484041271568,High Risk
3644-QXEHN,0.5301234071245031,53.01234071245031,Medium Risk
2911-IJORQ,0.09103590844104399,9.1035908441044,Low Risk
5921-NGYRH,0.1742406302100786,17.42406302100786,Low Risk
2100-BDNSN,0.4356659128391356,43.56659128391356,Medium Risk
5998-DZLYR,0.005225541548446904,0.5225541548446905,Low Risk
0488-GSLFR,0.6682373074618844,66.82373074618843,High Risk
9318-NKNFC,0.22612652951500806,22.612652951500806,Low Risk
3985-HOYPM,0.04572913102345658,4.572913102345658,Low Risk
9728-FTTVZ,0.6691782451430497,66.91782451430497,High Risk
9548-LERKT,0.0022450112065676214,0.22450112065676214,Low Risk
6576-FBXOJ,0.1311435904872969,13.11435904872969,Low Risk
4310-KEDTB,0.29525147625810727,29.525147625810728,Low Risk
7254-IQWOZ,0.6439634864388177,64.39634864388178,High Risk
2474-BRUCM,0.5376476996310757,53.764769963107575,Medium Risk
4062-HBMOS,0.5039684410144395,50.396844101443946,Medium Risk
0742-NXBGR,0.697829070171367,69.7829070171367,High Risk
2676-ISHSF,0.16301818701084275,16.301818701084276,Low Risk
9236-NDUCW,0.0024782399943969746,0.24782399943969746,Low Risk
4753-PADAS,0.22064784566195075,22.064784566195076,Low Risk
6103-QCKFX,0.05025967257144505,5.025967257144505,Low Risk
7781-EWARA,0.04394538396432049,4.394538396432049,Low Risk
6110-OHIHY,0.6443826924233969,64.43826924233969,High Risk
7018-FPXHH,0.0019222255526305386,0.19222255526305387,Low Risk
5889-LFOLL,0.7267921165093697,72.67921165093696,High Risk
5708-EVONK,0.32226721250999024,32.22672125099903,Medium Risk
8708-XPXHZ,0.6480223253792335,64.80223253792336,High Risk
0616-ATFGB,0.42991303220976684,42.99130322097668,Medium Risk
0572-ZJKLT,0.005414373604749857,0.5414373604749857,Low Risk
5135-RDDQL,0.0014871811376025402,0.148718113760254,Low Risk
1353-LJWEM,0.2956300633536878,29.56300633536878,Low Risk
1794-SWWKL,0.22106939394482078,22.10693939448208,Low Risk
6166-YIPFO,0.0016316758004893317,0.16316758004893317,Low Risk
7016-BPGEU,0.2852105605054888,28.521056050548882,Low Risk
6876-ADESB,0.5191979289927648,51.91979289927649,Medium Risk
9332-GYWLO,0.4182391972425078,41.82391972425078,Medium Risk
1963-SVUCV,0.5072638775429532,50.726387754295324,Medium Risk
4184-VODJZ,0.20090352065906292,20.09035206590629,Low Risk
0220-EBGCE,0.7230184314114512,72.30184314114511,High Risk
1092-WPIVQ,0.0032992255012708077,0.32992255012708077,Low Risk
7233-IOQNP,0.04078364622163634,4.078364622163634,Low Risk
2834-JKOOW,0.07197376801794257,7.197376801794257,Low Risk
2754-VDLTR,0.709538319387017,70.9538319387017,High Risk
2400-FEQME,0.0008988596285905236,0.08988596285905236,Low Risk
3190-XFANI,0.21262382967552454,21.262382967552455,Low Risk
7551-DACSP,0.5134490588496152,51.34490588496152,Medium Risk
4957-SREEC,0.00035710523623317596,0.03571052362331759,Low Risk
7235-NXZCP,0.7814199688650273,78.14199688650272,High Risk
0230-UBYPQ,0.01345433032665612,1.3454330326656119,Low Risk
4923-ADWXJ,0.23248207143717944,23.248207143717945,Low Risk
1763-KUAAW,0.04839123436356236,4.839123436356236,Low Risk
1104-TNLZA,0.5272833951188063,52.72833951188063,Medium Risk
5195-KPUNQ,0.133194460167901,13.319446016790101,Low Risk
0520-FDVVT,0.3839455503580553,38.394555035805524,Medium Risk
3439-GVUSX,0.39201432649699003,39.201432649699,Medium Risk
1444-VVSGW,0.0941810072820264,9.41810072820264,Low Risk
5712-PTIWW,0.4739166625911689,47.39166625911689,Medium Risk
5949-HGVJL,0.404388018648165,40.4388018648165,Medium Risk
5203-XEHAX,0.11613116219012964,11.613116219012964,Low Risk
1635-HDGFT,0.0025680076323635653,0.25680076323635653,Low Risk
3315-TOTBP,0.6672337961823721,66.72337961823722,High Risk
8050-XGRVL,0.029378362775413686,2.9378362775413684,Low Risk
6661-HBGWL,0.6299356350361586,62.99356350361586,High Risk
1518-VOWAV,0.5957060924933654,59.570609249336535,Medium Risk
9828-QHFBK,0.21825199351779687,21.825199351779688,Low Risk
3908-MKIMJ,0.0021966739471902153,0.21966739471902152,Low Risk
5012-YSPJJ,0.1794811392030755,17.948113920307552,Low Risk
5909-ECHUI,0.6585365641985338,65.85365641985338,High Risk
1309-BXVOQ,0.623127767914084,62.312776791408396,High Risk
6728-VOIFY,0.2289812820628529,22.89812820628529,Low Risk
9317-WZPGV,0.7181468387948772,71.81468387948772,High Risk
4891-NLUBA,0.0024104023210864585,0.24104023210864584,Low Risk
2856-HYAPG,0.5685569000075443,56.855690000754436,Medium Risk
8969-PRHFK,0.05519383869957266,5.519383869957266,Low Risk
0661-KQHNK,0.04458377073558518,4.458377073558518,Low Risk
8709-KRDVL,0.6728200604310073,67.28200604310072,High Risk
4488-PSYCG,0.12361068257568099,12.3610682575681,Low Risk
1427-VERSM,0.31035193454506266,31.035193454506267,Medium Risk
9801-NOSHQ,0.044864648026498984,4.486464802649898,Low Risk
6339-YPSAH,0.4926052759718209,49.26052759718209,Medium Risk
3621-CEOVK,0.8327109845966562,83.27109845966561,High Risk
6906-ANDWJ,0.5210528404451318,52.105284044513176,Medium Risk
2159-TURXX,0.10400565004832175,10.400565004832176,Low Risk
1548-FEHVL,0.30983796762391824,30.983796762391826,Medium Risk
3795-CAWEX,0.003135941417720203,0.31359414177202033,Low Risk
6215-NQCPY,0.5076380857648,50.763808576479995,Medium Risk
5647-URDKA,0.0030245022493231026,0.3024502249323103,Low Risk
2229-DPMBI,0.003379894658869647,0.33798946588696466,Low Risk
9626-WEQRM,0.2779080579013387,27.79080579013387,Low Risk
2188-SXWVT,0.10056125090685046,10.056125090685047,Low Risk
6258-PVZWJ,0.0022685251979675616,0.22685251979675616,Low Risk
1094-BKOSX,0.04283123447884569,4.283123447884569,Low Risk
6969-MVBAI,0.784505312300058,78.45053123000581,High Risk
2978-XXSOG,0.22143622036885444,22.143622036885443,Low Risk
2342-CKIAO,0.1748868468022602,17.48868468022602,Low Risk
6953-PBDIN,0.002010864337982183,0.20108643379821828,Low Risk
3898-BSJYF,0.09585182320057102,9.585182320057102,Low Risk
3938-YFPXD,0.001505030010359822,0.15050300103598221,Low Risk
7696-AMHOD,0.12399576529631584,12.399576529631585,Low Risk
2453-SAFNS,0.13308249097943564,13.308249097943564,Low Risk
9558-IHEZX,0.006945504846699762,0.6945504846699763,Low Risk
9617-UDPEU,0.07123006568017448,7.123006568017448,Low Risk
6340-DACFT,0.0006692942379299013,0.06692942379299013,Low Risk
4955-VCWBI,0.02982244441015258,2.9822444410152578,Low Risk
6813-GZQCG,0.0012867608106750309,0.12867608106750308,Low Risk
7426-GSWPO,0.29627758925997344,29.627758925997345,Low Risk
3389-KTRXV,0.0029697297854799076,0.29697297854799076,Low Risk
3118-UHVVQ,0.0005918695057308992,0.05918695057308992,Low Risk
1031-IIDEO,0.6639868533499802,66.39868533499802,High Risk
5832-XKAES,0.558326153269043,55.8326153269043,Medium Risk
3205-MXZRA,0.07816201021939811,7.816201021939811,Low Risk
4701-AHWMW,0.12343930630592233,12.343930630592233,Low Risk
8317-BVKSO,0.13574556037441493,13.574556037441493,Low Risk
5702-KVQRD,0.0022001843191971665,0.22001843191971665,Low Risk
0083-PIVIK,0.04307861061462472,4.307861061462472,Low Risk
9210-IAHGH,0.4875855119173421,48.75855119173421,Medium Risk
6169-PGNCD,0.00183227019983681,0.18322701998368102,Low Risk
0023-XUOPT,0.7055559760235528,70.55559760235528,High Risk
4592-IWTJI,0.22979158858607365,22.979158858607367,Low Risk
4909-JOUPP,0.0060659742002712414,0.6065974200271241,Low Risk
4657-FWVFY,0.3987881916093414,39.87881916093414,Medium Risk
2257-BOVXD,0.31023865227420444,31.023865227420444,Medium Risk
7729-JTEEC,0.4035741753909428,40.35741753909428,Medium Risk
7632-MNYOY,0.2113410236639034,21.13410236639034,Low Risk
6518-LGAOV,0.5092383883122459,50.923838831224586,Medium Risk
7242-QZLXF,0.44598516902382895,44.5985169023829,Medium Risk
4576-CSAJH,0.14493188199420345,14.493188199420345,Low Risk
1000-AJSLD,0.3045186792754761,30.45186792754761,Medium Risk
9696-RMYBA,0.5989641393021412,59.89641393021412,Medium Risk
8690-UPCZI,0.048984249850366327,4.898424985036633,Low Risk
1062-LHZOD,0.6135440509776566,61.354405097765664,High Risk
9770-LXDBK,0.17160530888762546,17.160530888762544,Low Risk
4086-WITJG,0.0003488638621250123,0.03488638621250123,Low Risk
8344-WFMFH,0.3933501052712153,39.335010527121526,Medium Risk
9600-NAXZN,0.649542190013797,64.9542190013797,High Risk
8822-KNBHV,0.13950210182570025,13.950210182570025,Low Risk
8404-FYDIB,0.2637805927075962,26.378059270759618,Low Risk
2791-SFVEW,0.09451265173393034,9.451265173393034,Low Risk
6457-USBER,0.7090524771349219,70.90524771349219,High Risk
6762-NSODU,0.0007536679461110122,0.07536679461110123,Low Risk
4662-EKDPQ,0.5335977148995487,53.359771489954866,Medium Risk
9248-OJYKK,0.7476667756603846,74.76667756603847,High Risk
9888-ZCUMM,0.0011072216622303743,0.11072216622303743,Low Risk
3398-FSHON,0.7900777160014187,79.00777160014188,High Risk
3319-DWOEP,0.7907450382395872,79.07450382395872,High Risk
1074-WVEVG,0.021864884219137203,2.18648842191372,Low Risk
9979-RGMZT,0.5953809736496206,59.53809736496206,Medium Risk
6437-UDQJM,0.005746190329700434,0.5746190329700434,Low Risk
1226-IENZN,0.5899810998294226,58.99810998294226,Medium Risk
2108-GLPQB,0.254755315478888,25.475531547888803,Low Risk
9259-PACGQ,0.21599397593924374,21.599397593924373,Low Risk
4415-IJZTP,0.6838418247041332,68.38418247041332,High Risk
1465-VINDH,0.7509500867160732,75.09500867160732,High Risk
5474-LAMUQ,0.04696833007823812,4.696833007823812,Low Risk
3468-DRVQJ,0.19482044580283941,19.48204458028394,Low Risk
1122-YJBCS,0.031214739497380253,3.1214739497380255,Low Risk
4990-ALDGW,0.0009440258490617253,0.09440258490617252,Low Risk
4816-OKWNX,0.12652661974977802,12.652661974977802,Low Risk
3315-IKYZQ,0.052098134781652254,5.209813478165225,Low Risk
2810-FTLEM,0.39556416988804344,39.556416988804344,Medium Risk
4747-LCAQL,0.2768727773472496,27.687277734724958,Low Risk
3411-WLRSQ,0.5288103114212985,52.88103114212986,Medium Risk
0898-XCGTF,0.17731431811366505,17.731431811366505,Low Risk
8006-PYCSW,0.17529096057882135,17.529096057882136,Low Risk
8249-THVEC,0.022118319085118427,2.2118319085118427,Low Risk
8722-PRFDV,0.002078917057613804,0.20789170576138039,Low Risk
2164-SOQXL,0.11357291762384586,11.357291762384586,Low Risk
4020-KIUDI,0.08625827666160873,8.625827666160873,Low Risk
5850-BDWCY,0.1628833141745747,16.28833141745747,Low Risk
2038-YSEZE,0.16297374674104528,16.29737467410453,Low Risk
0827-ITJPH,0.0012855870038223046,0.12855870038223047,Low Risk
8799-OXZMD,0.30100038576289384,30.100038576289386,Medium Risk
1925-TIBLE,0.7341579273942067,73.41579273942067,High Risk
1705-GUHPV,0.0011820979228488414,0.11820979228488414,Low Risk
4779-ZGICK,0.001417383752173437,0.1417383752173437,Low Risk
0048-PIHNL,0.016082840491941336,1.6082840491941335,Low Risk
0818-OCPZO,0.6008285365837898,60.08285365837898,High Risk
3967-KXAPS,0.001569240115860782,0.15692401158607822,Low Risk
1447-GIQMR,0.6428191780037155,64.28191780037155,High Risk
3704-IEAXF,0.0013558678262114764,0.13558678262114765,Low Risk
6810-VCAEX,0.018315688082486993,1.8315688082486994,Low Risk
0674-EYYZV,0.5169043629744802,51.69043629744802,Medium Risk
4480-MBMLB,0.3281009072791887,32.810090727918876,Medium Risk
1395-OFUWC,0.10861711622076504,10.861711622076504,Low Risk
0822-QGCXA,0.4946869794194161,49.468697941941606,Medium Risk
0872-NXJYS,0.7015032554608892,70.15032554608892,High Risk
2832-KJCRD,0.440107724092179,44.0107724092179,Medium Risk
3588-WSTTJ,0.5158721121020692,51.58721121020692,Medium Risk
5090-EMGTC,0.010159956175547841,1.0159956175547842,Low Risk
2346-CZYIL,0.0012122815636849158,0.12122815636849157,Low Risk
3798-EPWRR,0.468160672316626,46.8160672316626,Medium Risk
6258-NGCNG,0.19589600415381345,19.589600415381344,Low Risk
4186-ZBUEW,0.18704962040671927,18.704962040671926,Low Risk
5274-XHAKY,0.26524366727835885,26.524366727835886,Low Risk
1442-BQPVU,0.27571283059318974,27.571283059318972,Low Risk
3978-YNKDD,0.0013719774329361296,0.13719774329361295,Low Risk
4940-KHCWD,0.0005842698129666137,0.05842698129666137,Low Risk
9412-ARGBX,0.016471511280331343,1.6471511280331343,Low Risk
1389-CXMLU,0.7638059351321519,76.38059351321519,High Risk
9589-ABEPT,0.006771916463197207,0.6771916463197207,Low Risk
9388-ZEYVT,0.061939100442338926,6.193910044233893,Low Risk
0305-SQECB,0.07466026196734207,7.466026196734207,Low Risk
7605-SNLQG,0.20204570865946223,20.204570865946224,Low Risk
4670-TABXH,0.005648454760277225,0.5648454760277225,Low Risk
5561-NWEVX,0.7391719821557046,73.91719821557045,High Risk
0064-SUDOG,0.001725944224619071,0.1725944224619071,Low Risk
8561-NMTBD,0.1206016677732905,12.06016677732905,Low Risk
5161-XEUVX,0.010464600852293286,1.0464600852293287,Low Risk
8292-FRFZQ,0.021479812287712535,2.1479812287712536,Low Risk
8591-NXRCV,0.13992967858105354,13.992967858105354,Low Risk
7895-VONWT,0.4056839733301847,40.56839733301847,Medium Risk
4526-RMTLL,0.005444629151173033,0.5444629151173033,Low Risk
6253-GNHWH,0.0014162440850569661,0.1416244085056966,Low Risk
4566-NECEV,0.5936120317227112,59.36120317227112,Medium Risk
8080-POTJR,0.18072853317217696,18.072853317217696,Low Risk
6906-MPARY,0.11910887582982087,11.910887582982086,Low Risk
3662-FXJFO,0.0014897349817809568,0.1489734981780957,Low Risk
8107-RZLNV,0.009368042773048696,0.9368042773048696,Low Risk
0516-OOHAR,0.23278147588584194,23.278147588584194,Low Risk
2027-CWDNU,0.35167902603498113,35.16790260349811,Medium Risk
2737-WFVYW,0.6267180205300869,62.67180205300868,High Risk
9912-OMZDS,0.28871323483994427,28.871323483994427,Low Risk
3733-ZEECP,0.20537137708573766,20.537137708573766,Low Risk
7878-RTCZG,0.1788173969195107,17.881739691951072,Low Risk
2452-MRMZF,0.000970278590117736,0.0970278590117736,Low Risk
2272-QAGFO,0.7227175591382441,72.2717559138244,High Risk
7103-IPXPJ,0.15575513388247844,15.575513388247844,Low Risk
4342-HFXWS,0.0302178271095614,3.02178271095614,Low Risk
3545-CNWRG,0.5031536428505501,50.31536428505501,Medium Risk
1785-BPHTP,0.3888662470361432,38.886624703614316,Medium Risk
4989-LIXVT,0.47678653592934367,47.67865359293437,Medium Risk
7315-WYOAW,0.447198352575129,44.719835257512905,Medium Risk
1173-XZPYF,0.6227572266590121,62.27572266590121,High Risk
9850-OWRHQ,0.626762631363721,62.6762631363721,High Risk
3768-NLUBH,0.5319994029004484,53.19994029004484,Medium Risk
8676-TRMJS,0.6203002568319419,62.03002568319419,High Risk
2509-TFPJU,0.00047724380969099006,0.047724380969099006,Low Risk
9530-GRMJG,0.005009869453623647,0.5009869453623647,Low Risk
6898-RBTLU,0.004197972524115873,0.41979725241158733,Low Risk
5481-NTDOH,0.16330620109353702,16.330620109353703,Low Risk
2068-WWXQZ,0.0007271194350284082,0.07271194350284081,Low Risk
7359-SSBJK,0.0034338017376217512,0.3433801737621751,Low Risk
2061-VVFST,0.05129133938180017,5.129133938180018,Low Risk
0685-MLYYM,0.6354554877323358,63.545548773233584,High Risk
0749-IRGQE,0.44886011480385746,44.88601148038575,Medium Risk
2380-DAMQP,0.004140704324431569,0.4140704324431569,Low Risk
2256-YLYLP,0.0025630825140439736,0.25630825140439734,Low Risk
1272-ILHFG,0.05507419098495638,5.507419098495638,Low Risk
0164-XAIRP,0.0018613576208777178,0.18613576208777177,Low Risk
5666-CYCYZ,0.4162799609871252,41.62799609871252,Medium Risk
4011-ARPHK,0.20788048453737207,20.788048453737208,Low Risk
8182-PNAGI,0.17396696840060305,17.396696840060304,Low Risk
6365-HITVU,0.0012638290654184633,0.12638290654184633,Low Risk
7558-IMLMT,0.000855446100275532,0.0855446100275532,Low Risk
9488-FYQAU,0.007450142609246285,0.7450142609246285,Low Risk
3590-TCXTB,0.16292228590577448,16.292228590577448,Low Risk
6994-KERXL,0.4832897606354485,48.32897606354485,Medium Risk
7957-RYHQD,0.37902171818036107,37.90217181803611,Medium Risk
2180-DXNEG,0.7564596912752749,75.6459691275275,High Risk
1960-UOTYM,0.004693147357589362,0.4693147357589362,Low Risk
2740-JFBOK,0.1758228740426859,17.58228740426859,Low Risk
6500-JVEGC,0.07299760948508845,7.299760948508845,Low Risk
5515-AKOAJ,0.4771799980591269,47.71799980591269,Medium Risk
8976-OQHGT,0.32065233585987746,32.06523358598775,Medium Risk
5245-VDBUR,0.047212816467467666,4.721281646746767,Low Risk
6230-BSUXY,0.8036906344144631,80.36906344144631,High Risk
8469-SNFFH,0.024806071088387664,2.4806071088387665,Low Risk
2144-ESWKO,0.04107205661537738,4.107205661537738,Low Risk
1241-FPMOF,0.0010919770685259027,0.10919770685259027,Low Risk
9928-BZVLZ,0.004673599605970572,0.4673599605970572,Low Risk
4114-QMKVN,0.05723840038023169,5.723840038023169,Low Risk
9003-CPATH,0.3301133038086379,33.01133038086379,Medium Risk
1754-GKYPY,0.5319827185957842,53.19827185957842,Medium Risk
5294-CDGWY,0.11661300196867742,11.661300196867742,Low Risk
7956-XQWGU,0.07582141738773285,7.582141738773284,Low Risk
1591-MQJTP,0.1578951234964243,15.789512349642429,Low Risk
5295-PCJOO,0.41429151142012316,41.429151142012316,Medium Risk
2369-FEVNO,0.22361694802638898,22.361694802638898,Low Risk
9863-JZAIC,0.45245629006805804,45.24562900680581,Medium Risk
7471-MQPOS,0.0704055768308077,7.0405576830807695,Low Risk
7660-HDPJV,0.6691782451430497,66.91782451430497,High Risk
5115-SQAAU,0.000661795717168598,0.0661795717168598,Low Risk
9845-QOMAD,0.05492152923464573,5.492152923464573,Low Risk
7672-VFMXZ,0.054245780811625115,5.424578081162512,Low Risk
9739-JLPQJ,0.002564314089643156,0.2564314089643156,Low Risk
9916-AYHTC,0.0007088565041711762,0.07088565041711761,Low Risk
3855-ONCAR,0.6150909293057373,61.50909293057373,High Risk
1488-SYSFC,0.08774341208150302,8.774341208150302,Low Risk
7931-PXHFC,0.14779753362585282,14.779753362585282,Low Risk
3990-QYKBE,0.7300266324487348,73.00266324487347,High Risk
0970-QXPXW,0.1793344009773745,17.93344009773745,Low Risk
3259-KNMRR,0.011963089110722382,1.1963089110722382,Low Risk
6120-RJKLU,0.002926211154209147,0.2926211154209147,Low Risk
9572-WUKSB,0.27204838167251044,27.204838167251044,Low Risk
5893-KCLGT,0.0008629394159456683,0.08629394159456683,Low Risk
0076-LVEPS,0.12161466682890384,12.161466682890385,Low Risk
3640-JQGJG,0.2292078210211528,22.920782102115282,Low Risk
4919-MOAVT,0.5648185108798089,56.48185108798089,Medium Risk
1596-OQSPS,0.3660798195160126,36.60798195160126,Medium Risk
9867-XOBQA,0.003789809533743861,0.3789809533743861,Low Risk
9546-KDTRB,0.09432928659916696,9.432928659916696,Low Risk
3090-HAWSU,0.0068848888656564,0.68848888656564,Low Risk
9820-RMCQV,0.2927939163256324,29.27939163256324,Low Risk
3174-RKMOW,0.4282725684430871,42.82725684430871,Medium Risk
1760-CAZHT,0.09259544369168314,9.259544369168314,Low Risk
7839-QRKXN,0.3270353712309508,32.703537123095074,Medium Risk
8441-SHIPE,0.0007817904042138365,0.07817904042138366,Low Risk
5204-QZXPU,0.4012763634860627,40.12763634860627,Medium Risk
4597-ELFTS,0.04100959893001258,4.100959893001258,Low Risk
1320-GVNHT,0.005465461002456485,0.5465461002456485,Low Risk
1047-RNXZV,0.00139011257447984,0.139011257447984,Low Risk
3541-ZNUHK,0.22707935254321404,22.707935254321406,Low Risk
8450-JOVAH,0.45281057907340805,45.2810579073408,Medium Risk
8725-JEDFD,0.4332402682354791,43.32402682354791,Medium Risk
7562-UXTPG,0.5218837365980026,52.188373659800256,Medium Risk
8071-SBTRN,0.011465008859692209,1.146500885969221,Low Risk
1113-IUJYX,0.22608197720071477,22.608197720071477,Low Risk
6668-CNMFP,0.21777061327134759,21.77706132713476,Low Risk
5626-MGTUK,0.34978772720394574,34.97877272039457,Medium Risk
5681-LLOEI,0.05745090617636325,5.7450906176363254,Low Risk
8212-DJRCH,0.5572102481790396,55.72102481790397,Medium Risk
4323-OHFOW,0.1477201661294518,14.77201661294518,Low Risk
4933-BSAIP,0.0016489145179903128,0.16489145179903128,Low Risk
2030-BTZRO,0.002399940799965979,0.23999407999659791,Low Risk
1116-DXXDF,0.012353951376969638,1.2353951376969639,Low Risk
9274-CNFMO,0.6890967915362836,68.90967915362836,High Risk
7758-XKCBS,0.28009005009597077,28.009005009597075,Low Risk
8992-JQYUN,0.6246645597607037,62.466455976070364,High Risk
6563-VNPMN,0.14581446127516365,14.581446127516365,Low Risk
0617-AQNWT,0.002070692626276009,0.20706926262760092,Low Risk
2267-WTPYD,0.37147828163849017,37.14782816384902,Medium Risk
0270-THENM,0.0007148667724584041,0.0714866772458404,Low Risk
2446-PLQVO,0.6418498484101832,64.18498484101832,High Risk
4707-MAXGU,0.00047673924303783216,0.04767392430378321,Low Risk
2710-WYVXG,0.007831026543639055,0.7831026543639055,Low Risk
3005-NFMTA,0.5362023461790022,53.62023461790022,Medium Risk
6300-BWMJX,0.2313210529075631,23.13210529075631,Low Risk
8784-CGILN,0.5611839259986805,56.11839259986805,Medium Risk
5389-FFVKB,0.5639639916815853,56.39639916815853,Medium Risk
7009-LGECI,0.24546145949021325,24.546145949021327,Low Risk
8444-WRIDW,0.41966533637023185,41.96653363702318,Medium Risk
5022-KVDQT,0.4468789884233033,44.687898842330334,Medium Risk
7976-CICYS,0.11965817307849379,11.96581730784938,Low Risk
1036-GUDCL,0.0868404064762967,8.68404064762967,Low Risk
2005-DWQZJ,0.003405223520689217,0.34052235206892173,Low Risk
8148-WOCMK,0.0017808401899356277,0.17808401899356277,Low Risk
7815-PDTHL,0.0021953849324837385,0.21953849324837385,Low Risk
9451-LPGOO,0.7236499017720256,72.36499017720256,High Risk
9173-IVZVP,0.0010495830457940482,0.10495830457940482,Low Risk
9129-UXERG,0.5293578274331507,52.93578274331507,Medium Risk
3635-JBPSG,0.016294839639231656,1.6294839639231655,Low Risk
7964-ZRKKG,0.13368522639054636,13.368522639054635,Low Risk
5868-YWPDW,0.7679542543959254,76.79542543959253,High Risk
6229-LSCKB,0.6235006032655849,62.350060326558484,High Risk
2025-JKFWI,0.6428778223992754,64.28778223992754,High Risk
4078-SAYYN,0.7764750730620181,77.64750730620182,High Risk
1724-IQWNM,0.18953108906733762,18.95310890673376,Low Risk
8217-QYOHV,0.22447228110967,22.447228110967,Low Risk
5546-QUERU,0.07827226250366451,7.827226250366451,Low Risk
9940-HPQPG,0.44939833681093777,44.93983368109377,Medium Risk
6897-UUBNU,0.3246562137530828,32.46562137530828,Medium Risk
6127-IYJOZ,0.5458882176593184,54.58882176593184,Medium Risk
6618-RYATB,0.7656493188648663,76.56493188648663,High Risk
8930-XOTDP,0.4341302753236994,43.41302753236994,Medium Risk
5916-QEWPT,0.47173829029839426,47.173829029839425,Medium Risk
5060-TQUQN,0.23120169005480404,23.120169005480403,Low Risk
0531-XBKMM,0.0007494249684669364,0.07494249684669364,Low Risk
8465-SBRXP,0.006907394256803895,0.6907394256803895,Low Risk
2408-PSJVE,0.18528081198147198,18.5280811981472,Low Risk
9079-YEXQJ,0.460651137722537,46.0651137722537,Medium Risk
9700-ZCLOT,0.16066897099765787,16.066897099765786,Low Risk
8738-JOKAR,0.087829114067703,8.7829114067703,Low Risk
4534-WGCIR,0.0007001670921495778,0.07001670921495778,Low Risk
1930-WNXSB,0.3866828773304843,38.66828773304843,Medium Risk
2685-SREOM,0.6822715323872539,68.22715323872539,High Risk
3508-CFVZL,0.005277069100134307,0.5277069100134307,Low Risk
0402-CQAJN,0.6538163965957547,65.38163965957547,High Risk
6692-UDPJC,0.5676984523966659,56.769845239666594,Medium Risk
1273-MTETI,0.8285160879126446,82.85160879126447,High Risk
0657-DOGUM,0.03651840170038578,3.6518401700385783,Low Risk
5480-HPRRX,0.4973841912529138,49.73841912529138,Medium Risk
8792-AOROI,0.00649763871266478,0.6497638712664779,Low Risk
0295-PPHDO,0.7990238401053624,79.90238401053624,High Risk
5146-YYFRZ,0.000419210520205841,0.041921052020584104,Low Risk
1195-OIYEJ,0.714416968502913,71.44169685029131,High Risk
5906-CVLHP,0.05392666401920207,5.392666401920207,Low Risk
3452-SRFEG,0.256990910086775,25.6990910086775,Low Risk
4070-OKWVH,0.3069130301176261,30.69130301176261,Medium Risk
5297-MDOIR,0.06407841697038322,6.407841697038322,Low Risk
6369-MCAKO,0.002283537741599722,0.2283537741599722,Low Risk
4926-UMJZD,0.23755252251591233,23.755252251591234,Low Risk
6848-HJTXY,0.0005159736571328574,0.05159736571328574,Low Risk
6341-AEVKX,0.09726776577760086,9.726776577760086,Low Risk
4501-EQDRN,0.5267757617693216,52.67757617693216,Medium Risk
2990-HWIML,0.7659801243729876,76.59801243729876,High Risk
0682-USIXD,0.3646824790533335,36.46824790533335,Medium Risk
6976-BWGLQ,0.0004715495453062846,0.04715495453062846,Low Risk
7078-NVFAM,0.15201313800603047,15.201313800603048,Low Risk
8065-QBYTO,0.07032895200482732,7.032895200482732,Low Risk
2133-TSRRM,0.3360643882666823,33.606438826668224,Medium Risk
7384-GHBPI,0.527718243496478,52.7718243496478,Medium Risk
7603-USHJS,0.5484009555334303,54.840095553343026,Medium Risk
7234-FECYN,0.8162365504841594,81.62365504841594,High Risk
2511-ALLCS,0.0012381976439704728,0.12381976439704728,Low Risk
3191-CSNMG,0.6581313699142998,65.81313699142997,High Risk
7952-OBOYL,0.5790683196976176,57.90683196976176,Medium Risk
7470-DYNOE,0.14452125073460936,14.452125073460936,Low Risk
7853-OETYL,0.23811648201987418,23.811648201987417,Low Risk
1545-ACTAS,0.1367442249204992,13.67442249204992,Low Risk
5876-HZVZM,0.21553142859361069,21.553142859361067,Low Risk
1400-MMYXY,0.8586750624054508,85.86750624054508,High Risk
5126-RCXYW,0.0013970386056505145,0.13970386056505146,Low Risk
3085-QUOZK,0.5867105423882221,58.67105423882221,Medium Risk
2363-BJLSL,0.15082661815568113,15.082661815568112,Low Risk
1956-YIFGE,0.47408576217748344,47.40857621774835,Medium Risk
3926-CUQZX,0.3960114398213565,39.60114398213565,Medium Risk
7921-LMDFQ,0.2516672049721844,25.166720497218442,Low Risk
2925-MXLSX,0.22535467718087235,22.535467718087236,Low Risk
5820-PTRYM,0.05271308004741787,5.271308004741787,Low Risk
9609-BENEA,0.1472436205231106,14.72436205231106,Low Risk
6211-WHMYA,0.14739179176642767,14.739179176642766,Low Risk
4459-BBGHE,0.3208491441613883,32.08491441613883,Medium Risk
9945-PSVIP,0.0029273356410555347,0.29273356410555346,Low Risk
1041-RXHRA,0.3363074848133602,33.63074848133602,Medium Risk
1750-CSKKM,0.519666582324814,51.9666582324814,Medium Risk
9108-EJFJP,0.400178624961783,40.0178624961783,Medium Risk
0530-IJVDB,0.004682333799304078,0.4682333799304078,Low Risk
0508-SQWPL,0.0007091046206698903,0.07091046206698903,Low Risk
2215-ZAFGX,0.5812518576763296,58.125185767632956,Medium Risk
8213-TAZPM,0.1183428894076227,11.83428894076227,Low Risk
7142-HVGBG,0.7406519149708638,74.06519149708637,High Risk
1304-SEGFY,0.01467313174419593,1.4673131744195929,Low Risk
7242-EDTYC,0.0007008432070192852,0.07008432070192852,Low Risk
2904-GGUAZ,0.0029854322501420725,0.29854322501420727,Low Risk
8267-ZNYVZ,0.2583366471265922,25.83366471265922,Low Risk
5136-GFPMB,0.30955450694638326,30.955450694638326,Medium Risk
2595-KIWPV,0.0011149397230673526,0.11149397230673526,Low Risk
5243-SAOTC,0.2532348829184549,25.323488291845493,Low Risk
9398-MMQTO,0.38158803619860326,38.15880361986033,Medium Risk
7619-PLRLP,0.07256218581037148,7.256218581037148,Low Risk
6457-GIRWB,0.6449371717596407,64.49371717596406,High Risk
6508-NJYRO,0.05895740264615596,5.895740264615596,Low Risk
1450-SKCVI,0.43168325769969146,43.168325769969144,Medium Risk
4710-NKCAW,0.14288778570187716,14.288778570187716,Low Risk
5306-BVTKJ,0.082834446781064,8.283444678106399,Low Risk
0357-NVCRI,0.06318659838483294,6.318659838483294,Low Risk
5570-PTWEH,0.6232677094439656,62.32677094439656,High Risk
2371-KFUOG,0.08823219089735991,8.823219089735991,Low Risk
0463-ZSDNT,0.3656499170537836,36.56499170537836,Medium Risk
6502-MJQAE,0.6441258483871105,64.41258483871106,High Risk
6257-DTAYD,0.0052842992480258855,0.5284299248025885,Low Risk
4616-ULAOA,0.006662795646150341,0.6662795646150341,Low Risk
7693-LCKZL,0.6725132639443617,67.25132639443618,High Risk
7746-AWNQW,0.1976697517512981,19.76697517512981,Low Risk
5996-EBTKM,0.0026616837112826163,0.26616837112826164,Low Risk
2758-RNWXS,0.11596363494867098,11.596363494867099,Low Risk
2314-TNDJQ,0.0006193998783819358,0.061939987838193586,Low Risk
2405-LBMUW,0.020504542769892373,2.050454276989237,Low Risk
3454-JFUBC,0.0007672944519345339,0.07672944519345339,Low Risk
0032-PGELS,0.23030501943063844,23.030501943063843,Low Risk
9039-ZVJDC,0.1944564629273049,19.44564629273049,Low Risk
6797-LNAQX,0.011630994944222553,1.1630994944222552,Low Risk
9013-AQORL,0.15041330561363972,15.041330561363973,Low Risk
2898-MRKPI,0.16288242473012524,16.288242473012524,Low Risk
2750-BJLSB,0.14205950451167973,14.205950451167974,Low Risk
3648-GZPHF,0.0757262539973297,7.57262539973297,Low Risk
2075-RMJIK,0.34296809417975066,34.29680941797507,Medium Risk
9588-YRFHY,0.0009046901693841592,0.09046901693841593,Low Risk
6394-MFYNG,0.5853627486977636,58.53627486977636,Medium Risk
1564-NTYXF,0.790276473259658,79.0276473259658,High Risk
9364-YKUVW,0.16658805102742813,16.658805102742814,Low Risk
5392-AKEMH,0.3986958682947362,39.86958682947362,Medium Risk
2451-YMUXS,0.0014727064701538072,0.14727064701538073,Low Risk
3914-FDRHP,0.3432033230427885,34.32033230427885,Medium Risk
3078-ZKNTS,0.0022028968917961384,0.22028968917961383,Low Risk
1024-KPRBB,0.36130171611300027,36.13017161130003,Medium Risk
4690-PKDQG,0.5651494562130951,56.51494562130951,Medium Risk
8155-IBNHG,0.52409648417979,52.40964841797901,Medium Risk
0886-QGENL,0.5969752455669944,59.69752455669944,Medium Risk
9547-ITEFG,0.6091788968024829,60.917889680248294,High Risk
1264-FUHCX,0.07060443894550467,7.060443894550467,Low Risk
7789-CRUVC,0.15786143211100506,15.786143211100507,Low Risk
6598-KELSS,0.0420890016511039,4.20890016511039,Low Risk
8739-WWKDU,0.6872887330160435,68.72887330160435,High Risk
8685-WHQPW,0.6081642089800842,60.81642089800842,High Risk
4745-LSPLO,0.2554448733699347,25.54448733699347,Low Risk
8083-YTZES,0.6437907756767889,64.37907756767889,High Risk
7240-FQLHE,0.5776959052100242,57.76959052100242,Medium Risk
6664-FPDAC,0.3926274518773737,39.262745187737366,Medium Risk
9972-VAFJJ,0.20443846832204404,20.443846832204404,Low Risk
0422-UXFAP,0.37054243045534,37.054243045534,Medium Risk
1904-WAJAA,0.006668825125289873,0.6668825125289873,Low Risk
5130-YPIRV,0.002746896579510063,0.2746896579510063,Low Risk
2843-CQMEG,0.4089969613805647,40.89969613805647,Medium Risk
6439-PKTRR,0.0017081740599769475,0.17081740599769474,Low Risk
5351-QESIO,0.3703796203660247,37.037962036602465,Medium Risk
0786-VSSUD,0.6069615217820057,60.69615217820057,High Risk
5568-DMXZS,0.3731101855834102,37.31101855834102,Medium Risk
8468-FZTOE,0.0017473392999752153,0.17473392999752152,Low Risk
6633-SYEUS,0.22740234915907648,22.74023491590765,Low Risk
6447-GORXK,0.12490382382265869,12.490382382265869,Low Risk
6967-PEJLL,0.036603505513460755,3.6603505513460757,Low Risk
3976-BWUCK,0.45542079552518777,45.54207955251878,Medium Risk
5981-ZVXOT,0.3760347548343799,37.60347548343799,Medium Risk
1684-FLBGS,0.26431363840060645,26.431363840060644,Low Risk
1389-WNUIB,0.14456872833640444,14.456872833640444,Low Risk
0376-OIWME,0.3621474683210542,36.21474683210542,Medium Risk
3585-ISXZP,0.6755700657538989,67.55700657538989,High Risk
0218-QNVAS,0.12216307030163344,12.216307030163344,Low Risk
6583-QGCSI,0.6508262665973215,65.08262665973214,High Risk
0804-YGEQV,0.02853760679255815,2.853760679255815,Low Risk
7164-BPTUT,0.0035524110974559206,0.3552411097455921,Low Risk
4174-LPGTI,0.07828455565204831,7.828455565204831,Low Risk
2523-EWWZL,0.4226090483823303,42.26090483823303,Medium Risk
0928-XUTSN,0.5486750193284128,54.86750193284128,Medium Risk
2108-XWMPY,0.4006957552994994,40.069575529949944,Medium Risk
0052-YNYOT,0.0154112022018889,1.54112022018889,Low Risk
6304-IJFSQ,0.6251450343870791,62.51450343870791,High Risk
9586-JGQKH,0.006923212082868571,0.6923212082868571,Low Risk
4501-VCPFK,0.13155850772928404,13.155850772928405,Low Risk
6075-SLNIL,0.41587117940923896,41.587117940923896,Medium Risk
9347-AERRL,0.029103356357029736,2.9103356357029737,Low Risk
0093-XWZFY,0.6131353440729228,61.31353440729228,High Risk
2274-XUATA,0.00154243121508722,0.15424312150872202,Low Risk
1980-KXVPM,0.6954920402224769,69.5492040222477,High Risk
7703-ZEKEF,0.6069608596900333,60.696085969003335,High Risk
0723-DRCLG,0.7698944172426506,76.98944172426506,High Risk
5482-NUPNA,0.3874580977112648,38.74580977112648,Medium Risk
6691-CCIHA,0.003819744980410314,0.3819744980410314,Low Risk
1685-BQULA,0.4209531625804188,42.09531625804188,Medium Risk
9053-EJUNL,0.4535181776828813,45.35181776828813,Medium Risk
0666-UXTJO,0.42493976340343576,42.49397634034358,Medium Risk
1471-GIQKQ,0.4727332310021177,47.27332310021177,Medium Risk
4807-IZYOZ,0.0007029432249480187,0.07029432249480187,Low Risk
1122-JWTJW,0.6677920573154011,66.77920573154012,High Risk
9710-NJERN,0.0016964350384277619,0.16964350384277618,Low Risk
9837-FWLCH,0.13208668023894732,13.208668023894731,Low Risk
1699-HPSBG,0.27072047482016215,27.072047482016217,Low Risk
7203-OYKCT,0.2366749922612677,23.667499226126772,Low Risk
1035-IPQPU,0.6136100321800443,61.36100321800443,High Risk
7398-LXGYX,0.2269441271382005,22.69441271382005,Low Risk
2823-LKABH,0.3782171333955157,37.82171333955157,Medium Risk
8775-CEBBJ,0.4666065508919353,46.66065508919353,Medium Risk
0550-DCXLH,0.39557213122921164,39.55721312292116,Medium Risk
9281-CEDRU,0.0016101900741871253,0.16101900741871253,Low Risk
2235-DWLJU,0.5477046063954759,54.77046063954759,Medium Risk
0871-OPBXW,0.21280065308994783,21.280065308994782,Low Risk
3605-JISKB,0.05720812850610502,5.7208128506105025,Low Risk
6894-LFHLY,0.7495188898624728,74.95188898624728,High Risk
9767-FFLEM,0.2985767857077238,29.85767857077238,Low Risk
0639-TSIQW,0.303433642428434,30.3433642428434,Medium Risk
8456-QDAVC,0.4007615869110493,40.07615869110493,Medium Risk
7750-EYXWZ,0.19239248664371666,19.239248664371665,Low Risk
2569-WGERO,0.000527382613192127,0.0527382613192127,Low Risk
6840-RESVB,0.16553673884394898,16.553673884394897,Low Risk
2234-XADUH,0.18505750462013348,18.50575046201335,Low Risk
4801-JZAZL,0.2035157577857464,20.35157577857464,Low Risk
8361-LTMKD,0.7735597295830838,77.35597295830839,High Risk
3186-AJIEK,0.002696876931864156,0.2696876931864156,Low Risk
